Format Version,1.23,Take Name,Take 2025-12-17 06.35.01 PM,Take Notes,,Capture Frame Rate,120.000000,Export Frame Rate,120.000000,Capture Start Time,2025-12-17 06.35.01.503 PM,Capture Start Frame,10755390,Total Frames in Take,16256,Total Exported Frames,16256,Rotation Type,ZYX,Length Units,Meters,Coordinate Space,Global

,Type,Marker,Marker,Marker
,Name,Unlabeled 1032,Unlabeled 1032,Unlabeled 1032
,ID,"1A7CDF4D9ECDA9D11F0","1A7CDF4D9ECDA9D11F0","1A7CDF4D9ECDA9D11F0"
,,Position,Position,Position
Frame,Time (Seconds),X,Y,Z
0,0.000000,1.891557,0.155825,-0.959431
1,0.008000,1.891678,0.155812,-0.958772
2,0.017000,1.891574,0.155740,-0.958133
3,0.025000,1.891252,0.155776,-0.957482
4,0.033000,1.890663,0.155689,-0.956945
5,0.042000,1.889934,0.155779,-0.956831
6,0.050000,1.889297,0.155834,-0.957065
7,0.058000,1.888721,0.155892,-0.957564
8,0.067000,1.888254,0.155880,-0.958222
9,0.075000,1.888175,0.155946,-0.958794
10,0.083000,1.888493,0.156058,-0.959552
11,0.092000,1.889094,0.156010,-0.960142
12,0.100000,1.889736,0.155841,-0.960480
13,0.108000,1.890461,0.155804,-0.960424
14,0.117000,1.891106,0.155817,-0.960044
15,0.125000,1.891566,0.155832,-0.959445
16,0.133000,1.891700,0.155791,-0.958732
17,0.142000,1.891581,0.155749,-0.958169
18,0.150000,1.891275,0.155775,-0.957493
19,0.158000,1.890693,0.155688,-0.956945
20,0.167000,1.889984,0.155768,-0.956805
21,0.175000,1.889328,0.155834,-0.957020
22,0.183000,1.888734,0.155889,-0.957543
23,0.192000,1.888287,0.155862,-0.958176
24,0.200000,1.888164,0.155928,-0.958727
25,0.208000,1.888471,0.156063,-0.959527
26,0.217000,1.889083,0.156004,-0.960081
27,0.225000,1.889699,0.155856,-0.960480
28,0.233000,1.890437,0.155793,-0.960461
29,0.242000,1.891088,0.155838,-0.960058
30,0.250000,1.891529,0.155836,-0.959456
31,0.258000,1.891682,0.155801,-0.958803
32,0.267000,1.891577,0.155757,-0.958195
33,0.275000,1.891269,0.155764,-0.957572
34,0.283000,1.890707,0.155685,-0.957005
35,0.292000,1.889967,0.155740,-0.956842
36,0.300000,1.889340,0.155823,-0.957058
37,0.308000,1.888757,0.155897,-0.957545
38,0.317000,1.888271,0.155876,-0.958180
39,0.325000,1.888146,0.155919,-0.958780
40,0.333000,1.888452,0.156029,-0.959475
41,0.342000,1.889047,0.156010,-0.960084
42,0.350000,1.889675,0.155847,-0.960509
43,0.358000,1.890400,0.155777,-0.960479
44,0.367000,1.891050,0.155834,-0.960111
45,0.375000,1.891530,0.155860,-0.959509
46,0.383000,1.891695,0.155815,-0.958841
47,0.392000,1.891573,0.155747,-0.958230
48,0.400000,1.891289,0.155777,-0.957614
49,0.408000,1.890721,0.155678,-0.956995
50,0.417000,1.890024,0.155758,-0.956830
51,0.425000,1.889362,0.155843,-0.957027
52,0.433000,1.888774,0.155891,-0.957545
53,0.442000,1.888307,0.155899,-0.958148
54,0.450000,1.888180,0.155948,-0.958694
55,0.458000,1.888448,0.156058,-0.959450
56,0.467000,1.889039,0.156039,-0.960076
57,0.475000,1.889660,0.155901,-0.960466
58,0.483000,1.890386,0.155817,-0.960484
59,0.492000,1.891036,0.155866,-0.960108
60,0.500000,1.891520,0.155854,-0.959525
61,0.508000,1.891699,0.155839,-0.958881
62,0.517000,1.891614,0.155768,-0.958186
63,0.525000,1.891333,0.155817,-0.957613
64,0.533000,1.890760,0.155722,-0.957024
65,0.542000,1.890033,0.155735,-0.956812
66,0.550000,1.889390,0.155854,-0.957014
67,0.558000,1.888791,0.155899,-0.957504
68,0.567000,1.888298,0.155870,-0.958133
69,0.575000,1.888161,0.155943,-0.958729
70,0.583000,1.888434,0.156046,-0.959411
71,0.592000,1.889019,0.156048,-0.960056
72,0.600000,1.889635,0.155884,-0.960478
73,0.608000,1.890356,0.155779,-0.960466
74,0.617000,1.891018,0.155848,-0.960127
75,0.625000,1.891521,0.155849,-0.959535
76,0.633000,1.891698,0.155809,-0.958871
77,0.642000,1.891589,0.155724,-0.958275
78,0.650000,1.891345,0.155770,-0.957597
79,0.658000,1.890769,0.155665,-0.957036
80,0.667000,1.890062,0.155734,-0.956831
81,0.675000,1.889396,0.155830,-0.957019
82,0.683000,1.888832,0.155917,-0.957493
83,0.692000,1.888317,0.155896,-0.958121
84,0.700000,1.888174,0.155941,-0.958680
85,0.708000,1.888436,0.156070,-0.959422
86,0.717000,1.888997,0.156075,-0.960030
87,0.725000,1.889622,0.155899,-0.960470
88,0.733000,1.890339,0.155807,-0.960485
89,0.742000,1.891002,0.155842,-0.960133
90,0.750000,1.891494,0.155843,-0.959552
91,0.758000,1.891696,0.155842,-0.958920
92,0.767000,1.891615,0.155752,-0.958253
93,0.775000,1.891353,0.155786,-0.957665
94,0.783000,1.890781,0.155669,-0.957055
95,0.792000,1.890076,0.155722,-0.956819
96,0.800000,1.889421,0.155841,-0.956997
97,0.808000,1.888826,0.155903,-0.957477
98,0.817000,1.888332,0.155865,-0.958082
99,0.825000,1.888163,0.155925,-0.958710
100,0.833000,1.888387,0.156026,-0.959395
101,0.842000,1.888982,0.156040,-0.960002
102,0.850000,1.889594,0.155851,-0.960463
103,0.858000,1.890311,0.155772,-0.960483
104,0.867000,1.890970,0.155821,-0.960131
105,0.875000,1.891497,0.155842,-0.959538
106,0.883000,1.891678,0.155807,-0.958932
107,0.892000,1.891590,0.155708,-0.958300
108,0.900000,1.891358,0.155763,-0.957633
109,0.908000,1.890784,0.155674,-0.957051
110,0.917000,1.890077,0.155737,-0.956807
111,0.925000,1.889415,0.155825,-0.956997
112,0.933000,1.888823,0.155911,-0.957467
113,0.942000,1.888317,0.155870,-0.958107
114,0.950000,1.888161,0.155913,-0.958693
115,0.958000,1.888386,0.156019,-0.959370
116,0.967000,1.888963,0.156038,-0.960022
117,0.975000,1.889570,0.155882,-0.960469
118,0.983000,1.890305,0.155805,-0.960511
119,0.992000,1.890967,0.155844,-0.960183
120,1.000000,1.891461,0.155827,-0.959582
121,1.008000,1.891667,0.155803,-0.958937
122,1.017000,1.891601,0.155748,-0.958307
123,1.025000,1.891352,0.155770,-0.957700
124,1.033000,1.890784,0.155687,-0.957070
125,1.042000,1.890097,0.155703,-0.956830
126,1.050000,1.889418,0.155824,-0.957000
127,1.058000,1.888805,0.155887,-0.957477
128,1.067000,1.888311,0.155856,-0.958083
129,1.075000,1.888149,0.155909,-0.958651
130,1.083000,1.888374,0.156033,-0.959381
131,1.092000,1.888944,0.156042,-0.959999
132,1.100000,1.889577,0.155893,-0.960466
133,1.108000,1.890286,0.155802,-0.960509
134,1.117000,1.890972,0.155858,-0.960175
135,1.125000,1.891487,0.155879,-0.959579
136,1.133000,1.891680,0.155873,-0.958961
137,1.142000,1.891615,0.155746,-0.958295
138,1.150000,1.891382,0.155797,-0.957674
139,1.158000,1.890820,0.155718,-0.957073
140,1.167000,1.890104,0.155745,-0.956846
141,1.175000,1.889447,0.155851,-0.956985
142,1.183000,1.888868,0.155936,-0.957453
143,1.192000,1.888334,0.155888,-0.958075
144,1.200000,1.888136,0.155925,-0.958683
145,1.208000,1.888375,0.156057,-0.959351
146,1.217000,1.888939,0.156059,-0.959988
147,1.225000,1.889553,0.155903,-0.960457
148,1.233000,1.890275,0.155828,-0.960511
149,1.242000,1.890929,0.155809,-0.960182
150,1.250000,1.891456,0.155861,-0.959584
151,1.258000,1.891683,0.155830,-0.958920
152,1.267000,1.891613,0.155730,-0.958285
153,1.275000,1.891351,0.155757,-0.957698
154,1.283000,1.890801,0.155653,-0.957048
155,1.292000,1.890122,0.155701,-0.956829
156,1.300000,1.889444,0.155827,-0.956965
157,1.308000,1.888851,0.155891,-0.957411
158,1.317000,1.888340,0.155827,-0.958008
159,1.325000,1.888156,0.155898,-0.958625
160,1.333000,1.888355,0.155993,-0.959311
161,1.342000,1.888918,0.156013,-0.959967
162,1.350000,1.889545,0.155863,-0.960408
163,1.358000,1.890260,0.155771,-0.960480
164,1.367000,1.890934,0.155812,-0.960159
165,1.375000,1.891433,0.155822,-0.959587
166,1.383000,1.891673,0.155770,-0.958933
167,1.392000,1.891610,0.155703,-0.958281
168,1.400000,1.891374,0.155755,-0.957698
169,1.408000,1.890828,0.155672,-0.957033
170,1.417000,1.890126,0.155699,-0.956829
171,1.425000,1.889472,0.155800,-0.956944
172,1.433000,1.888882,0.155876,-0.957415
173,1.442000,1.888356,0.155861,-0.957996
174,1.450000,1.888143,0.155880,-0.958634
175,1.458000,1.888367,0.155998,-0.959305
176,1.467000,1.888913,0.156020,-0.959939
177,1.475000,1.889530,0.155893,-0.960417
178,1.483000,1.890239,0.155782,-0.960483
179,1.492000,1.890923,0.155810,-0.960186
180,1.500000,1.891445,0.155838,-0.959598
181,1.508000,1.891695,0.155804,-0.958942
182,1.517000,1.891627,0.155713,-0.958306
183,1.525000,1.891392,0.155749,-0.957710
184,1.533000,1.890844,0.155651,-0.957042
185,1.542000,1.890147,0.155669,-0.956809
186,1.550000,1.889475,0.155805,-0.956937
187,1.558000,1.888881,0.155852,-0.957377
188,1.567000,1.888363,0.155850,-0.957983
189,1.575000,1.888154,0.155891,-0.958574
190,1.583000,1.888366,0.156017,-0.959293
191,1.592000,1.888916,0.156066,-0.959947
192,1.600000,1.889528,0.155905,-0.960421
193,1.608000,1.890225,0.155814,-0.960519
194,1.617000,1.890907,0.155837,-0.960191
195,1.625000,1.891430,0.155849,-0.959634
196,1.633000,1.891694,0.155817,-0.959003
197,1.642000,1.891626,0.155740,-0.958316
198,1.650000,1.891407,0.155798,-0.957772
199,1.658000,1.890874,0.155704,-0.957090
200,1.667000,1.890215,0.155746,-0.956848
201,1.675000,1.889518,0.155843,-0.956930
202,1.683000,1.888947,0.155918,-0.957356
203,1.692000,1.888399,0.155884,-0.957964
204,1.700000,1.888144,0.155903,-0.958610
205,1.708000,1.888350,0.156030,-0.959236
206,1.717000,1.888891,0.156097,-0.959913
207,1.725000,1.889494,0.155941,-0.960433
208,1.733000,1.890230,0.155829,-0.960510
209,1.742000,1.890900,0.155857,-0.960209
210,1.750000,1.891425,0.155860,-0.959617
211,1.758000,1.891692,0.155872,-0.959006
212,1.767000,1.891642,0.155741,-0.958354
213,1.775000,1.891434,0.155812,-0.957777
214,1.783000,1.890909,0.155722,-0.957097
215,1.792000,1.890226,0.155721,-0.956841
216,1.800000,1.889544,0.155859,-0.956931
217,1.808000,1.888942,0.155903,-0.957339
218,1.817000,1.888404,0.155891,-0.957962
219,1.825000,1.888157,0.155917,-0.958572
220,1.833000,1.888338,0.156058,-0.959218
221,1.842000,1.888866,0.156088,-0.959904
222,1.850000,1.889481,0.155919,-0.960402
223,1.858000,1.890188,0.155801,-0.960511
224,1.867000,1.890873,0.155824,-0.960222
225,1.875000,1.891429,0.155875,-0.959655
226,1.883000,1.891685,0.155833,-0.959027
227,1.892000,1.891641,0.155753,-0.958378
228,1.900000,1.891418,0.155766,-0.957807
229,1.908000,1.890896,0.155690,-0.957130
230,1.917000,1.890240,0.155687,-0.956818
231,1.925000,1.889531,0.155808,-0.956936
232,1.933000,1.888947,0.155862,-0.957332
233,1.942000,1.888427,0.155885,-0.957926
234,1.950000,1.888134,0.155882,-0.958573
235,1.958000,1.888303,0.155990,-0.959198
236,1.967000,1.888836,0.156055,-0.959880
237,1.975000,1.889424,0.155903,-0.960387
238,1.983000,1.890147,0.155786,-0.960506
239,1.992000,1.890831,0.155825,-0.960239
240,2.000000,1.891375,0.155851,-0.959674
241,2.008000,1.891642,0.155801,-0.959043
242,2.017000,1.891617,0.155732,-0.958390
243,2.025000,1.891421,0.155757,-0.957789
244,2.033000,1.890913,0.155678,-0.957103
245,2.042000,1.890229,0.155699,-0.956837
246,2.050000,1.889543,0.155802,-0.956914
247,2.058000,1.888953,0.155888,-0.957327
248,2.067000,1.888412,0.155881,-0.957911
249,2.075000,1.888142,0.155892,-0.958535
250,2.083000,1.888291,0.156000,-0.959194
251,2.092000,1.888824,0.156069,-0.959853
252,2.100000,1.889423,0.155899,-0.960370
253,2.108000,1.890140,0.155796,-0.960496
254,2.117000,1.890824,0.155797,-0.960250
255,2.125000,1.891400,0.155830,-0.959678
256,2.133000,1.891677,0.155803,-0.959028
257,2.142000,1.891654,0.155716,-0.958359
258,2.150000,1.891446,0.155739,-0.957835
259,2.158000,1.890935,0.155685,-0.957134
260,2.167000,1.890262,0.155684,-0.956837
261,2.175000,1.889579,0.155809,-0.956906
262,2.183000,1.888981,0.155866,-0.957291
263,2.192000,1.888438,0.155860,-0.957879
264,2.200000,1.888182,0.155905,-0.958503
265,2.208000,1.888315,0.155986,-0.959172
266,2.217000,1.888818,0.156040,-0.959844
267,2.225000,1.889429,0.155874,-0.960367
268,2.233000,1.890132,0.155776,-0.960502
269,2.242000,1.890817,0.155793,-0.960244
270,2.250000,1.891404,0.155835,-0.959676
271,2.258000,1.891649,0.155815,-0.959056
272,2.267000,1.891643,0.155731,-0.958395
273,2.275000,1.891454,0.155750,-0.957820
274,2.283000,1.890950,0.155704,-0.957120
275,2.292000,1.890291,0.155678,-0.956826
276,2.300000,1.889601,0.155794,-0.956863
277,2.308000,1.888971,0.155841,-0.957317
278,2.317000,1.888452,0.155849,-0.957867
279,2.325000,1.888170,0.155887,-0.958515
280,2.333000,1.888283,0.155956,-0.959148
281,2.342000,1.888813,0.156044,-0.959828
282,2.350000,1.889397,0.155905,-0.960364
283,2.358000,1.890102,0.155784,-0.960510
284,2.367000,1.890799,0.155807,-0.960258
285,2.375000,1.891375,0.155844,-0.959690
286,2.383000,1.891654,0.155786,-0.959059
287,2.392000,1.891656,0.155732,-0.958393
288,2.400000,1.891444,0.155736,-0.957817
289,2.408000,1.890965,0.155710,-0.957138
290,2.417000,1.890304,0.155674,-0.956837
291,2.425000,1.889590,0.155808,-0.956884
292,2.433000,1.888992,0.155880,-0.957271
293,2.442000,1.888435,0.155839,-0.957851
294,2.450000,1.888166,0.155867,-0.958448
295,2.458000,1.888269,0.155962,-0.959114
296,2.467000,1.888776,0.156070,-0.959811
297,2.475000,1.889392,0.155940,-0.960350
298,2.483000,1.890077,0.155802,-0.960504
299,2.492000,1.890764,0.155804,-0.960274
300,2.500000,1.891332,0.155841,-0.959731
301,2.508000,1.891666,0.155823,-0.959102
302,2.517000,1.891661,0.155754,-0.958395
303,2.525000,1.891447,0.155778,-0.957875
304,2.533000,1.890980,0.155710,-0.957165
305,2.542000,1.890304,0.155614,-0.956801
306,2.550000,1.889596,0.155740,-0.956861
307,2.558000,1.889007,0.155823,-0.957230
308,2.567000,1.888454,0.155825,-0.957827
309,2.575000,1.888144,0.155835,-0.958459
310,2.583000,1.888260,0.155958,-0.959076
311,2.592000,1.888760,0.156036,-0.959806
312,2.600000,1.889352,0.155915,-0.960350
313,2.608000,1.890056,0.155790,-0.960512
314,2.617000,1.890754,0.155779,-0.960296
315,2.625000,1.891354,0.155830,-0.959734
316,2.633000,1.891645,0.155797,-0.959101
317,2.642000,1.891664,0.155740,-0.958456
318,2.650000,1.891466,0.155724,-0.957856
319,2.658000,1.890998,0.155686,-0.957155
320,2.667000,1.890334,0.155656,-0.956828
321,2.675000,1.889624,0.155767,-0.956846
322,2.683000,1.889049,0.155837,-0.957233
323,2.692000,1.888463,0.155832,-0.957813
324,2.700000,1.888168,0.155855,-0.958437
325,2.708000,1.888282,0.155964,-0.959084
326,2.717000,1.888765,0.156030,-0.959784
327,2.725000,1.889370,0.155887,-0.960301
328,2.733000,1.890046,0.155771,-0.960506
329,2.742000,1.890761,0.155798,-0.960279
330,2.750000,1.891339,0.155814,-0.959752
331,2.758000,1.891654,0.155817,-0.959125
332,2.767000,1.891652,0.155682,-0.958443
333,2.775000,1.891444,0.155694,-0.957892
334,2.783000,1.890995,0.155655,-0.957168
335,2.792000,1.890334,0.155630,-0.956829
336,2.800000,1.889613,0.155751,-0.956879
337,2.808000,1.889051,0.155836,-0.957244
338,2.817000,1.888478,0.155798,-0.957831
339,2.825000,1.888150,0.155819,-0.958450
340,2.833000,1.888244,0.155895,-0.959050
341,2.842000,1.888706,0.155960,-0.959796
342,2.850000,1.889312,0.155844,-0.960347
343,2.858000,1.890027,0.155722,-0.960510
344,2.867000,1.890735,0.155749,-0.960288
345,2.875000,1.891319,0.155773,-0.959736
346,2.883000,1.891630,0.155764,-0.959129
347,2.892000,1.891672,0.155711,-0.958416
348,2.900000,1.891454,0.155704,-0.957881
349,2.908000,1.891014,0.155695,-0.957182
350,2.917000,1.890349,0.155640,-0.956817
351,2.925000,1.889668,0.155789,-0.956858
352,2.933000,1.889059,0.155837,-0.957193
353,2.942000,1.888487,0.155876,-0.957775
354,2.950000,1.888175,0.155864,-0.958416
355,2.958000,1.888259,0.155960,-0.959016
356,2.967000,1.888718,0.156038,-0.959773
357,2.975000,1.889322,0.155930,-0.960320
358,2.983000,1.890026,0.155803,-0.960493
359,2.992000,1.890737,0.155811,-0.960288
360,3.000000,1.891309,0.155832,-0.959757
361,3.008000,1.891642,0.155821,-0.959119
362,3.017000,1.891665,0.155753,-0.958459
363,3.025000,1.891474,0.155752,-0.957905
364,3.033000,1.891026,0.155701,-0.957191
365,3.042000,1.890396,0.155671,-0.956819
366,3.050000,1.889655,0.155771,-0.956848
367,3.058000,1.889080,0.155870,-0.957204
368,3.067000,1.888505,0.155890,-0.957783
369,3.075000,1.888178,0.155904,-0.958394
370,3.083000,1.888242,0.155980,-0.959019
371,3.092000,1.888682,0.156076,-0.959782
372,3.100000,1.889294,0.155919,-0.960305
373,3.108000,1.889984,0.155790,-0.960507
374,3.117000,1.890688,0.155790,-0.960326
375,3.125000,1.891306,0.155843,-0.959788
376,3.133000,1.891626,0.155831,-0.959185
377,3.142000,1.891661,0.155766,-0.958512
378,3.150000,1.891469,0.155738,-0.957926
379,3.158000,1.891032,0.155711,-0.957192
380,3.167000,1.890403,0.155649,-0.956829
381,3.175000,1.889692,0.155785,-0.956855
382,3.183000,1.889068,0.155855,-0.957195
383,3.192000,1.888509,0.155852,-0.957748
384,3.200000,1.888166,0.155865,-0.958409
385,3.208000,1.888212,0.155963,-0.959016
386,3.217000,1.888678,0.156055,-0.959744
387,3.225000,1.889272,0.155906,-0.960284
388,3.233000,1.889956,0.155775,-0.960507
389,3.242000,1.890666,0.155765,-0.960341
390,3.250000,1.891279,0.155823,-0.959819
391,3.258000,1.891631,0.155803,-0.959190
392,3.267000,1.891660,0.155745,-0.958500
393,3.275000,1.891464,0.155733,-0.957950
394,3.283000,1.891042,0.155705,-0.957213
395,3.292000,1.890404,0.155654,-0.956851
396,3.300000,1.889713,0.155784,-0.956847
397,3.308000,1.889100,0.155877,-0.957196
398,3.317000,1.888503,0.155879,-0.957766
399,3.325000,1.888169,0.155872,-0.958417
400,3.333000,1.888212,0.155962,-0.958991
401,3.342000,1.888648,0.156060,-0.959743
402,3.350000,1.889273,0.155932,-0.960308
403,3.358000,1.889946,0.155817,-0.960513
404,3.367000,1.890674,0.155802,-0.960338
405,3.375000,1.891280,0.155844,-0.959793
406,3.383000,1.891616,0.155822,-0.959189
407,3.392000,1.891640,0.155742,-0.958549
408,3.400000,1.891466,0.155722,-0.957958
409,3.408000,1.891048,0.155719,-0.957252
410,3.417000,1.890401,0.155639,-0.956869
411,3.425000,1.889709,0.155754,-0.956847
412,3.433000,1.889084,0.155838,-0.957196
413,3.442000,1.888516,0.155847,-0.957750
414,3.450000,1.888166,0.155876,-0.958397
415,3.458000,1.888209,0.155957,-0.959007
416,3.467000,1.888669,0.156057,-0.959737
417,3.475000,1.889257,0.155916,-0.960284
418,3.483000,1.889949,0.155806,-0.960520
419,3.492000,1.890668,0.155791,-0.960333
420,3.500000,1.891262,0.155836,-0.959820
421,3.508000,1.891615,0.155821,-0.959199
422,3.517000,1.891670,0.155765,-0.958534
423,3.525000,1.891477,0.155739,-0.957953
424,3.533000,1.891070,0.155727,-0.957248
425,3.542000,1.890429,0.155664,-0.956857
426,3.550000,1.889721,0.155764,-0.956825
427,3.558000,1.889117,0.155842,-0.957174
428,3.567000,1.888535,0.155858,-0.957733
429,3.575000,1.888185,0.155864,-0.958364
430,3.583000,1.888223,0.155964,-0.958986
431,3.592000,1.888664,0.156053,-0.959739
432,3.600000,1.889251,0.155923,-0.960294
433,3.608000,1.889929,0.155784,-0.960508
434,3.617000,1.890645,0.155757,-0.960346
435,3.625000,1.891261,0.155829,-0.959839
436,3.633000,1.891637,0.155830,-0.959224
437,3.642000,1.891697,0.155739,-0.958546
438,3.650000,1.891504,0.155724,-0.957964
439,3.658000,1.891088,0.155712,-0.957255
440,3.667000,1.890448,0.155619,-0.956867
441,3.675000,1.889724,0.155752,-0.956841
442,3.683000,1.889130,0.155829,-0.957174
443,3.692000,1.888557,0.155837,-0.957729
444,3.700000,1.888190,0.155858,-0.958382
445,3.708000,1.888222,0.155942,-0.958956
446,3.717000,1.888668,0.156044,-0.959706
447,3.725000,1.889255,0.155921,-0.960278
448,3.733000,1.889934,0.155795,-0.960513
449,3.742000,1.890652,0.155782,-0.960351
450,3.750000,1.891268,0.155837,-0.959834
451,3.758000,1.891624,0.155834,-0.959223
452,3.767000,1.891682,0.155748,-0.958561
453,3.775000,1.891502,0.155730,-0.957977
454,3.783000,1.891081,0.155720,-0.957264
455,3.792000,1.890455,0.155644,-0.956863
456,3.800000,1.889758,0.155790,-0.956819
457,3.808000,1.889148,0.155829,-0.957170
458,3.817000,1.888564,0.155853,-0.957729
459,3.825000,1.888199,0.155890,-0.958357
460,3.833000,1.888207,0.155936,-0.958934
461,3.842000,1.888634,0.156062,-0.959714
462,3.850000,1.889253,0.155947,-0.960248
463,3.858000,1.889912,0.155791,-0.960504
464,3.867000,1.890639,0.155784,-0.960353
465,3.875000,1.891254,0.155830,-0.959854
466,3.883000,1.891594,0.155810,-0.959246
467,3.892000,1.891680,0.155731,-0.958560
468,3.900000,1.891502,0.155715,-0.957956
469,3.908000,1.891096,0.155711,-0.957238
470,3.917000,1.890470,0.155642,-0.956862
471,3.925000,1.889748,0.155766,-0.956830
472,3.933000,1.889147,0.155831,-0.957124
473,3.942000,1.888559,0.155858,-0.957701
474,3.950000,1.888210,0.155873,-0.958335
475,3.958000,1.888216,0.155938,-0.958931
476,3.967000,1.888631,0.156077,-0.959729
477,3.975000,1.889230,0.155949,-0.960257
478,3.983000,1.889895,0.155807,-0.960509
479,3.992000,1.890609,0.155789,-0.960366
480,4.000000,1.891234,0.155843,-0.959858
481,4.008000,1.891605,0.155854,-0.959272
482,4.017000,1.891662,0.155745,-0.958595
483,4.025000,1.891497,0.155721,-0.957976
484,4.033000,1.891111,0.155717,-0.957277
485,4.042000,1.890494,0.155643,-0.956873
486,4.050000,1.889771,0.155752,-0.956817
487,4.058000,1.889147,0.155819,-0.957147
488,4.067000,1.888579,0.155844,-0.957694
489,4.075000,1.888186,0.155858,-0.958299
490,4.083000,1.888183,0.155920,-0.958915
491,4.092000,1.888610,0.156054,-0.959672
492,4.100000,1.889193,0.155965,-0.960242
493,4.108000,1.889867,0.155797,-0.960497
494,4.117000,1.890579,0.155755,-0.960384
495,4.125000,1.891215,0.155832,-0.959895
496,4.133000,1.891598,0.155813,-0.959278
497,4.142000,1.891688,0.155762,-0.958599
498,4.150000,1.891507,0.155741,-0.958021
499,4.158000,1.891113,0.155723,-0.957339
500,4.167000,1.890500,0.155652,-0.956885
501,4.175000,1.889791,0.155775,-0.956809
502,4.183000,1.889179,0.155836,-0.957122
503,4.192000,1.888574,0.155888,-0.957681
504,4.200000,1.888206,0.155886,-0.958283
505,4.208000,1.888181,0.155944,-0.958873
506,4.217000,1.888572,0.156041,-0.959686
507,4.225000,1.889193,0.155964,-0.960208
508,4.233000,1.889848,0.155796,-0.960495
509,4.242000,1.890550,0.155773,-0.960403
510,4.250000,1.891204,0.155848,-0.959906
511,4.258000,1.891577,0.155798,-0.959321
512,4.267000,1.891660,0.155746,-0.958637
513,4.275000,1.891519,0.155718,-0.958034
514,4.283000,1.891155,0.155731,-0.957340
515,4.292000,1.890536,0.155633,-0.956885
516,4.300000,1.889813,0.155775,-0.956836
517,4.308000,1.889191,0.155826,-0.957099
518,4.317000,1.888607,0.155879,-0.957637
519,4.325000,1.888210,0.155848,-0.958279
520,4.333000,1.888172,0.155944,-0.958887
521,4.342000,1.888564,0.156061,-0.959629
522,4.350000,1.889174,0.155954,-0.960187
523,4.358000,1.889831,0.155821,-0.960501
524,4.367000,1.890535,0.155776,-0.960389
525,4.375000,1.891168,0.155819,-0.959941
526,4.383000,1.891586,0.155830,-0.959349
527,4.392000,1.891678,0.155763,-0.958663
528,4.400000,1.891513,0.155728,-0.958091
529,4.408000,1.891175,0.155759,-0.957390
530,4.417000,1.890574,0.155648,-0.956912
531,4.425000,1.889850,0.155753,-0.956826
532,4.433000,1.889221,0.155838,-0.957075
533,4.442000,1.888634,0.155857,-0.957613
534,4.450000,1.888214,0.155867,-0.958282
535,4.458000,1.888183,0.155939,-0.958836
536,4.467000,1.888547,0.156045,-0.959619
537,4.475000,1.889154,0.155962,-0.960183
538,4.483000,1.889796,0.155829,-0.960501
539,4.492000,1.890519,0.155799,-0.960407
540,4.500000,1.891161,0.155828,-0.959942
541,4.508000,1.891573,0.155805,-0.959322
542,4.517000,1.891679,0.155779,-0.958656
543,4.525000,1.891519,0.155711,-0.958060
544,4.533000,1.891171,0.155731,-0.957388
545,4.542000,1.890566,0.155643,-0.956920
546,4.550000,1.889850,0.155755,-0.956829
547,4.558000,1.889219,0.155848,-0.957080
548,4.567000,1.888614,0.155859,-0.957606
549,4.575000,1.888197,0.155862,-0.958253
550,4.583000,1.888159,0.155946,-0.958860
551,4.592000,1.888524,0.156063,-0.959598
552,4.600000,1.889132,0.155982,-0.960166
553,4.608000,1.889776,0.155838,-0.960499
554,4.617000,1.890482,0.155764,-0.960397
555,4.625000,1.891148,0.155828,-0.959947
556,4.633000,1.891551,0.155835,-0.959341
557,4.642000,1.891653,0.155798,-0.958680
558,4.650000,1.891519,0.155726,-0.958080
559,4.658000,1.891169,0.155748,-0.957407
560,4.667000,1.890593,0.155657,-0.956932
561,4.675000,1.889897,0.155736,-0.956803
562,4.683000,1.889264,0.155845,-0.957117
563,4.692000,1.888682,0.155872,-0.957624
564,4.700000,1.888239,0.155857,-0.958270
565,4.708000,1.888187,0.155926,-0.958848
566,4.717000,1.888553,0.156042,-0.959612
567,4.725000,1.889156,0.155992,-0.960191
568,4.733000,1.889781,0.155829,-0.960504
569,4.742000,1.890507,0.155764,-0.960418
570,4.750000,1.891166,0.155826,-0.959988
571,4.758000,1.891572,0.155828,-0.959374
572,4.767000,1.891697,0.155775,-0.958694
573,4.775000,1.891543,0.155709,-0.958111
574,4.783000,1.891216,0.155754,-0.957428
575,4.792000,1.890636,0.155674,-0.956936
576,4.800000,1.889907,0.155776,-0.956814
577,4.808000,1.889272,0.155857,-0.957089
578,4.817000,1.888672,0.155897,-0.957605
579,4.825000,1.888232,0.155887,-0.958234
580,4.833000,1.888175,0.155949,-0.958818
581,4.842000,1.888549,0.156073,-0.959591
582,4.850000,1.889136,0.155960,-0.960145
583,4.858000,1.889778,0.155837,-0.960483
584,4.867000,1.890506,0.155782,-0.960410
585,4.875000,1.891147,0.155822,-0.959977
586,4.883000,1.891570,0.155796,-0.959371
587,4.892000,1.891721,0.155787,-0.958692
588,4.900000,1.891569,0.155728,-0.958078
589,4.908000,1.891241,0.155787,-0.957399
590,4.917000,1.890655,0.155677,-0.956940
591,4.925000,1.889922,0.155758,-0.956804
592,4.933000,1.889295,0.155855,-0.957092
593,4.942000,1.888719,0.155881,-0.957597
594,4.950000,1.888271,0.155873,-0.958244
595,4.958000,1.888200,0.155943,-0.958850
596,4.967000,1.888581,0.156055,-0.959605
597,4.975000,1.889148,0.155975,-0.960166
598,4.983000,1.889782,0.155826,-0.960493
599,4.992000,1.890514,0.155770,-0.960426
600,5.000000,1.891156,0.155835,-0.959984
601,5.008000,1.891581,0.155820,-0.959385
602,5.017000,1.891715,0.155777,-0.958703
603,5.025000,1.891549,0.155704,-0.958119
604,5.033000,1.891228,0.155754,-0.957421
605,5.042000,1.890632,0.155644,-0.956896
606,5.050000,1.889891,0.155723,-0.956812
607,5.058000,1.889283,0.155813,-0.957069
608,5.067000,1.888677,0.155846,-0.957585
609,5.075000,1.888249,0.155849,-0.958217
610,5.083000,1.888160,0.155913,-0.958783
611,5.092000,1.888516,0.156039,-0.959596
612,5.100000,1.889131,0.155964,-0.960136
613,5.108000,1.889772,0.155831,-0.960470
614,5.117000,1.890483,0.155765,-0.960436
615,5.125000,1.891142,0.155830,-0.959985
616,5.133000,1.891569,0.155827,-0.959405
617,5.142000,1.891684,0.155771,-0.958710
618,5.150000,1.891559,0.155711,-0.958066
619,5.158000,1.891245,0.155736,-0.957420
620,5.167000,1.890642,0.155635,-0.956933
621,5.175000,1.889918,0.155744,-0.956796
622,5.183000,1.889301,0.155821,-0.957061
623,5.192000,1.888724,0.155886,-0.957552
624,5.200000,1.888269,0.155872,-0.958208
625,5.208000,1.888197,0.155933,-0.958817
626,5.217000,1.888543,0.156059,-0.959541
627,5.225000,1.889117,0.155975,-0.960154
628,5.233000,1.889764,0.155815,-0.960497
629,5.242000,1.890492,0.155779,-0.960420
630,5.250000,1.891142,0.155846,-0.960002
631,5.258000,1.891571,0.155813,-0.959385
632,5.267000,1.891707,0.155783,-0.958712
633,5.275000,1.891563,0.155741,-0.958121
634,5.283000,1.891247,0.155757,-0.957452
635,5.292000,1.890635,0.155663,-0.956931
636,5.300000,1.889926,0.155755,-0.956788
637,5.308000,1.889290,0.155805,-0.957054
638,5.317000,1.888700,0.155899,-0.957584
639,5.325000,1.888256,0.155838,-0.958187
640,5.333000,1.888182,0.155927,-0.958769
641,5.342000,1.888499,0.156025,-0.959540
642,5.350000,1.889123,0.155972,-0.960118
643,5.358000,1.889765,0.155834,-0.960459
644,5.367000,1.890478,0.155778,-0.960425
645,5.375000,1.891127,0.155818,-0.960011
646,5.383000,1.891567,0.155798,-0.959389
647,5.392000,1.891679,0.155732,-0.958712
648,5.400000,1.891564,0.155690,-0.958088
649,5.408000,1.891262,0.155745,-0.957444
650,5.417000,1.890656,0.155638,-0.956931
651,5.425000,1.889928,0.155731,-0.956799
652,5.433000,1.889319,0.155824,-0.957048
653,5.442000,1.888707,0.155863,-0.957565
654,5.450000,1.888251,0.155843,-0.958193
655,5.458000,1.888188,0.155942,-0.958786
656,5.467000,1.888495,0.156015,-0.959557
657,5.475000,1.889106,0.155960,-0.960116
658,5.483000,1.889744,0.155832,-0.960482
659,5.492000,1.890451,0.155774,-0.960417
660,5.500000,1.891102,0.155810,-0.960027
661,5.508000,1.891554,0.155816,-0.959429
662,5.517000,1.891683,0.155741,-0.958763
663,5.525000,1.891546,0.155712,-0.958168
664,5.533000,1.891264,0.155749,-0.957486
665,5.542000,1.890653,0.155620,-0.956935
666,5.550000,1.889952,0.155735,-0.956808
667,5.558000,1.889304,0.155817,-0.957050
668,5.567000,1.888700,0.155842,-0.957551
669,5.575000,1.888245,0.155851,-0.958205
670,5.583000,1.888162,0.155933,-0.958749
671,5.592000,1.888481,0.156039,-0.959540
672,5.600000,1.889074,0.155954,-0.960104
673,5.608000,1.889716,0.155826,-0.960457
674,5.617000,1.890426,0.155764,-0.960439
675,5.625000,1.891088,0.155810,-0.960032
676,5.633000,1.891541,0.155820,-0.959400
677,5.642000,1.891679,0.155751,-0.958737
678,5.650000,1.891564,0.155703,-0.958110
679,5.658000,1.891240,0.155725,-0.957493
680,5.667000,1.890670,0.155630,-0.956933
681,5.675000,1.889932,0.155728,-0.956809
682,5.683000,1.889292,0.155806,-0.957044
683,5.692000,1.888697,0.155834,-0.957566
684,5.700000,1.888262,0.155844,-0.958193
685,5.708000,1.888164,0.155913,-0.958767
686,5.717000,1.888478,0.156038,-0.959545
687,5.725000,1.889093,0.155954,-0.960103
688,5.733000,1.889740,0.155807,-0.960457
689,5.742000,1.890444,0.155756,-0.960436
690,5.750000,1.891097,0.155805,-0.960039
691,5.758000,1.891541,0.155785,-0.959433
692,5.767000,1.891688,0.155769,-0.958757
693,5.775000,1.891551,0.155689,-0.958149
694,5.783000,1.891263,0.155741,-0.957475
695,5.792000,1.890678,0.155624,-0.956916
696,5.800000,1.889937,0.155711,-0.956785
697,5.808000,1.889310,0.155817,-0.957019
698,5.817000,1.888722,0.155840,-0.957526
699,5.825000,1.888247,0.155825,-0.958181
700,5.833000,1.888147,0.155899,-0.958754
701,5.842000,1.888468,0.156020,-0.959525
702,5.850000,1.889052,0.155960,-0.960109
703,5.858000,1.889702,0.155839,-0.960483
704,5.867000,1.890415,0.155752,-0.960455
705,5.875000,1.891055,0.155810,-0.960059
706,5.883000,1.891536,0.155839,-0.959449
707,5.892000,1.891695,0.155787,-0.958759
708,5.900000,1.891547,0.155677,-0.958171
709,5.908000,1.891257,0.155725,-0.957522
710,5.917000,1.890683,0.155632,-0.956940
711,5.925000,1.889965,0.155734,-0.956813
712,5.933000,1.889335,0.155815,-0.957025
713,5.942000,1.888741,0.155851,-0.957509
714,5.950000,1.888271,0.155796,-0.958147
715,5.958000,1.888171,0.155923,-0.958763
716,5.967000,1.888486,0.156024,-0.959538
717,5.975000,1.889073,0.155980,-0.960096
718,5.983000,1.889701,0.155842,-0.960453
719,5.992000,1.890423,0.155778,-0.960468
720,6.000000,1.891067,0.155822,-0.960055
721,6.008000,1.891525,0.155820,-0.959455
722,6.017000,1.891696,0.155765,-0.958800
723,6.025000,1.891584,0.155704,-0.958178
724,6.033000,1.891292,0.155745,-0.957513
725,6.042000,1.890716,0.155656,-0.956977
726,6.050000,1.889975,0.155728,-0.956811
727,6.058000,1.889351,0.155811,-0.957021
728,6.067000,1.888740,0.155860,-0.957490
729,6.075000,1.888259,0.155844,-0.958138
730,6.083000,1.888162,0.155903,-0.958760
731,6.092000,1.888457,0.156031,-0.959455
732,6.100000,1.888997,0.155986,-0.960070
733,6.108000,1.889650,0.155846,-0.960465
734,6.117000,1.890366,0.155774,-0.960465
735,6.125000,1.891038,0.155819,-0.960075
736,6.133000,1.891528,0.155813,-0.959448
737,6.142000,1.891708,0.155748,-0.958800
738,6.150000,1.891586,0.155719,-0.958188
739,6.158000,1.891294,0.155742,-0.957535
740,6.167000,1.890735,0.155656,-0.956973
741,6.175000,1.890008,0.155725,-0.956811
742,6.183000,1.889368,0.155831,-0.957044
743,6.192000,1.888754,0.155890,-0.957535
744,6.200000,1.888273,0.155892,-0.958132
745,6.208000,1.888157,0.155950,-0.958738
746,6.217000,1.888445,0.156036,-0.959467
747,6.225000,1.889034,0.155964,-0.960081
748,6.233000,1.889692,0.155803,-0.960456
749,6.242000,1.890382,0.155760,-0.960471
750,6.250000,1.891044,0.155837,-0.960067
751,6.258000,1.891495,0.155803,-0.959494
752,6.267000,1.891678,0.155742,-0.958818
753,6.275000,1.891592,0.155693,-0.958138
754,6.283000,1.891276,0.155731,-0.957606
755,6.292000,1.890734,0.155647,-0.956985
756,6.300000,1.890025,0.155695,-0.956804
757,6.308000,1.889368,0.155785,-0.957021
758,6.317000,1.888758,0.155847,-0.957483
759,6.325000,1.888295,0.155851,-0.958127
760,6.333000,1.888161,0.155894,-0.958755
761,6.342000,1.888432,0.156031,-0.959459
762,6.350000,1.889025,0.156002,-0.960050
763,6.358000,1.889652,0.155837,-0.960459
764,6.367000,1.890371,0.155764,-0.960450
765,6.375000,1.891036,0.155810,-0.960103
766,6.383000,1.891527,0.155788,-0.959526
767,6.392000,1.891729,0.155794,-0.958840
768,6.400000,1.891610,0.155730,-0.958231
769,6.408000,1.891341,0.155751,-0.957595
770,6.417000,1.890763,0.155642,-0.956983
771,6.425000,1.890056,0.155701,-0.956815
772,6.433000,1.889397,0.155809,-0.957025
773,6.442000,1.888773,0.155833,-0.957499
774,6.450000,1.888300,0.155819,-0.958109
775,6.458000,1.888138,0.155881,-0.958681
776,6.467000,1.888419,0.155995,-0.959422
777,6.475000,1.889002,0.156007,-0.960012
778,6.483000,1.889628,0.155834,-0.960465
779,6.492000,1.890320,0.155743,-0.960466
780,6.500000,1.891000,0.155801,-0.960091
781,6.508000,1.891498,0.155786,-0.959498
782,6.517000,1.891677,0.155771,-0.958811
783,6.525000,1.891570,0.155689,-0.958206
784,6.533000,1.891309,0.155734,-0.957592
785,6.542000,1.890740,0.155627,-0.957001
786,6.550000,1.890040,0.155688,-0.956827
787,6.558000,1.889405,0.155795,-0.956996
788,6.567000,1.888765,0.155847,-0.957485
789,6.575000,1.888313,0.155848,-0.958089
790,6.583000,1.888155,0.155911,-0.958685
791,6.592000,1.888403,0.156014,-0.959430
792,6.600000,1.888984,0.156014,-0.960023
793,6.608000,1.889596,0.155879,-0.960451
794,6.617000,1.890304,0.155780,-0.960484
795,6.625000,1.891005,0.155820,-0.960123
796,6.633000,1.891517,0.155814,-0.959573
797,6.642000,1.891703,0.155762,-0.958881
798,6.650000,1.891626,0.155709,-0.958260
799,6.658000,1.891379,0.155766,-0.957667
800,6.667000,1.890790,0.155654,-0.957029
801,6.675000,1.890082,0.155724,-0.956843
802,6.683000,1.889426,0.155827,-0.956994
803,6.692000,1.888811,0.155867,-0.957464
804,6.700000,1.888324,0.155841,-0.958077
805,6.708000,1.888163,0.155917,-0.958669
806,6.717000,1.888407,0.156027,-0.959390
807,6.725000,1.888974,0.156008,-0.959997
808,6.733000,1.889591,0.155851,-0.960438
809,6.742000,1.890307,0.155776,-0.960489
810,6.750000,1.890984,0.155826,-0.960146
811,6.758000,1.891492,0.155826,-0.959563
812,6.767000,1.891688,0.155806,-0.958906
813,6.775000,1.891623,0.155740,-0.958259
814,6.783000,1.891348,0.155747,-0.957665
815,6.792000,1.890791,0.155680,-0.957051
816,6.800000,1.890082,0.155692,-0.956819
817,6.808000,1.889423,0.155824,-0.956968
818,6.817000,1.888814,0.155860,-0.957459
819,6.825000,1.888315,0.155827,-0.958023
820,6.833000,1.888143,0.155910,-0.958640
821,6.842000,1.888395,0.155979,-0.959359
822,6.850000,1.888976,0.156037,-0.959989
823,6.858000,1.889592,0.155856,-0.960425
824,6.867000,1.890303,0.155764,-0.960485
825,6.875000,1.890980,0.155809,-0.960138
826,6.883000,1.891493,0.155833,-0.959554
827,6.892000,1.891679,0.155811,-0.958912
828,6.900000,1.891610,0.155717,-0.958277
829,6.908000,1.891359,0.155762,-0.957644
830,6.917000,1.890807,0.155667,-0.957018
831,6.925000,1.890102,0.155700,-0.956807
832,6.933000,1.889448,0.155818,-0.956961
833,6.942000,1.888844,0.155874,-0.957411
834,6.950000,1.888319,0.155830,-0.958052
835,6.958000,1.888130,0.155889,-0.958651
836,6.967000,1.888361,0.155995,-0.959330
837,6.975000,1.888931,0.156009,-0.959975
838,6.983000,1.889544,0.155854,-0.960414
839,6.992000,1.890297,0.155797,-0.960459
840,7.000000,1.890949,0.155812,-0.960165
841,7.008000,1.891461,0.155848,-0.959554
842,7.017000,1.891682,0.155798,-0.958919
843,7.025000,1.891615,0.155704,-0.958258
844,7.033000,1.891364,0.155757,-0.957679
845,7.042000,1.890816,0.155669,-0.957026
846,7.050000,1.890117,0.155711,-0.956815
847,7.058000,1.889444,0.155801,-0.956971
848,7.067000,1.888871,0.155873,-0.957401
849,7.075000,1.888332,0.155838,-0.958061
850,7.083000,1.888149,0.155903,-0.958623
851,7.092000,1.888361,0.155993,-0.959314
852,7.100000,1.888916,0.156034,-0.959959
853,7.108000,1.889536,0.155865,-0.960410
854,7.117000,1.890247,0.155754,-0.960485
855,7.125000,1.890918,0.155805,-0.960173
856,7.133000,1.891461,0.155839,-0.959585
857,7.142000,1.891652,0.155779,-0.958973
858,7.150000,1.891603,0.155701,-0.958291
859,7.158000,1.891369,0.155768,-0.957691
860,7.167000,1.890820,0.155698,-0.957037
861,7.175000,1.890130,0.155697,-0.956822
862,7.183000,1.889457,0.155802,-0.956927
863,7.192000,1.888860,0.155889,-0.957375
864,7.200000,1.888339,0.155861,-0.958003
865,7.208000,1.888135,0.155902,-0.958623
866,7.217000,1.888344,0.156027,-0.959284
867,7.225000,1.888873,0.156044,-0.959930
868,7.233000,1.889499,0.155898,-0.960412
869,7.242000,1.890225,0.155788,-0.960464
870,7.250000,1.890894,0.155819,-0.960174
871,7.258000,1.891404,0.155828,-0.959577
872,7.267000,1.891654,0.155794,-0.958927
873,7.275000,1.891609,0.155727,-0.958294
874,7.283000,1.891366,0.155758,-0.957712
875,7.292000,1.890849,0.155683,-0.957053
876,7.300000,1.890143,0.155699,-0.956824
877,7.308000,1.889457,0.155796,-0.956940
878,7.317000,1.888878,0.155862,-0.957354
879,7.325000,1.888334,0.155820,-0.957987
880,7.333000,1.888135,0.155889,-0.958574
881,7.342000,1.888323,0.155971,-0.959273
882,7.350000,1.888882,0.156042,-0.959927
883,7.358000,1.889506,0.155889,-0.960410
884,7.367000,1.890210,0.155769,-0.960487
885,7.375000,1.890896,0.155807,-0.960204
886,7.383000,1.891436,0.155826,-0.959612
887,7.392000,1.891667,0.155761,-0.959011
888,7.400000,1.891632,0.155710,-0.958314
889,7.408000,1.891383,0.155739,-0.957750
890,7.417000,1.890860,0.155681,-0.957085
891,7.425000,1.890161,0.155676,-0.956817
892,7.433000,1.889480,0.155785,-0.956947
893,7.442000,1.888900,0.155861,-0.957364
894,7.450000,1.888386,0.155840,-0.957970
895,7.458000,1.888154,0.155883,-0.958602
896,7.467000,1.888336,0.155980,-0.959274
897,7.475000,1.888901,0.156045,-0.959910
898,7.483000,1.889518,0.155883,-0.960423
899,7.492000,1.890220,0.155763,-0.960511
900,7.500000,1.890902,0.155789,-0.960229
901,7.508000,1.891453,0.155832,-0.959651
902,7.517000,1.891708,0.155802,-0.959006
903,7.525000,1.891641,0.155684,-0.958358
904,7.533000,1.891431,0.155732,-0.957749
905,7.542000,1.890895,0.155668,-0.957095
906,7.550000,1.890210,0.155699,-0.956833
907,7.558000,1.889519,0.155792,-0.956949
908,7.567000,1.888936,0.155864,-0.957365
909,7.575000,1.888408,0.155850,-0.957978
910,7.583000,1.888181,0.155899,-0.958592
911,7.592000,1.888350,0.155980,-0.959271
912,7.600000,1.888902,0.156043,-0.959917
913,7.608000,1.889502,0.155875,-0.960393
914,7.617000,1.890220,0.155787,-0.960505
915,7.625000,1.890897,0.155806,-0.960207
916,7.633000,1.891443,0.155831,-0.959636
917,7.642000,1.891697,0.155794,-0.958978
918,7.650000,1.891651,0.155716,-0.958326
919,7.658000,1.891417,0.155748,-0.957787
920,7.667000,1.890882,0.155675,-0.957090
921,7.675000,1.890214,0.155681,-0.956816
922,7.683000,1.889527,0.155815,-0.956928
923,7.692000,1.888909,0.155841,-0.957393
924,7.700000,1.888410,0.155849,-0.957952
925,7.708000,1.888157,0.155869,-0.958555
926,7.717000,1.888308,0.155958,-0.959213
927,7.725000,1.888866,0.156048,-0.959888
928,7.733000,1.889461,0.155874,-0.960397
929,7.742000,1.890165,0.155764,-0.960498
930,7.750000,1.890862,0.155809,-0.960202
931,7.758000,1.891391,0.155796,-0.959621
932,7.767000,1.891662,0.155794,-0.958994
933,7.775000,1.891620,0.155721,-0.958339
934,7.783000,1.891400,0.155704,-0.957755
935,7.792000,1.890887,0.155651,-0.957059
936,7.800000,1.890194,0.155680,-0.956809
937,7.808000,1.889508,0.155785,-0.956912
938,7.817000,1.888904,0.155847,-0.957336
939,7.825000,1.888370,0.155845,-0.957941
940,7.833000,1.888142,0.155873,-0.958561
941,7.842000,1.888290,0.155969,-0.959200
942,7.850000,1.888835,0.156021,-0.959881
943,7.858000,1.889436,0.155889,-0.960391
944,7.867000,1.890174,0.155799,-0.960483
945,7.875000,1.890848,0.155788,-0.960186
946,7.883000,1.891379,0.155813,-0.959668
947,7.892000,1.891647,0.155791,-0.958986
948,7.900000,1.891601,0.155709,-0.958353
949,7.908000,1.891394,0.155750,-0.957771
950,7.917000,1.890868,0.155691,-0.957092
951,7.925000,1.890197,0.155693,-0.956830
952,7.933000,1.889502,0.155797,-0.956928
953,7.942000,1.888897,0.155879,-0.957303
954,7.950000,1.888377,0.155853,-0.957903
955,7.958000,1.888125,0.155892,-0.958551
956,7.967000,1.888309,0.155976,-0.959228
957,7.975000,1.888855,0.156021,-0.959905
958,7.983000,1.889448,0.155893,-0.960414
959,7.992000,1.890170,0.155808,-0.960509
960,8.000000,1.890858,0.155815,-0.960232
961,8.008000,1.891390,0.155828,-0.959673
962,8.017000,1.891640,0.155801,-0.959040
963,8.025000,1.891628,0.155741,-0.958374
964,8.033000,1.891406,0.155753,-0.957806
965,8.042000,1.890902,0.155717,-0.957131
966,8.050000,1.890232,0.155739,-0.956837
967,8.058000,1.889552,0.155861,-0.956917
968,8.067000,1.888949,0.155907,-0.957341
969,8.075000,1.888400,0.155896,-0.957956
970,8.083000,1.888138,0.155919,-0.958593
971,8.092000,1.888296,0.156034,-0.959217
972,8.100000,1.888872,0.156095,-0.959891
973,8.108000,1.889447,0.155900,-0.960412
974,8.117000,1.890164,0.155822,-0.960507
975,8.125000,1.890861,0.155839,-0.960226
976,8.133000,1.891410,0.155865,-0.959669
977,8.142000,1.891674,0.155826,-0.959020
978,8.150000,1.891632,0.155765,-0.958391
979,8.158000,1.891422,0.155784,-0.957825
980,8.167000,1.890909,0.155734,-0.957145
981,8.175000,1.890238,0.155706,-0.956858
982,8.183000,1.889550,0.155815,-0.956937
983,8.192000,1.888951,0.155860,-0.957327
984,8.200000,1.888411,0.155853,-0.957950
985,8.208000,1.888164,0.155918,-0.958538
986,8.217000,1.888306,0.155999,-0.959215
987,8.225000,1.888837,0.156060,-0.959896
988,8.233000,1.889442,0.155901,-0.960394
989,8.242000,1.890136,0.155780,-0.960553
990,8.250000,1.890836,0.155836,-0.960262
991,8.258000,1.891394,0.155841,-0.959698
992,8.267000,1.891652,0.155821,-0.959091
993,8.275000,1.891642,0.155749,-0.958419
994,8.283000,1.891444,0.155723,-0.957806
995,8.292000,1.890938,0.155691,-0.957138
996,8.300000,1.890258,0.155696,-0.956814
997,8.308000,1.889550,0.155795,-0.956913
998,8.317000,1.888977,0.155871,-0.957320
999,8.325000,1.888413,0.155872,-0.957930
1000,8.333000,1.888144,0.155891,-0.958581
1001,8.342000,1.888285,0.155976,-0.959210
1002,8.350000,1.888825,0.156073,-0.959889
1003,8.358000,1.889427,0.155922,-0.960408
1004,8.367000,1.890131,0.155800,-0.960517
1005,8.375000,1.890826,0.155818,-0.960257
1006,8.383000,1.891387,0.155833,-0.959701
1007,8.392000,1.891660,0.155816,-0.959048
1008,8.400000,1.891631,0.155747,-0.958404
1009,8.408000,1.891409,0.155743,-0.957838
1010,8.417000,1.890920,0.155691,-0.957120
1011,8.425000,1.890235,0.155669,-0.956839
1012,8.433000,1.889539,0.155778,-0.956916
1013,8.442000,1.888952,0.155887,-0.957282
1014,8.450000,1.888392,0.155854,-0.957896
1015,8.458000,1.888136,0.155889,-0.958536
1016,8.467000,1.888271,0.155955,-0.959120
1017,8.475000,1.888778,0.156044,-0.959827
1018,8.483000,1.889396,0.155897,-0.960367
1019,8.492000,1.890122,0.155795,-0.960508
1020,8.500000,1.890817,0.155828,-0.960251
1021,8.508000,1.891380,0.155851,-0.959684
1022,8.517000,1.891641,0.155828,-0.959085
1023,8.525000,1.891621,0.155764,-0.958383
1024,8.533000,1.891409,0.155760,-0.957844
1025,8.542000,1.890931,0.155703,-0.957144
1026,8.550000,1.890289,0.155700,-0.956856
1027,8.558000,1.889602,0.155827,-0.956914
1028,8.567000,1.888997,0.155888,-0.957320
1029,8.575000,1.888451,0.155862,-0.957876
1030,8.583000,1.888147,0.155905,-0.958513
1031,8.592000,1.888253,0.155999,-0.959142
1032,8.600000,1.888786,0.156042,-0.959844
1033,8.608000,1.889397,0.155908,-0.960389
1034,8.617000,1.890114,0.155782,-0.960534
1035,8.625000,1.890776,0.155803,-0.960276
1036,8.633000,1.891351,0.155845,-0.959719
1037,8.642000,1.891655,0.155829,-0.959102
1038,8.650000,1.891653,0.155756,-0.958426
1039,8.658000,1.891436,0.155782,-0.957861
1040,8.667000,1.890951,0.155707,-0.957181
1041,8.675000,1.890287,0.155704,-0.956869
1042,8.683000,1.889592,0.155819,-0.956904
1043,8.692000,1.888988,0.155886,-0.957298
1044,8.700000,1.888433,0.155896,-0.957869
1045,8.708000,1.888135,0.155893,-0.958498
1046,8.717000,1.888255,0.155974,-0.959110
1047,8.725000,1.888759,0.156068,-0.959824
1048,8.733000,1.889355,0.155887,-0.960329
1049,8.742000,1.890061,0.155800,-0.960503
1050,8.750000,1.890750,0.155801,-0.960257
1051,8.758000,1.891330,0.155841,-0.959697
1052,8.767000,1.891641,0.155805,-0.959079
1053,8.775000,1.891641,0.155704,-0.958410
1054,8.783000,1.891425,0.155763,-0.957870
1055,8.792000,1.890940,0.155686,-0.957164
1056,8.800000,1.890286,0.155655,-0.956842
1057,8.808000,1.889598,0.155820,-0.956876
1058,8.817000,1.888975,0.155873,-0.957257
1059,8.825000,1.888431,0.155871,-0.957840
1060,8.833000,1.888121,0.155864,-0.958446
1061,8.842000,1.888213,0.155923,-0.959068
1062,8.850000,1.888719,0.156001,-0.959814
1063,8.858000,1.889316,0.155873,-0.960359
1064,8.867000,1.890030,0.155757,-0.960536
1065,8.875000,1.890733,0.155754,-0.960291
1066,8.883000,1.891333,0.155792,-0.959755
1067,8.892000,1.891640,0.155775,-0.959139
1068,8.900000,1.891660,0.155724,-0.958492
1069,8.908000,1.891436,0.155732,-0.957908
1070,8.917000,1.890992,0.155718,-0.957196
1071,8.925000,1.890314,0.155656,-0.956889
1072,8.933000,1.889642,0.155788,-0.956892
1073,8.942000,1.889041,0.155874,-0.957260
1074,8.950000,1.888466,0.155898,-0.957867
1075,8.958000,1.888157,0.155901,-0.958479
1076,8.967000,1.888260,0.155963,-0.959076
1077,8.975000,1.888764,0.156068,-0.959806
1078,8.983000,1.889344,0.155903,-0.960332
1079,8.992000,1.890047,0.155788,-0.960507
1080,9.000000,1.890752,0.155776,-0.960310
1081,9.008000,1.891314,0.155830,-0.959781
1082,9.017000,1.891631,0.155813,-0.959157
1083,9.025000,1.891644,0.155736,-0.958498
1084,9.033000,1.891476,0.155756,-0.957893
1085,9.042000,1.891010,0.155735,-0.957213
1086,9.050000,1.890376,0.155668,-0.956866
1087,9.058000,1.889667,0.155792,-0.956880
1088,9.067000,1.889069,0.155851,-0.957255
1089,9.075000,1.888488,0.155838,-0.957813
1090,9.083000,1.888185,0.155864,-0.958437
1091,9.092000,1.888265,0.155978,-0.959108
1092,9.100000,1.888748,0.156065,-0.959804
1093,9.108000,1.889345,0.155930,-0.960333
1094,9.117000,1.890033,0.155799,-0.960530
1095,9.125000,1.890742,0.155798,-0.960320
1096,9.133000,1.891327,0.155832,-0.959806
1097,9.142000,1.891643,0.155812,-0.959182
1098,9.150000,1.891691,0.155757,-0.958487
1099,9.158000,1.891494,0.155757,-0.957925
1100,9.167000,1.891015,0.155700,-0.957222
1101,9.175000,1.890398,0.155679,-0.956827
1102,9.183000,1.889681,0.155777,-0.956840
1103,9.192000,1.889093,0.155862,-0.957211
1104,9.200000,1.888521,0.155861,-0.957772
1105,9.208000,1.888174,0.155866,-0.958450
1106,9.217000,1.888246,0.155968,-0.959054
1107,9.225000,1.888734,0.156067,-0.959766
1108,9.233000,1.889310,0.155931,-0.960319
1109,9.242000,1.890007,0.155801,-0.960496
1110,9.250000,1.890724,0.155807,-0.960312
1111,9.258000,1.891313,0.155847,-0.959783
1112,9.267000,1.891625,0.155813,-0.959161
1113,9.275000,1.891674,0.155766,-0.958509
1114,9.283000,1.891460,0.155727,-0.957969
1115,9.292000,1.891022,0.155732,-0.957232
1116,9.300000,1.890384,0.155645,-0.956892
1117,9.308000,1.889691,0.155763,-0.956886
1118,9.317000,1.889082,0.155851,-0.957226
1119,9.325000,1.888502,0.155863,-0.957797
1120,9.333000,1.888179,0.155863,-0.958405
1121,9.342000,1.888242,0.155959,-0.959006
1122,9.350000,1.888699,0.156050,-0.959794
1123,9.358000,1.889274,0.155904,-0.960310
1124,9.367000,1.889973,0.155795,-0.960532
1125,9.375000,1.890693,0.155817,-0.960351
1126,9.383000,1.891285,0.155857,-0.959808
1127,9.392000,1.891598,0.155840,-0.959234
1128,9.400000,1.891641,0.155754,-0.958547
1129,9.408000,1.891470,0.155751,-0.957960
1130,9.417000,1.891040,0.155709,-0.957254
1131,9.425000,1.890402,0.155673,-0.956860
1132,9.433000,1.889685,0.155790,-0.956877
1133,9.442000,1.889102,0.155854,-0.957209
1134,9.450000,1.888543,0.155857,-0.957756
1135,9.458000,1.888176,0.155876,-0.958411
1136,9.467000,1.888224,0.155974,-0.959038
1137,9.475000,1.888681,0.156052,-0.959761
1138,9.483000,1.889292,0.155925,-0.960317
1139,9.492000,1.889971,0.155795,-0.960524
1140,9.500000,1.890667,0.155785,-0.960359
1141,9.508000,1.891283,0.155819,-0.959840
1142,9.517000,1.891616,0.155820,-0.959231
1143,9.525000,1.891663,0.155763,-0.958572
1144,9.533000,1.891488,0.155757,-0.958007
1145,9.542000,1.891067,0.155729,-0.957290
1146,9.550000,1.890446,0.155672,-0.956896
1147,9.558000,1.889748,0.155792,-0.956858
1148,9.567000,1.889118,0.155845,-0.957183
1149,9.575000,1.888526,0.155858,-0.957766
1150,9.583000,1.888185,0.155878,-0.958413
1151,9.592000,1.888216,0.155955,-0.958991
1152,9.600000,1.888663,0.156075,-0.959733
1153,9.608000,1.889252,0.155935,-0.960294
1154,9.617000,1.889928,0.155811,-0.960516
1155,9.625000,1.890643,0.155776,-0.960359
1156,9.633000,1.891252,0.155826,-0.959865
1157,9.642000,1.891624,0.155844,-0.959238
1158,9.650000,1.891680,0.155766,-0.958568
1159,9.658000,1.891505,0.155759,-0.958007
1160,9.667000,1.891081,0.155734,-0.957294
1161,9.675000,1.890463,0.155652,-0.956885
1162,9.683000,1.889754,0.155797,-0.956858
1163,9.692000,1.889149,0.155856,-0.957183
1164,9.700000,1.888552,0.155882,-0.957746
1165,9.708000,1.888208,0.155877,-0.958355
1166,9.717000,1.888215,0.155954,-0.958946
1167,9.725000,1.888637,0.156060,-0.959725
1168,9.733000,1.889245,0.155931,-0.960277
1169,9.742000,1.889899,0.155800,-0.960537
1170,9.750000,1.890617,0.155796,-0.960377
1171,9.758000,1.891246,0.155847,-0.959860
1172,9.767000,1.891601,0.155842,-0.959277
1173,9.775000,1.891656,0.155764,-0.958594
1174,9.783000,1.891511,0.155767,-0.957990
1175,9.792000,1.891093,0.155751,-0.957302
1176,9.800000,1.890465,0.155683,-0.956906
1177,9.808000,1.889775,0.155806,-0.956849
1178,9.817000,1.889145,0.155859,-0.957177
1179,9.825000,1.888564,0.155882,-0.957740
1180,9.833000,1.888197,0.155889,-0.958358
1181,9.842000,1.888220,0.155979,-0.958936
1182,9.850000,1.888625,0.156062,-0.959729
1183,9.858000,1.889226,0.155962,-0.960259
1184,9.867000,1.889909,0.155819,-0.960528
1185,9.875000,1.890629,0.155817,-0.960368
1186,9.883000,1.891247,0.155860,-0.959898
1187,9.892000,1.891621,0.155833,-0.959256
1188,9.900000,1.891684,0.155770,-0.958584
1189,9.908000,1.891516,0.155745,-0.958013
1190,9.917000,1.891111,0.155746,-0.957323
1191,9.925000,1.890478,0.155637,-0.956874
1192,9.933000,1.889784,0.155772,-0.956820
1193,9.942000,1.889166,0.155851,-0.957141
1194,9.950000,1.888598,0.155871,-0.957690
1195,9.958000,1.888219,0.155894,-0.958324
1196,9.967000,1.888211,0.155957,-0.958926
1197,9.975000,1.888616,0.156066,-0.959697
1198,9.983000,1.889205,0.155960,-0.960250
1199,9.992000,1.889875,0.155836,-0.960510
1200,10.000000,1.890597,0.155777,-0.960389
1201,10.008000,1.891233,0.155853,-0.959909
1202,10.017000,1.891593,0.155823,-0.959295
1203,10.025000,1.891676,0.155783,-0.958612
1204,10.033000,1.891522,0.155749,-0.958026
1205,10.042000,1.891135,0.155753,-0.957334
1206,10.050000,1.890525,0.155652,-0.956894
1207,10.058000,1.889797,0.155775,-0.956843
1208,10.067000,1.889159,0.155846,-0.957144
1209,10.075000,1.888606,0.155880,-0.957684
1210,10.083000,1.888200,0.155883,-0.958345
1211,10.092000,1.888197,0.155960,-0.958945
1212,10.100000,1.888624,0.156051,-0.959680
1213,10.108000,1.889202,0.155973,-0.960236
1214,10.117000,1.889884,0.155841,-0.960516
1215,10.125000,1.890588,0.155780,-0.960408
1216,10.133000,1.891227,0.155862,-0.959918
1217,10.142000,1.891611,0.155854,-0.959304
1218,10.150000,1.891684,0.155790,-0.958646
1219,10.158000,1.891519,0.155747,-0.958057
1220,10.167000,1.891134,0.155761,-0.957344
1221,10.175000,1.890525,0.155666,-0.956932
1222,10.183000,1.889796,0.155771,-0.956854
1223,10.192000,1.889194,0.155850,-0.957153
1224,10.200000,1.888599,0.155877,-0.957701
1225,10.208000,1.888197,0.155852,-0.958296
1226,10.217000,1.888197,0.155956,-0.958896
1227,10.225000,1.888594,0.156047,-0.959669
1228,10.233000,1.889198,0.155954,-0.960237
1229,10.242000,1.889863,0.155829,-0.960524
1230,10.250000,1.890594,0.155792,-0.960377
1231,10.258000,1.891219,0.155831,-0.959919
1232,10.267000,1.891590,0.155812,-0.959337
1233,10.275000,1.891696,0.155768,-0.958640
1234,10.283000,1.891525,0.155730,-0.958020
1235,10.292000,1.891152,0.155736,-0.957350
1236,10.300000,1.890534,0.155642,-0.956910
1237,10.308000,1.889819,0.155754,-0.956849
1238,10.317000,1.889214,0.155841,-0.957127
1239,10.325000,1.888637,0.155886,-0.957652
1240,10.333000,1.888207,0.155884,-0.958321
1241,10.342000,1.888208,0.155972,-0.958917
1242,10.350000,1.888597,0.156068,-0.959654
1243,10.358000,1.889181,0.155949,-0.960218
1244,10.367000,1.889858,0.155809,-0.960504
1245,10.375000,1.890557,0.155791,-0.960405
1246,10.383000,1.891199,0.155840,-0.959938
1247,10.392000,1.891606,0.155819,-0.959335
1248,10.400000,1.891700,0.155776,-0.958650
1249,10.408000,1.891533,0.155742,-0.958094
1250,10.417000,1.891195,0.155781,-0.957390
1251,10.425000,1.890573,0.155646,-0.956926
1252,10.433000,1.889860,0.155752,-0.956812
1253,10.442000,1.889261,0.155858,-0.957086
1254,10.450000,1.888642,0.155880,-0.957661
1255,10.458000,1.888241,0.155895,-0.958277
1256,10.467000,1.888186,0.155924,-0.958853
1257,10.475000,1.888575,0.156073,-0.959646
1258,10.483000,1.889171,0.155975,-0.960201
1259,10.492000,1.889813,0.155818,-0.960507
1260,10.500000,1.890545,0.155794,-0.960410
1261,10.508000,1.891186,0.155842,-0.959968
1262,10.517000,1.891587,0.155830,-0.959381
1263,10.525000,1.891692,0.155778,-0.958700
1264,10.533000,1.891544,0.155732,-0.958054
1265,10.542000,1.891201,0.155772,-0.957393
1266,10.550000,1.890573,0.155637,-0.956913
1267,10.558000,1.889841,0.155779,-0.956838
1268,10.567000,1.889236,0.155848,-0.957074
1269,10.575000,1.888667,0.155894,-0.957604
1270,10.583000,1.888243,0.155879,-0.958271
1271,10.592000,1.888167,0.155928,-0.958875
1272,10.600000,1.888554,0.156070,-0.959629
1273,10.608000,1.889172,0.155975,-0.960164
1274,10.617000,1.889810,0.155829,-0.960512
1275,10.625000,1.890520,0.155761,-0.960407
1276,10.633000,1.891173,0.155833,-0.959970
1277,10.642000,1.891594,0.155839,-0.959366
1278,10.650000,1.891710,0.155765,-0.958678
1279,10.658000,1.891549,0.155734,-0.958094
1280,10.667000,1.891217,0.155751,-0.957416
1281,10.675000,1.890598,0.155648,-0.956927
1282,10.683000,1.889894,0.155750,-0.956815
1283,10.692000,1.889275,0.155844,-0.957082
1284,10.700000,1.888680,0.155901,-0.957644
1285,10.708000,1.888240,0.155857,-0.958268
1286,10.717000,1.888185,0.155934,-0.958820
1287,10.725000,1.888569,0.156095,-0.959616
1288,10.733000,1.889141,0.156005,-0.960171
1289,10.742000,1.889804,0.155840,-0.960483
1290,10.750000,1.890519,0.155794,-0.960425
1291,10.758000,1.891178,0.155874,-0.959967
1292,10.767000,1.891587,0.155832,-0.959379
1293,10.775000,1.891700,0.155784,-0.958688
1294,10.783000,1.891551,0.155753,-0.958106
1295,10.792000,1.891214,0.155777,-0.957424
1296,10.800000,1.890587,0.155676,-0.956919
1297,10.808000,1.889871,0.155781,-0.956839
1298,10.817000,1.889254,0.155852,-0.957095
1299,10.825000,1.888661,0.155895,-0.957632
1300,10.833000,1.888222,0.155879,-0.958256
1301,10.842000,1.888196,0.155952,-0.958854
1302,10.850000,1.888549,0.156060,-0.959644
1303,10.858000,1.889147,0.155989,-0.960178
1304,10.867000,1.889779,0.155832,-0.960506
1305,10.875000,1.890527,0.155804,-0.960406
1306,10.883000,1.891166,0.155830,-0.959969
1307,10.892000,1.891568,0.155853,-0.959394
1308,10.900000,1.891678,0.155806,-0.958729
1309,10.908000,1.891528,0.155760,-0.958113
1310,10.917000,1.891199,0.155768,-0.957426
1311,10.925000,1.890594,0.155673,-0.956938
1312,10.933000,1.889894,0.155767,-0.956817
1313,10.942000,1.889271,0.155855,-0.957091
1314,10.950000,1.888670,0.155877,-0.957614
1315,10.958000,1.888237,0.155892,-0.958266
1316,10.967000,1.888170,0.155923,-0.958826
1317,10.975000,1.888525,0.156068,-0.959583
1318,10.983000,1.889113,0.155963,-0.960171
1319,10.992000,1.889764,0.155833,-0.960508
1320,11.000000,1.890498,0.155795,-0.960427
1321,11.008000,1.891164,0.155850,-0.959985
1322,11.017000,1.891557,0.155838,-0.959378
1323,11.025000,1.891695,0.155800,-0.958667
1324,11.033000,1.891549,0.155746,-0.958090
1325,11.042000,1.891206,0.155768,-0.957422
1326,11.050000,1.890611,0.155672,-0.956920
1327,11.058000,1.889877,0.155761,-0.956847
1328,11.067000,1.889253,0.155810,-0.957080
1329,11.075000,1.888681,0.155904,-0.957619
1330,11.083000,1.888227,0.155875,-0.958251
1331,11.092000,1.888183,0.155956,-0.958823
1332,11.100000,1.888543,0.156083,-0.959580
1333,11.108000,1.889140,0.155987,-0.960174
1334,11.117000,1.889770,0.155850,-0.960510
1335,11.125000,1.890507,0.155795,-0.960420
1336,11.133000,1.891154,0.155855,-0.959973
1337,11.142000,1.891564,0.155843,-0.959379
1338,11.150000,1.891689,0.155799,-0.958706
1339,11.158000,1.891553,0.155745,-0.958114
1340,11.167000,1.891213,0.155762,-0.957450
1341,11.175000,1.890626,0.155658,-0.956921
1342,11.183000,1.889908,0.155777,-0.956803
1343,11.192000,1.889269,0.155845,-0.957104
1344,11.200000,1.888701,0.155877,-0.957587
1345,11.208000,1.888231,0.155884,-0.958270
1346,11.217000,1.888181,0.155951,-0.958837
1347,11.225000,1.888541,0.156046,-0.959560
1348,11.233000,1.889124,0.156000,-0.960149
1349,11.242000,1.889763,0.155855,-0.960494
1350,11.250000,1.890492,0.155784,-0.960423
1351,11.258000,1.891153,0.155838,-0.959993
1352,11.267000,1.891562,0.155833,-0.959387
1353,11.275000,1.891689,0.155767,-0.958722
1354,11.283000,1.891549,0.155763,-0.958125
1355,11.292000,1.891209,0.155747,-0.957453
1356,11.300000,1.890624,0.155686,-0.956935
1357,11.308000,1.889900,0.155766,-0.956822
1358,11.317000,1.889262,0.155847,-0.957078
1359,11.325000,1.888672,0.155879,-0.957610
1360,11.333000,1.888237,0.155866,-0.958221
1361,11.342000,1.888162,0.155936,-0.958772
1362,11.350000,1.888499,0.156072,-0.959597
1363,11.358000,1.889118,0.155989,-0.960149
1364,11.367000,1.889741,0.155835,-0.960502
1365,11.375000,1.890489,0.155801,-0.960431
1366,11.383000,1.891127,0.155851,-0.960008
1367,11.392000,1.891544,0.155828,-0.959439
1368,11.400000,1.891678,0.155795,-0.958788
1369,11.408000,1.891568,0.155739,-0.958121
1370,11.417000,1.891243,0.155745,-0.957469
1371,11.425000,1.890656,0.155669,-0.956945
1372,11.433000,1.889918,0.155750,-0.956808
1373,11.442000,1.889303,0.155842,-0.957074
1374,11.450000,1.888731,0.155899,-0.957570
1375,11.458000,1.888255,0.155881,-0.958229
1376,11.467000,1.888161,0.155938,-0.958817
1377,11.475000,1.888502,0.156050,-0.959537
1378,11.483000,1.889085,0.155991,-0.960139
1379,11.492000,1.889732,0.155858,-0.960488
1380,11.500000,1.890457,0.155784,-0.960423
1381,11.508000,1.891107,0.155857,-0.960011
1382,11.517000,1.891547,0.155817,-0.959421
1383,11.525000,1.891702,0.155796,-0.958742
1384,11.533000,1.891551,0.155751,-0.958181
1385,11.542000,1.891240,0.155757,-0.957492
1386,11.550000,1.890662,0.155651,-0.956965
1387,11.558000,1.889961,0.155744,-0.956812
1388,11.567000,1.889327,0.155852,-0.957048
1389,11.575000,1.888740,0.155896,-0.957561
1390,11.583000,1.888253,0.155844,-0.958193
1391,11.592000,1.888159,0.155911,-0.958759
1392,11.600000,1.888479,0.156023,-0.959548
1393,11.608000,1.889090,0.156001,-0.960113
1394,11.617000,1.889721,0.155827,-0.960490
1395,11.625000,1.890441,0.155768,-0.960452
1396,11.633000,1.891116,0.155836,-0.960024
1397,11.642000,1.891547,0.155823,-0.959453
1398,11.650000,1.891675,0.155765,-0.958765
1399,11.658000,1.891569,0.155716,-0.958143
1400,11.667000,1.891271,0.155782,-0.957544
1401,11.675000,1.890687,0.155658,-0.956989
1402,11.683000,1.889940,0.155730,-0.956830
1403,11.692000,1.889347,0.155847,-0.957040
1404,11.700000,1.888723,0.155888,-0.957564
1405,11.708000,1.888270,0.155860,-0.958179
1406,11.717000,1.888166,0.155933,-0.958772
1407,11.725000,1.888469,0.156034,-0.959507
1408,11.733000,1.889074,0.156000,-0.960088
1409,11.742000,1.889693,0.155857,-0.960486
1410,11.750000,1.890406,0.155763,-0.960449
1411,11.758000,1.891075,0.155846,-0.960074
1412,11.767000,1.891526,0.155811,-0.959457
1413,11.775000,1.891695,0.155801,-0.958785
1414,11.783000,1.891571,0.155740,-0.958185
1415,11.792000,1.891286,0.155777,-0.957535
1416,11.800000,1.890700,0.155652,-0.956969
1417,11.808000,1.889965,0.155718,-0.956800
1418,11.817000,1.889325,0.155824,-0.957022
1419,11.825000,1.888746,0.155871,-0.957529
1420,11.833000,1.888268,0.155870,-0.958156
1421,11.842000,1.888155,0.155908,-0.958748
1422,11.850000,1.888448,0.156040,-0.959485
1423,11.858000,1.889065,0.156016,-0.960100
1424,11.867000,1.889694,0.155846,-0.960460
1425,11.875000,1.890409,0.155786,-0.960448
1426,11.883000,1.891080,0.155829,-0.960058
1427,11.892000,1.891542,0.155828,-0.959477
1428,11.900000,1.891699,0.155770,-0.958791
1429,11.908000,1.891583,0.155733,-0.958186
1430,11.917000,1.891281,0.155765,-0.957563
1431,11.925000,1.890721,0.155681,-0.956968
1432,11.933000,1.889978,0.155720,-0.956815
1433,11.942000,1.889334,0.155818,-0.957036
1434,11.950000,1.888740,0.155896,-0.957534
1435,11.958000,1.888283,0.155865,-0.958177
1436,11.967000,1.888167,0.155930,-0.958753
1437,11.975000,1.888457,0.156026,-0.959504
1438,11.983000,1.889063,0.156017,-0.960086
1439,11.992000,1.889691,0.155846,-0.960453
1440,12.000000,1.890402,0.155793,-0.960465
1441,12.008000,1.891071,0.155817,-0.960046
1442,12.017000,1.891529,0.155850,-0.959478
1443,12.025000,1.891680,0.155795,-0.958843
1444,12.033000,1.891585,0.155750,-0.958210
1445,12.042000,1.891297,0.155764,-0.957578
1446,12.050000,1.890717,0.155670,-0.957000
1447,12.058000,1.889993,0.155734,-0.956829
1448,12.067000,1.889355,0.155850,-0.957030
1449,12.075000,1.888770,0.155903,-0.957526
1450,12.083000,1.888275,0.155849,-0.958155
1451,12.092000,1.888143,0.155903,-0.958743
1452,12.100000,1.888456,0.156027,-0.959474
1453,12.108000,1.889038,0.156017,-0.960079
1454,12.117000,1.889665,0.155842,-0.960469
1455,12.125000,1.890404,0.155790,-0.960462
1456,12.133000,1.891064,0.155830,-0.960089
1457,12.142000,1.891513,0.155825,-0.959494
1458,12.150000,1.891695,0.155801,-0.958804
1459,12.158000,1.891592,0.155751,-0.958207
1460,12.167000,1.891301,0.155762,-0.957586
1461,12.175000,1.890726,0.155654,-0.956993
1462,12.183000,1.890012,0.155735,-0.956815
1463,12.192000,1.889341,0.155822,-0.957018
1464,12.200000,1.888763,0.155889,-0.957482
1465,12.208000,1.888283,0.155841,-0.958149
1466,12.217000,1.888167,0.155923,-0.958718
1467,12.225000,1.888435,0.156033,-0.959460
1468,12.233000,1.889032,0.156020,-0.960073
1469,12.242000,1.889639,0.155843,-0.960469
1470,12.250000,1.890363,0.155777,-0.960476
1471,12.258000,1.891023,0.155819,-0.960082
1472,12.267000,1.891490,0.155830,-0.959519
1473,12.275000,1.891687,0.155804,-0.958855
1474,12.283000,1.891578,0.155722,-0.958226
1475,12.292000,1.891302,0.155778,-0.957589
1476,12.300000,1.890732,0.155668,-0.956995
1477,12.308000,1.890014,0.155729,-0.956803
1478,12.317000,1.889363,0.155823,-0.957008
1479,12.325000,1.888779,0.155906,-0.957475
1480,12.333000,1.888267,0.155878,-0.958128
1481,12.342000,1.888136,0.155930,-0.958733
1482,12.350000,1.888425,0.156016,-0.959425
1483,12.358000,1.889013,0.156013,-0.960044
1484,12.367000,1.889641,0.155860,-0.960454
1485,12.375000,1.890365,0.155776,-0.960447
1486,12.383000,1.891024,0.155819,-0.960096
1487,12.392000,1.891505,0.155827,-0.959506
1488,12.400000,1.891689,0.155789,-0.958851
1489,12.408000,1.891584,0.155712,-0.958248
1490,12.417000,1.891317,0.155772,-0.957595
1491,12.425000,1.890748,0.155661,-0.957001
1492,12.433000,1.890026,0.155717,-0.956807
1493,12.442000,1.889371,0.155819,-0.957001
1494,12.450000,1.888802,0.155873,-0.957494
1495,12.458000,1.888303,0.155871,-0.958106
1496,12.467000,1.888158,0.155917,-0.958685
1497,12.475000,1.888435,0.156022,-0.959412
1498,12.483000,1.888998,0.155994,-0.960048
1499,12.492000,1.889640,0.155864,-0.960475
1500,12.500000,1.890366,0.155786,-0.960466
1501,12.508000,1.891022,0.155812,-0.960095
1502,12.517000,1.891515,0.155849,-0.959533
1503,12.525000,1.891684,0.155784,-0.958878
1504,12.533000,1.891596,0.155734,-0.958210
1505,12.542000,1.891305,0.155749,-0.957601
1506,12.550000,1.890768,0.155687,-0.957021
1507,12.558000,1.890047,0.155727,-0.956813
1508,12.567000,1.889408,0.155832,-0.956993
1509,12.575000,1.888794,0.155880,-0.957486
1510,12.583000,1.888299,0.155866,-0.958113
1511,12.592000,1.888154,0.155924,-0.958710
1512,12.600000,1.888415,0.156016,-0.959412
1513,12.608000,1.889013,0.156010,-0.960016
1514,12.617000,1.889641,0.155862,-0.960458
1515,12.625000,1.890355,0.155779,-0.960474
1516,12.633000,1.890998,0.155816,-0.960124
1517,12.642000,1.891497,0.155854,-0.959516
1518,12.650000,1.891697,0.155824,-0.958870
1519,12.658000,1.891590,0.155722,-0.958238
1520,12.667000,1.891329,0.155763,-0.957602
1521,12.675000,1.890776,0.155667,-0.957000
1522,12.683000,1.890052,0.155709,-0.956806
1523,12.692000,1.889403,0.155814,-0.956988
1524,12.700000,1.888810,0.155885,-0.957445
1525,12.708000,1.888310,0.155862,-0.958072
1526,12.717000,1.888161,0.155921,-0.958664
1527,12.725000,1.888403,0.156032,-0.959370
1528,12.733000,1.888988,0.156016,-0.959983
1529,12.742000,1.889623,0.155862,-0.960439
1530,12.750000,1.890310,0.155799,-0.960471
1531,12.758000,1.891003,0.155841,-0.960114
1532,12.767000,1.891487,0.155825,-0.959529
1533,12.775000,1.891688,0.155806,-0.958905
1534,12.783000,1.891602,0.155731,-0.958261
1535,12.792000,1.891330,0.155768,-0.957674
1536,12.800000,1.890787,0.155670,-0.957048
1537,12.808000,1.890074,0.155723,-0.956798
1538,12.817000,1.889430,0.155833,-0.956977
1539,12.825000,1.888812,0.155912,-0.957453
1540,12.833000,1.888342,0.155887,-0.958042
1541,12.842000,1.888161,0.155917,-0.958658
1542,12.850000,1.888372,0.156020,-0.959387
1543,12.858000,1.888962,0.156031,-0.959974
1544,12.867000,1.889578,0.155878,-0.960438
1545,12.875000,1.890280,0.155794,-0.960494
1546,12.883000,1.890965,0.155839,-0.960119
1547,12.892000,1.891471,0.155857,-0.959576
1548,12.900000,1.891676,0.155801,-0.958909
1549,12.908000,1.891626,0.155775,-0.958305
1550,12.917000,1.891361,0.155772,-0.957672
1551,12.925000,1.890822,0.155716,-0.957024
1552,12.933000,1.890095,0.155716,-0.956821
1553,12.942000,1.889457,0.155831,-0.956954
1554,12.950000,1.888849,0.155898,-0.957442
1555,12.958000,1.888326,0.155867,-0.958061
1556,12.967000,1.888161,0.155914,-0.958651
1557,12.975000,1.888371,0.156014,-0.959353
1558,12.983000,1.888960,0.156044,-0.959979
1559,12.992000,1.889575,0.155893,-0.960425
1560,13.000000,1.890276,0.155805,-0.960503
1561,13.008000,1.890956,0.155833,-0.960179
1562,13.017000,1.891464,0.155834,-0.959631
1563,13.025000,1.891683,0.155829,-0.958959
1564,13.033000,1.891628,0.155754,-0.958299
1565,13.042000,1.891385,0.155790,-0.957706
1566,13.050000,1.890846,0.155717,-0.957064
1567,13.058000,1.890136,0.155712,-0.956844
1568,13.067000,1.889461,0.155826,-0.957001
1569,13.075000,1.888857,0.155893,-0.957441
1570,13.083000,1.888355,0.155867,-0.958049
1571,13.092000,1.888150,0.155911,-0.958650
1572,13.100000,1.888367,0.156010,-0.959344
1573,13.108000,1.888944,0.156042,-0.959981
1574,13.117000,1.889559,0.155888,-0.960450
1575,13.125000,1.890263,0.155813,-0.960494
1576,13.133000,1.890949,0.155840,-0.960181
1577,13.142000,1.891445,0.155833,-0.959603
1578,13.150000,1.891676,0.155818,-0.958965
1579,13.158000,1.891610,0.155709,-0.958313
1580,13.167000,1.891370,0.155778,-0.957696
1581,13.175000,1.890841,0.155701,-0.957051
1582,13.183000,1.890113,0.155695,-0.956828
1583,13.192000,1.889465,0.155818,-0.956939
1584,13.200000,1.888867,0.155893,-0.957400
1585,13.208000,1.888336,0.155845,-0.958032
1586,13.217000,1.888130,0.155906,-0.958651
1587,13.225000,1.888347,0.156028,-0.959336
1588,13.233000,1.888943,0.156032,-0.959939
1589,13.242000,1.889546,0.155891,-0.960443
1590,13.250000,1.890262,0.155790,-0.960504
1591,13.258000,1.890947,0.155830,-0.960167
1592,13.267000,1.891444,0.155842,-0.959631
1593,13.275000,1.891673,0.155793,-0.958949
1594,13.283000,1.891628,0.155728,-0.958289
1595,13.292000,1.891371,0.155758,-0.957706
1596,13.300000,1.890831,0.155679,-0.957066
1597,13.308000,1.890158,0.155705,-0.956819
1598,13.317000,1.889467,0.155824,-0.956969
1599,13.325000,1.888887,0.155895,-0.957411
1600,13.333000,1.888356,0.155882,-0.958046
1601,13.342000,1.888149,0.155913,-0.958646
1602,13.350000,1.888361,0.155987,-0.959308
1603,13.358000,1.888920,0.156034,-0.959948
1604,13.367000,1.889534,0.155886,-0.960420
1605,13.375000,1.890247,0.155779,-0.960504
1606,13.383000,1.890929,0.155818,-0.960187
1607,13.392000,1.891450,0.155839,-0.959600
1608,13.400000,1.891679,0.155809,-0.958987
1609,13.408000,1.891624,0.155731,-0.958290
1610,13.417000,1.891374,0.155741,-0.957741
1611,13.425000,1.890836,0.155684,-0.957063
1612,13.433000,1.890149,0.155714,-0.956830
1613,13.442000,1.889475,0.155828,-0.956993
1614,13.450000,1.888909,0.155904,-0.957421
1615,13.458000,1.888363,0.155864,-0.958039
1616,13.467000,1.888183,0.155925,-0.958657
1617,13.475000,1.888377,0.156012,-0.959316
1618,13.483000,1.888920,0.156060,-0.959978
1619,13.492000,1.889531,0.155897,-0.960456
1620,13.500000,1.890247,0.155803,-0.960534
1621,13.508000,1.890940,0.155837,-0.960222
1622,13.517000,1.891458,0.155833,-0.959644
1623,13.525000,1.891705,0.155809,-0.958989
1624,13.533000,1.891637,0.155729,-0.958353
1625,13.542000,1.891404,0.155753,-0.957752
1626,13.550000,1.890886,0.155687,-0.957095
1627,13.558000,1.890177,0.155694,-0.956841
1628,13.567000,1.889495,0.155805,-0.956935
1629,13.575000,1.888914,0.155855,-0.957394
1630,13.583000,1.888374,0.155858,-0.958011
1631,13.592000,1.888159,0.155911,-0.958634
1632,13.600000,1.888362,0.155999,-0.959287
1633,13.608000,1.888904,0.156038,-0.959951
1634,13.617000,1.889519,0.155869,-0.960423
1635,13.625000,1.890224,0.155777,-0.960492
1636,13.633000,1.890907,0.155813,-0.960169
1637,13.642000,1.891444,0.155846,-0.959593
1638,13.650000,1.891667,0.155804,-0.958963
1639,13.658000,1.891628,0.155735,-0.958287
1640,13.667000,1.891388,0.155757,-0.957748
1641,13.675000,1.890851,0.155687,-0.957060
1642,13.683000,1.890162,0.155690,-0.956814
1643,13.692000,1.889486,0.155795,-0.956939
1644,13.700000,1.888887,0.155865,-0.957364
1645,13.708000,1.888368,0.155843,-0.957973
1646,13.717000,1.888148,0.155897,-0.958610
1647,13.725000,1.888349,0.156021,-0.959249
1648,13.733000,1.888888,0.156023,-0.959916
1649,13.742000,1.889506,0.155881,-0.960409
1650,13.750000,1.890222,0.155804,-0.960496
1651,13.758000,1.890906,0.155824,-0.960216
1652,13.767000,1.891439,0.155843,-0.959649
1653,13.775000,1.891677,0.155842,-0.959000
1654,13.783000,1.891627,0.155742,-0.958336
1655,13.792000,1.891411,0.155778,-0.957733
1656,13.800000,1.890864,0.155690,-0.957075
1657,13.808000,1.890155,0.155696,-0.956841
1658,13.817000,1.889499,0.155833,-0.956953
1659,13.825000,1.888903,0.155930,-0.957370
1660,13.833000,1.888383,0.155896,-0.957991
1661,13.842000,1.888154,0.155928,-0.958590
1662,13.850000,1.888322,0.156016,-0.959252
1663,13.858000,1.888883,0.156058,-0.959910
1664,13.867000,1.889491,0.155904,-0.960419
1665,13.875000,1.890203,0.155789,-0.960512
1666,13.883000,1.890911,0.155840,-0.960191
1667,13.892000,1.891426,0.155859,-0.959632
1668,13.900000,1.891673,0.155797,-0.958970
1669,13.908000,1.891636,0.155752,-0.958320
1670,13.917000,1.891400,0.155765,-0.957757
1671,13.925000,1.890855,0.155700,-0.957099
1672,13.933000,1.890182,0.155714,-0.956810
1673,13.942000,1.889508,0.155826,-0.956930
1674,13.950000,1.888879,0.155886,-0.957367
1675,13.958000,1.888375,0.155859,-0.957950
1676,13.967000,1.888137,0.155878,-0.958579
1677,13.975000,1.888299,0.155998,-0.959251
1678,13.983000,1.888883,0.156067,-0.959905
1679,13.992000,1.889483,0.155898,-0.960385
1680,14.000000,1.890181,0.155775,-0.960477
1681,14.008000,1.890894,0.155818,-0.960187
1682,14.017000,1.891415,0.155839,-0.959628
1683,14.025000,1.891638,0.155797,-0.958976
1684,14.033000,1.891609,0.155725,-0.958311
1685,14.042000,1.891373,0.155750,-0.957740
1686,14.050000,1.890848,0.155674,-0.957062
1687,14.058000,1.890152,0.155669,-0.956790
1688,14.067000,1.889506,0.155819,-0.956899
1689,14.075000,1.888893,0.155877,-0.957302
1690,14.083000,1.888348,0.155852,-0.957920
1691,14.092000,1.888096,0.155885,-0.958558
1692,14.100000,1.888265,0.155996,-0.959194
1693,14.108000,1.888825,0.156088,-0.959873
1694,14.117000,1.889413,0.155898,-0.960381
1695,14.125000,1.890126,0.155786,-0.960472
1696,14.133000,1.890837,0.155837,-0.960191
1697,14.142000,1.891381,0.155841,-0.959638
1698,14.150000,1.891646,0.155826,-0.959011
1699,14.158000,1.891622,0.155756,-0.958356
1700,14.167000,1.891407,0.155751,-0.957784
1701,14.175000,1.890879,0.155695,-0.957113
1702,14.183000,1.890221,0.155696,-0.956826
1703,14.192000,1.889533,0.155817,-0.956914
1704,14.200000,1.888932,0.155900,-0.957331
1705,14.208000,1.888398,0.155880,-0.957934
1706,14.217000,1.888155,0.155911,-0.958531
1707,14.225000,1.888300,0.155987,-0.959209
1708,14.233000,1.888829,0.156066,-0.959872
1709,14.242000,1.889448,0.155909,-0.960377
1710,14.250000,1.890161,0.155814,-0.960502
1711,14.258000,1.890849,0.155825,-0.960199
1712,14.267000,1.891384,0.155847,-0.959652
1713,14.275000,1.891656,0.155801,-0.959002
1714,14.283000,1.891629,0.155747,-0.958359
1715,14.292000,1.891399,0.155767,-0.957796
1716,14.300000,1.890878,0.155670,-0.957108
1717,14.308000,1.890211,0.155688,-0.956849
1718,14.317000,1.889539,0.155806,-0.956897
1719,14.325000,1.888936,0.155899,-0.957337
1720,14.333000,1.888409,0.155867,-0.957913
1721,14.342000,1.888126,0.155905,-0.958562
1722,14.350000,1.888280,0.155997,-0.959225
1723,14.358000,1.888837,0.156092,-0.959853
1724,14.367000,1.889433,0.155883,-0.960384
1725,14.375000,1.890165,0.155793,-0.960489
1726,14.383000,1.890847,0.155815,-0.960215
1727,14.392000,1.891390,0.155848,-0.959682
1728,14.400000,1.891661,0.155806,-0.959039
1729,14.408000,1.891653,0.155740,-0.958356
1730,14.417000,1.891430,0.155781,-0.957813
1731,14.425000,1.890916,0.155691,-0.957120
1732,14.433000,1.890242,0.155693,-0.956818
1733,14.442000,1.889528,0.155784,-0.956909
1734,14.450000,1.888949,0.155877,-0.957299
1735,14.458000,1.888414,0.155858,-0.957930
1736,14.467000,1.888151,0.155901,-0.958537
1737,14.475000,1.888316,0.155990,-0.959180
1738,14.483000,1.888836,0.156061,-0.959886
1739,14.492000,1.889434,0.155917,-0.960387
1740,14.500000,1.890136,0.155783,-0.960489
1741,14.508000,1.890832,0.155832,-0.960234
1742,14.517000,1.891380,0.155849,-0.959651
1743,14.525000,1.891646,0.155824,-0.959053
1744,14.533000,1.891647,0.155764,-0.958378
1745,14.542000,1.891426,0.155790,-0.957797
1746,14.550000,1.890936,0.155722,-0.957118
1747,14.558000,1.890260,0.155722,-0.956820
1748,14.567000,1.889562,0.155828,-0.956914
1749,14.575000,1.888984,0.155887,-0.957305
1750,14.583000,1.888425,0.155879,-0.957893
1751,14.592000,1.888152,0.155904,-0.958539
1752,14.600000,1.888309,0.156002,-0.959156
1753,14.608000,1.888821,0.156058,-0.959843
1754,14.617000,1.889415,0.155888,-0.960369
1755,14.625000,1.890146,0.155806,-0.960498
1756,14.633000,1.890833,0.155837,-0.960217
1757,14.642000,1.891380,0.155844,-0.959665
1758,14.650000,1.891637,0.155833,-0.959066
1759,14.658000,1.891623,0.155759,-0.958408
1760,14.667000,1.891422,0.155761,-0.957806
1761,14.675000,1.890915,0.155700,-0.957114
1762,14.683000,1.890230,0.155677,-0.956828
1763,14.692000,1.889553,0.155792,-0.956904
1764,14.700000,1.888961,0.155887,-0.957314
1765,14.708000,1.888406,0.155859,-0.957926
1766,14.717000,1.888152,0.155881,-0.958528
1767,14.725000,1.888304,0.155969,-0.959180
1768,14.733000,1.888825,0.156047,-0.959883
1769,14.742000,1.889457,0.155915,-0.960395
1770,14.750000,1.890165,0.155798,-0.960516
1771,14.758000,1.890838,0.155793,-0.960258
1772,14.767000,1.891413,0.155830,-0.959678
1773,14.775000,1.891694,0.155807,-0.959070
1774,14.783000,1.891671,0.155736,-0.958381
1775,14.792000,1.891432,0.155742,-0.957843
1776,14.800000,1.890931,0.155663,-0.957147
1777,14.808000,1.890268,0.155695,-0.956836
1778,14.817000,1.889572,0.155807,-0.956939
1779,14.825000,1.888968,0.155867,-0.957344
1780,14.833000,1.888429,0.155858,-0.957915
1781,14.842000,1.888168,0.155885,-0.958553
1782,14.850000,1.888310,0.155975,-0.959211
1783,14.858000,1.888841,0.156050,-0.959856
1784,14.867000,1.889441,0.155888,-0.960386
1785,14.875000,1.890139,0.155778,-0.960516
1786,14.883000,1.890831,0.155785,-0.960243
1787,14.892000,1.891382,0.155810,-0.959670
1788,14.900000,1.891642,0.155777,-0.959064
1789,14.908000,1.891647,0.155732,-0.958384
1790,14.917000,1.891439,0.155743,-0.957799
1791,14.925000,1.890927,0.155702,-0.957130
1792,14.933000,1.890247,0.155685,-0.956821
1793,14.942000,1.889567,0.155811,-0.956902
1794,14.950000,1.888965,0.155866,-0.957340
1795,14.958000,1.888438,0.155869,-0.957886
1796,14.967000,1.888164,0.155893,-0.958550
1797,14.975000,1.888297,0.155991,-0.959207
1798,14.983000,1.888816,0.156069,-0.959873
1799,14.992000,1.889426,0.155903,-0.960378
1800,15.000000,1.890142,0.155805,-0.960500
1801,15.008000,1.890837,0.155806,-0.960238
1802,15.017000,1.891399,0.155824,-0.959664
1803,15.025000,1.891672,0.155802,-0.959028
1804,15.033000,1.891664,0.155744,-0.958378
1805,15.042000,1.891428,0.155742,-0.957814
1806,15.050000,1.890936,0.155707,-0.957100
1807,15.058000,1.890238,0.155664,-0.956829
1808,15.067000,1.889569,0.155806,-0.956890
1809,15.075000,1.888954,0.155874,-0.957334
1810,15.083000,1.888408,0.155865,-0.957927
1811,15.092000,1.888147,0.155888,-0.958516
1812,15.100000,1.888286,0.155970,-0.959168
1813,15.108000,1.888819,0.156026,-0.959855
1814,15.117000,1.889427,0.155899,-0.960369
1815,15.125000,1.890126,0.155774,-0.960512
1816,15.133000,1.890823,0.155799,-0.960222
1817,15.142000,1.891379,0.155838,-0.959677
1818,15.150000,1.891660,0.155823,-0.959068
1819,15.158000,1.891644,0.155740,-0.958406
1820,15.167000,1.891439,0.155749,-0.957826
1821,15.175000,1.890918,0.155688,-0.957128
1822,15.183000,1.890263,0.155695,-0.956830
1823,15.192000,1.889588,0.155809,-0.956903
1824,15.200000,1.888968,0.155879,-0.957316
1825,15.208000,1.888425,0.155858,-0.957870
1826,15.217000,1.888146,0.155897,-0.958527
1827,15.225000,1.888281,0.155971,-0.959148
1828,15.233000,1.888813,0.156058,-0.959843
1829,15.242000,1.889400,0.155882,-0.960382
1830,15.250000,1.890123,0.155797,-0.960497
1831,15.258000,1.890836,0.155830,-0.960261
1832,15.267000,1.891366,0.155846,-0.959709
1833,15.275000,1.891650,0.155800,-0.959055
1834,15.283000,1.891646,0.155739,-0.958394
1835,15.292000,1.891428,0.155755,-0.957819
1836,15.300000,1.890941,0.155701,-0.957131
1837,15.308000,1.890263,0.155684,-0.956843
1838,15.317000,1.889568,0.155792,-0.956902
1839,15.325000,1.888954,0.155868,-0.957297
1840,15.333000,1.888428,0.155846,-0.957891
1841,15.342000,1.888156,0.155882,-0.958494
1842,15.350000,1.888270,0.155973,-0.959187
1843,15.358000,1.888789,0.156041,-0.959861
1844,15.367000,1.889393,0.155908,-0.960400
1845,15.375000,1.890114,0.155818,-0.960551
1846,15.383000,1.890807,0.155819,-0.960251
1847,15.392000,1.891344,0.155841,-0.959726
1848,15.400000,1.891654,0.155832,-0.959077
1849,15.408000,1.891634,0.155731,-0.958397
1850,15.417000,1.891405,0.155745,-0.957850
1851,15.425000,1.890929,0.155725,-0.957172
1852,15.433000,1.890264,0.155671,-0.956856
1853,15.442000,1.889584,0.155823,-0.956917
1854,15.450000,1.888989,0.155894,-0.957319
1855,15.458000,1.888436,0.155880,-0.957905
1856,15.467000,1.888147,0.155887,-0.958572
1857,15.475000,1.888279,0.156001,-0.959196
1858,15.483000,1.888794,0.156054,-0.959855
1859,15.492000,1.889386,0.155900,-0.960380
1860,15.500000,1.890112,0.155770,-0.960512
1861,15.508000,1.890814,0.155811,-0.960262
1862,15.517000,1.891370,0.155837,-0.959721
1863,15.525000,1.891641,0.155816,-0.959079
1864,15.533000,1.891640,0.155758,-0.958428
1865,15.542000,1.891438,0.155774,-0.957861
1866,15.550000,1.890931,0.155705,-0.957176
1867,15.558000,1.890291,0.155689,-0.956855
1868,15.567000,1.889591,0.155802,-0.956918
1869,15.575000,1.888997,0.155847,-0.957287
1870,15.583000,1.888453,0.155866,-0.957902
1871,15.592000,1.888174,0.155884,-0.958534
1872,15.600000,1.888304,0.155984,-0.959176
1873,15.608000,1.888810,0.156063,-0.959889
1874,15.617000,1.889429,0.155899,-0.960369
1875,15.625000,1.890131,0.155816,-0.960526
1876,15.633000,1.890809,0.155808,-0.960270
1877,15.642000,1.891381,0.155823,-0.959700
1878,15.650000,1.891654,0.155824,-0.959113
1879,15.658000,1.891658,0.155736,-0.958419
1880,15.667000,1.891438,0.155731,-0.957832
1881,15.675000,1.890939,0.155696,-0.957119
1882,15.683000,1.890291,0.155690,-0.956818
1883,15.692000,1.889558,0.155798,-0.956900
1884,15.700000,1.888985,0.155875,-0.957300
1885,15.708000,1.888431,0.155865,-0.957867
1886,15.717000,1.888132,0.155890,-0.958539
1887,15.725000,1.888268,0.155954,-0.959181
1888,15.733000,1.888798,0.156064,-0.959848
1889,15.742000,1.889400,0.155897,-0.960372
1890,15.750000,1.890095,0.155771,-0.960530
1891,15.758000,1.890780,0.155810,-0.960262
1892,15.767000,1.891355,0.155808,-0.959703
1893,15.775000,1.891645,0.155779,-0.959065
1894,15.783000,1.891640,0.155736,-0.958424
1895,15.792000,1.891432,0.155733,-0.957825
1896,15.800000,1.890935,0.155678,-0.957148
1897,15.808000,1.890274,0.155678,-0.956855
1898,15.817000,1.889579,0.155788,-0.956919
1899,15.825000,1.888986,0.155856,-0.957278
1900,15.833000,1.888409,0.155835,-0.957897
1901,15.842000,1.888152,0.155881,-0.958522
1902,15.850000,1.888279,0.155945,-0.959139
1903,15.858000,1.888790,0.156047,-0.959863
1904,15.867000,1.889394,0.155904,-0.960365
1905,15.875000,1.890082,0.155776,-0.960517
1906,15.883000,1.890797,0.155806,-0.960264
1907,15.892000,1.891356,0.155819,-0.959704
1908,15.900000,1.891661,0.155827,-0.959094
1909,15.908000,1.891661,0.155729,-0.958425
1910,15.917000,1.891436,0.155738,-0.957843
1911,15.925000,1.890957,0.155699,-0.957155
1912,15.933000,1.890296,0.155664,-0.956828
1913,15.942000,1.889591,0.155797,-0.956893
1914,15.950000,1.888993,0.155869,-0.957299
1915,15.958000,1.888457,0.155853,-0.957884
1916,15.967000,1.888159,0.155888,-0.958522
1917,15.975000,1.888278,0.155978,-0.959163
1918,15.983000,1.888803,0.156042,-0.959853
1919,15.992000,1.889395,0.155923,-0.960366
1920,16.000000,1.890091,0.155790,-0.960519
1921,16.008000,1.890792,0.155794,-0.960261
1922,16.017000,1.891361,0.155843,-0.959731
1923,16.025000,1.891658,0.155800,-0.959104
1924,16.033000,1.891650,0.155735,-0.958432
1925,16.042000,1.891444,0.155715,-0.957860
1926,16.050000,1.890964,0.155692,-0.957156
1927,16.058000,1.890290,0.155677,-0.956839
1928,16.067000,1.889600,0.155794,-0.956907
1929,16.075000,1.888996,0.155855,-0.957304
1930,16.083000,1.888432,0.155859,-0.957885
1931,16.092000,1.888151,0.155878,-0.958503
1932,16.100000,1.888288,0.155979,-0.959143
1933,16.108000,1.888795,0.156068,-0.959847
1934,16.117000,1.889392,0.155933,-0.960383
1935,16.125000,1.890098,0.155796,-0.960528
1936,16.133000,1.890789,0.155797,-0.960293
1937,16.142000,1.891364,0.155846,-0.959719
1938,16.150000,1.891675,0.155811,-0.959084
1939,16.158000,1.891665,0.155735,-0.958418
1940,16.167000,1.891452,0.155777,-0.957851
1941,16.175000,1.890970,0.155725,-0.957158
1942,16.183000,1.890312,0.155689,-0.956834
1943,16.192000,1.889609,0.155820,-0.956897
1944,16.200000,1.889001,0.155885,-0.957294
1945,16.208000,1.888474,0.155878,-0.957866
1946,16.217000,1.888171,0.155896,-0.958460
1947,16.225000,1.888273,0.155993,-0.959128
1948,16.233000,1.888775,0.156072,-0.959850
1949,16.242000,1.889386,0.155926,-0.960350
1950,16.250000,1.890080,0.155809,-0.960516
1951,16.258000,1.890785,0.155834,-0.960277
1952,16.267000,1.891363,0.155851,-0.959728
1953,16.275000,1.891644,0.155822,-0.959124
1954,16.283000,1.891640,0.155748,-0.958459
1955,16.292000,1.891461,0.155783,-0.957872
1956,16.300000,1.890961,0.155708,-0.957177
1957,16.308000,1.890308,0.155683,-0.956853
1958,16.317000,1.889608,0.155796,-0.956874
1959,16.325000,1.889006,0.155886,-0.957268
1960,16.333000,1.888463,0.155887,-0.957869
1961,16.342000,1.888163,0.155901,-0.958510
1962,16.350000,1.888247,0.155971,-0.959122
1963,16.358000,1.888765,0.156057,-0.959813
1964,16.367000,1.889367,0.155933,-0.960364
1965,16.375000,1.890062,0.155799,-0.960519
1966,16.383000,1.890753,0.155807,-0.960301
1967,16.392000,1.891319,0.155837,-0.959748
1968,16.400000,1.891631,0.155814,-0.959128
1969,16.408000,1.891646,0.155763,-0.958457
1970,16.417000,1.891461,0.155771,-0.957886
1971,16.425000,1.890978,0.155717,-0.957191
1972,16.433000,1.890323,0.155676,-0.956851
1973,16.442000,1.889635,0.155808,-0.956885
1974,16.450000,1.889017,0.155864,-0.957255
1975,16.458000,1.888459,0.155879,-0.957833
1976,16.467000,1.888159,0.155888,-0.958456
1977,16.475000,1.888250,0.155973,-0.959084
1978,16.483000,1.888732,0.156058,-0.959812
1979,16.492000,1.889327,0.155901,-0.960338
1980,16.500000,1.890008,0.155793,-0.960521
1981,16.508000,1.890738,0.155807,-0.960303
1982,16.517000,1.891312,0.155861,-0.959778
1983,16.525000,1.891646,0.155845,-0.959156
1984,16.533000,1.891657,0.155752,-0.958452
1985,16.542000,1.891447,0.155744,-0.957930
1986,16.550000,1.890990,0.155723,-0.957197
1987,16.558000,1.890351,0.155672,-0.956852
1988,16.567000,1.889649,0.155805,-0.956859
1989,16.575000,1.889053,0.155883,-0.957245
1990,16.583000,1.888477,0.155857,-0.957843
1991,16.592000,1.888142,0.155874,-0.958474
1992,16.600000,1.888221,0.155959,-0.959088
1993,16.608000,1.888717,0.156081,-0.959784
1994,16.617000,1.889331,0.155941,-0.960320
1995,16.625000,1.890020,0.155812,-0.960492
1996,16.633000,1.890716,0.155808,-0.960313
1997,16.642000,1.891309,0.155855,-0.959773
1998,16.650000,1.891638,0.155816,-0.959128
1999,16.658000,1.891643,0.155744,-0.958485
2000,16.667000,1.891441,0.155749,-0.957925
2001,16.675000,1.891020,0.155757,-0.957218
2002,16.683000,1.890359,0.155678,-0.956855
2003,16.692000,1.889666,0.155788,-0.956858
2004,16.700000,1.889049,0.155871,-0.957219
2005,16.708000,1.888478,0.155874,-0.957796
2006,16.717000,1.888175,0.155904,-0.958397
2007,16.725000,1.888218,0.155958,-0.959017
2008,16.733000,1.888675,0.156058,-0.959775
2009,16.742000,1.889284,0.155905,-0.960288
2010,16.750000,1.889985,0.155785,-0.960491
2011,16.758000,1.890691,0.155776,-0.960298
2012,16.767000,1.891295,0.155832,-0.959756
2013,16.775000,1.891616,0.155849,-0.959194
2014,16.783000,1.891664,0.155778,-0.958503
2015,16.792000,1.891503,0.155784,-0.957923
2016,16.800000,1.891056,0.155752,-0.957203
2017,16.808000,1.890422,0.155669,-0.956840
2018,16.817000,1.889707,0.155813,-0.956880
2019,16.825000,1.889131,0.155871,-0.957230
2020,16.833000,1.888572,0.155893,-0.957779
2021,16.842000,1.888189,0.155868,-0.958438
2022,16.850000,1.888237,0.155960,-0.959092
2023,16.858000,1.888720,0.156054,-0.959772
2024,16.867000,1.889309,0.155928,-0.960326
2025,16.875000,1.890000,0.155799,-0.960514
2026,16.883000,1.890703,0.155792,-0.960314
2027,16.892000,1.891291,0.155836,-0.959808
2028,16.900000,1.891633,0.155836,-0.959234
2029,16.908000,1.891674,0.155770,-0.958523
2030,16.917000,1.891480,0.155741,-0.957947
2031,16.925000,1.891049,0.155730,-0.957261
2032,16.933000,1.890416,0.155695,-0.956887
2033,16.942000,1.889703,0.155772,-0.956876
2034,16.950000,1.889109,0.155838,-0.957230
2035,16.958000,1.888527,0.155862,-0.957798
2036,16.967000,1.888166,0.155867,-0.958435
2037,16.975000,1.888235,0.155953,-0.959002
2038,16.983000,1.888684,0.156045,-0.959758
2039,16.992000,1.889281,0.155918,-0.960293
2040,17.000000,1.889970,0.155787,-0.960528
2041,17.008000,1.890675,0.155779,-0.960340
2042,17.017000,1.891286,0.155827,-0.959813
2043,17.025000,1.891629,0.155830,-0.959198
2044,17.033000,1.891665,0.155756,-0.958539
2045,17.042000,1.891494,0.155748,-0.957960
2046,17.050000,1.891044,0.155730,-0.957274
2047,17.058000,1.890409,0.155656,-0.956881
2048,17.067000,1.889709,0.155783,-0.956870
2049,17.075000,1.889101,0.155865,-0.957209
2050,17.083000,1.888528,0.155870,-0.957791
2051,17.092000,1.888195,0.155885,-0.958386
2052,17.100000,1.888227,0.155945,-0.958996
2053,17.108000,1.888662,0.156055,-0.959770
2054,17.117000,1.889276,0.155941,-0.960305
2055,17.125000,1.889959,0.155810,-0.960537
2056,17.133000,1.890678,0.155779,-0.960336
2057,17.142000,1.891293,0.155834,-0.959823
2058,17.150000,1.891614,0.155809,-0.959229
2059,17.158000,1.891659,0.155746,-0.958551
2060,17.167000,1.891481,0.155729,-0.957967
2061,17.175000,1.891071,0.155756,-0.957272
2062,17.183000,1.890419,0.155687,-0.956883
2063,17.192000,1.889729,0.155799,-0.956842
2064,17.200000,1.889099,0.155862,-0.957194
2065,17.208000,1.888541,0.155865,-0.957767
2066,17.217000,1.888198,0.155886,-0.958409
2067,17.225000,1.888232,0.155971,-0.959000
2068,17.233000,1.888677,0.156047,-0.959730
2069,17.242000,1.889268,0.155953,-0.960302
2070,17.250000,1.889934,0.155800,-0.960516
2071,17.258000,1.890671,0.155810,-0.960352
2072,17.267000,1.891281,0.155833,-0.959837
2073,17.275000,1.891612,0.155828,-0.959228
2074,17.283000,1.891672,0.155737,-0.958533
2075,17.292000,1.891475,0.155715,-0.957982
2076,17.300000,1.891073,0.155733,-0.957287
2077,17.308000,1.890438,0.155665,-0.956878
2078,17.317000,1.889741,0.155792,-0.956870
2079,17.325000,1.889125,0.155865,-0.957179
2080,17.333000,1.888535,0.155864,-0.957766
2081,17.342000,1.888192,0.155873,-0.958387
2082,17.350000,1.888212,0.155956,-0.958982
2083,17.358000,1.888645,0.156050,-0.959743
2084,17.367000,1.889248,0.155942,-0.960290
2085,17.375000,1.889938,0.155832,-0.960538
2086,17.383000,1.890657,0.155797,-0.960366
2087,17.392000,1.891272,0.155844,-0.959841
2088,17.400000,1.891613,0.155821,-0.959237
2089,17.408000,1.891668,0.155763,-0.958565
2090,17.417000,1.891498,0.155759,-0.957997
2091,17.425000,1.891072,0.155749,-0.957294
2092,17.433000,1.890449,0.155670,-0.956894
2093,17.442000,1.889740,0.155771,-0.956830
2094,17.450000,1.889104,0.155849,-0.957193
2095,17.458000,1.888552,0.155876,-0.957736
2096,17.467000,1.888182,0.155871,-0.958412
2097,17.475000,1.888206,0.155951,-0.958996
2098,17.483000,1.888659,0.156056,-0.959724
2099,17.492000,1.889236,0.155949,-0.960307
2100,17.500000,1.889930,0.155821,-0.960522
2101,17.508000,1.890643,0.155775,-0.960382
2102,17.517000,1.891249,0.155843,-0.959882
2103,17.525000,1.891629,0.155840,-0.959222
2104,17.533000,1.891674,0.155763,-0.958558
2105,17.542000,1.891490,0.155760,-0.958007
2106,17.550000,1.891094,0.155768,-0.957286
2107,17.558000,1.890460,0.155639,-0.956908
2108,17.567000,1.889731,0.155746,-0.956869
2109,17.575000,1.889130,0.155832,-0.957184
2110,17.583000,1.888550,0.155850,-0.957733
2111,17.592000,1.888207,0.155858,-0.958351
2112,17.600000,1.888203,0.155926,-0.958974
2113,17.608000,1.888631,0.156045,-0.959742
2114,17.617000,1.889245,0.155939,-0.960289
2115,17.625000,1.889917,0.155800,-0.960505
2116,17.633000,1.890647,0.155797,-0.960365
2117,17.642000,1.891243,0.155827,-0.959865
2118,17.650000,1.891620,0.155876,-0.959278
2119,17.658000,1.891688,0.155769,-0.958585
2120,17.667000,1.891520,0.155746,-0.957982
2121,17.675000,1.891122,0.155780,-0.957292
2122,17.683000,1.890481,0.155674,-0.956882
2123,17.692000,1.889766,0.155785,-0.956842
2124,17.700000,1.889161,0.155843,-0.957165
2125,17.708000,1.888592,0.155887,-0.957705
2126,17.717000,1.888183,0.155890,-0.958387
2127,17.725000,1.888204,0.155961,-0.958962
2128,17.733000,1.888657,0.156090,-0.959705
2129,17.742000,1.889222,0.155964,-0.960271
2130,17.750000,1.889908,0.155815,-0.960507
2131,17.758000,1.890629,0.155805,-0.960392
2132,17.767000,1.891248,0.155858,-0.959882
2133,17.775000,1.891631,0.155853,-0.959277
2134,17.783000,1.891691,0.155772,-0.958608
2135,17.792000,1.891504,0.155748,-0.958042
2136,17.800000,1.891139,0.155774,-0.957366
2137,17.808000,1.890511,0.155665,-0.956914
2138,17.817000,1.889809,0.155795,-0.956838
2139,17.825000,1.889207,0.155887,-0.957127
2140,17.833000,1.888578,0.155875,-0.957714
2141,17.842000,1.888212,0.155896,-0.958309
2142,17.850000,1.888208,0.155938,-0.958904
2143,17.858000,1.888601,0.156057,-0.959709
2144,17.867000,1.889199,0.155954,-0.960246
2145,17.875000,1.889873,0.155813,-0.960518
2146,17.883000,1.890609,0.155800,-0.960381
2147,17.892000,1.891237,0.155845,-0.959899
2148,17.900000,1.891595,0.155840,-0.959320
2149,17.908000,1.891696,0.155776,-0.958622
2150,17.917000,1.891529,0.155750,-0.958044
2151,17.925000,1.891151,0.155748,-0.957317
2152,17.933000,1.890529,0.155666,-0.956907
2153,17.942000,1.889797,0.155785,-0.956842
2154,17.950000,1.889208,0.155857,-0.957109
2155,17.958000,1.888630,0.155896,-0.957673
2156,17.967000,1.888204,0.155868,-0.958291
2157,17.975000,1.888192,0.155947,-0.958926
2158,17.983000,1.888598,0.156073,-0.959670
2159,17.992000,1.889203,0.155956,-0.960216
2160,18.000000,1.889860,0.155843,-0.960521
2161,18.008000,1.890591,0.155811,-0.960348
2162,18.017000,1.891200,0.155820,-0.959902
2163,18.025000,1.891583,0.155818,-0.959293
2164,18.033000,1.891687,0.155777,-0.958648
2165,18.042000,1.891522,0.155740,-0.958053
2166,18.050000,1.891162,0.155756,-0.957358
2167,18.058000,1.890538,0.155664,-0.956924
2168,18.067000,1.889837,0.155775,-0.956819
2169,18.075000,1.889213,0.155828,-0.957129
2170,18.083000,1.888609,0.155867,-0.957681
2171,18.092000,1.888219,0.155878,-0.958294
2172,18.100000,1.888196,0.155940,-0.958878
2173,18.108000,1.888581,0.156056,-0.959679
2174,18.117000,1.889184,0.155978,-0.960206
2175,18.125000,1.889835,0.155822,-0.960495
2176,18.133000,1.890569,0.155785,-0.960385
2177,18.142000,1.891207,0.155829,-0.959933
2178,18.150000,1.891600,0.155842,-0.959337
2179,18.158000,1.891688,0.155775,-0.958629
2180,18.167000,1.891541,0.155757,-0.958048
2181,18.175000,1.891168,0.155751,-0.957365
2182,18.183000,1.890557,0.155655,-0.956884
2183,18.192000,1.889828,0.155750,-0.956842
2184,18.200000,1.889208,0.155825,-0.957097
2185,18.208000,1.888626,0.155866,-0.957634
2186,18.217000,1.888225,0.155873,-0.958276
2187,18.225000,1.888203,0.155947,-0.958861
2188,18.233000,1.888589,0.156077,-0.959654
2189,18.242000,1.889182,0.155968,-0.960198
2190,18.250000,1.889840,0.155805,-0.960505
2191,18.258000,1.890567,0.155810,-0.960385
2192,18.267000,1.891197,0.155828,-0.959927
2193,18.275000,1.891590,0.155842,-0.959361
2194,18.283000,1.891688,0.155783,-0.958677
2195,18.292000,1.891544,0.155752,-0.958070
2196,18.300000,1.891171,0.155745,-0.957393
2197,18.308000,1.890575,0.155675,-0.956934
2198,18.317000,1.889869,0.155784,-0.956801
2199,18.325000,1.889236,0.155838,-0.957114
2200,18.333000,1.888653,0.155896,-0.957651
2201,18.342000,1.888223,0.155880,-0.958294
2202,18.350000,1.888180,0.155952,-0.958875
2203,18.358000,1.888550,0.156043,-0.959636
2204,18.367000,1.889160,0.155958,-0.960201
2205,18.375000,1.889805,0.155833,-0.960508
2206,18.383000,1.890536,0.155810,-0.960405
2207,18.392000,1.891161,0.155853,-0.959970
2208,18.400000,1.891573,0.155820,-0.959348
2209,18.408000,1.891705,0.155794,-0.958652
2210,18.417000,1.891553,0.155732,-0.958088
2211,18.425000,1.891187,0.155761,-0.957393
2212,18.433000,1.890594,0.155665,-0.956946
2213,18.442000,1.889778,0.155779,-0.956853
2214,18.450000,1.888873,0.155860,-0.957124
2215,18.458000,1.887990,0.155930,-0.957574
2216,18.467000,1.886996,0.155935,-0.957963
2217,18.475000,1.885907,0.155936,-0.958106
2218,18.483000,1.884896,0.156019,-0.957855
2219,18.492000,1.883904,0.155978,-0.957399
2220,18.500000,1.883011,0.155831,-0.956857
2221,18.508000,1.882072,0.155855,-0.955987
2222,18.517000,1.880746,0.155957,-0.954626
2223,18.525000,1.878949,0.155980,-0.953173
2224,18.533000,1.876725,0.155945,-0.951431
2225,18.542000,1.874154,0.156022,-0.949731
2226,18.550000,1.871145,0.156136,-0.948068
2227,18.558000,1.867697,0.155996,-0.946476
2228,18.567000,1.864295,0.156065,-0.945139
2229,18.575000,1.860835,0.156131,-0.944223
2230,18.583000,1.857698,0.156266,-0.943576
2231,18.592000,1.854347,0.156259,-0.942832
2232,18.600000,1.851083,0.156528,-0.942222
2233,18.608000,1.848163,0.156651,-0.941505
2234,18.617000,1.845457,0.156580,-0.940363
2235,18.625000,1.842891,0.156527,-0.939441
2236,18.633000,1.840578,0.156573,-0.938040
2237,18.642000,1.838250,0.156489,-0.936324
2238,18.650000,1.835454,0.156621,-0.934430
2239,18.658000,1.832382,0.156555,-0.932307
2240,18.667000,1.829060,0.156388,-0.930308
2241,18.675000,1.825577,0.156427,-0.928383
2242,18.683000,1.821810,0.156391,-0.926654
2243,18.692000,1.818072,0.156464,-0.925346
2244,18.700000,1.814291,0.156438,-0.924334
2245,18.708000,1.810622,0.156551,-0.923335
2246,18.717000,1.807148,0.156579,-0.922613
2247,18.725000,1.804007,0.156628,-0.921752
2248,18.733000,1.801289,0.156754,-0.921005
2249,18.742000,1.798759,0.156812,-0.920131
2250,18.750000,1.796309,0.156665,-0.919024
2251,18.758000,1.794002,0.156733,-0.917687
2252,18.767000,1.791671,0.156688,-0.916036
2253,18.775000,1.789115,0.156681,-0.914090
2254,18.783000,1.786084,0.156683,-0.911983
2255,18.792000,1.782730,0.156587,-0.909944
2256,18.800000,1.779303,0.156605,-0.907839
2257,18.808000,1.775621,0.156651,-0.906093
2258,18.817000,1.771718,0.156741,-0.904522
2259,18.825000,1.767891,0.156748,-0.903360
2260,18.833000,1.764160,0.156832,-0.902391
2261,18.842000,1.760734,0.156962,-0.901795
2262,18.850000,1.757408,0.156996,-0.901034
2263,18.858000,1.754653,0.157049,-0.900210
2264,18.867000,1.752330,0.157025,-0.899334
2265,18.875000,1.749956,0.156824,-0.897956
2266,18.883000,1.747748,0.156777,-0.896688
2267,18.892000,1.745162,0.156868,-0.895025
2268,18.900000,1.742423,0.156946,-0.893040
2269,18.908000,1.739280,0.157047,-0.891064
2270,18.917000,1.735895,0.156973,-0.889182
2271,18.925000,1.732453,0.156883,-0.887294
2272,18.933000,1.728746,0.156930,-0.885560
2273,18.942000,1.724856,0.157017,-0.884045
2274,18.950000,1.720988,0.157172,-0.882830
2275,18.958000,1.717493,0.157199,-0.881975
2276,18.967000,1.714120,0.157218,-0.881301
2277,18.975000,1.710924,0.157340,-0.880668
2278,18.983000,1.708050,0.157386,-0.880083
2279,18.992000,1.705595,0.157338,-0.879513
2280,19.000000,1.703099,0.157258,-0.878558
2281,19.008000,1.700691,0.157193,-0.877220
2282,19.017000,1.698481,0.157352,-0.875729
2283,19.025000,1.695875,0.157367,-0.873813
2284,19.033000,1.693049,0.157374,-0.871875
2285,19.042000,1.689916,0.157253,-0.870051
2286,19.050000,1.686725,0.157295,-0.868099
2287,19.058000,1.683233,0.157208,-0.866482
2288,19.067000,1.679632,0.157329,-0.865192
2289,19.075000,1.675953,0.157305,-0.864126
2290,19.083000,1.672643,0.157446,-0.863525
2291,19.092000,1.669289,0.157383,-0.862853
2292,19.100000,1.666441,0.157526,-0.862548
2293,19.108000,1.663990,0.157602,-0.862060
2294,19.117000,1.661693,0.157706,-0.861415
2295,19.125000,1.659690,0.157621,-0.860565
2296,19.133000,1.657706,0.157663,-0.859371
2297,19.142000,1.655771,0.157396,-0.857916
2298,19.150000,1.653489,0.157516,-0.856425
2299,19.158000,1.651260,0.157578,-0.854636
2300,19.167000,1.648575,0.157635,-0.852599
2301,19.175000,1.646015,0.157641,-0.851116
2302,19.183000,1.643023,0.157618,-0.849497
2303,19.192000,1.639740,0.157713,-0.848280
2304,19.200000,1.636565,0.157881,-0.847439
2305,19.208000,1.633581,0.157851,-0.846810
2306,19.217000,1.630880,0.157949,-0.846525
2307,19.225000,1.628247,0.157995,-0.846213
2308,19.233000,1.626220,0.158025,-0.845906
2309,19.242000,1.624352,0.158122,-0.845488
2310,19.250000,1.622598,0.157975,-0.844821
2311,19.258000,1.620995,0.157928,-0.843784
2312,19.267000,1.619423,0.157819,-0.842461
2313,19.275000,1.617735,0.157897,-0.840922
2314,19.283000,1.615298,0.157893,-0.839138
2315,19.292000,1.612794,0.157777,-0.837336
2316,19.300000,1.609950,0.157788,-0.835707
2317,19.308000,1.606894,0.157832,-0.834110
2318,19.317000,1.603950,0.157903,-0.833007
2319,19.325000,1.600854,0.157890,-0.832144
2320,19.333000,1.597662,0.157931,-0.831510
2321,19.342000,1.594759,0.157989,-0.831054
2322,19.350000,1.592229,0.158113,-0.830767
2323,19.358000,1.590027,0.158269,-0.830568
2324,19.367000,1.588272,0.158163,-0.830059
2325,19.375000,1.586292,0.158150,-0.829345
2326,19.383000,1.584785,0.158264,-0.828379
2327,19.392000,1.583210,0.158251,-0.827101
2328,19.400000,1.581142,0.158266,-0.825773
2329,19.408000,1.578937,0.158178,-0.824217
2330,19.417000,1.576231,0.158134,-0.822818
2331,19.425000,1.573425,0.158218,-0.821207
2332,19.433000,1.570670,0.158181,-0.819711
2333,19.442000,1.567611,0.158281,-0.818649
2334,19.450000,1.564388,0.158285,-0.817715
2335,19.458000,1.561546,0.158361,-0.817183
2336,19.467000,1.558636,0.158403,-0.816698
2337,19.475000,1.556166,0.158546,-0.816481
2338,19.483000,1.554085,0.158519,-0.816249
2339,19.492000,1.552215,0.158532,-0.815828
2340,19.500000,1.550608,0.158586,-0.815296
2341,19.508000,1.549071,0.158554,-0.814440
2342,19.517000,1.547392,0.158622,-0.813301
2343,19.525000,1.545803,0.158509,-0.811945
2344,19.533000,1.543624,0.158463,-0.810436
2345,19.542000,1.541348,0.158396,-0.808843
2346,19.550000,1.538910,0.158435,-0.807374
2347,19.558000,1.536323,0.158318,-0.805943
2348,19.567000,1.533402,0.158442,-0.804924
2349,19.575000,1.530443,0.158470,-0.804239
2350,19.583000,1.527775,0.158547,-0.803833
2351,19.592000,1.525131,0.158506,-0.803429
2352,19.600000,1.522954,0.158612,-0.803436
2353,19.608000,1.521080,0.158655,-0.803288
2354,19.617000,1.519576,0.158599,-0.802984
2355,19.625000,1.518078,0.158619,-0.802409
2356,19.633000,1.516762,0.158617,-0.801742
2357,19.642000,1.515349,0.158514,-0.800490
2358,19.650000,1.513675,0.158626,-0.799014
2359,19.658000,1.511632,0.158557,-0.797348
2360,19.667000,1.509482,0.158590,-0.795819
2361,19.675000,1.507086,0.158507,-0.794327
2362,19.683000,1.504546,0.158527,-0.792876
2363,19.692000,1.501883,0.158635,-0.791896
2364,19.700000,1.498791,0.158700,-0.791071
2365,19.708000,1.496091,0.158795,-0.790652
2366,19.717000,1.493621,0.158744,-0.790378
2367,19.725000,1.491241,0.158804,-0.790219
2368,19.733000,1.489538,0.158808,-0.790188
2369,19.742000,1.487787,0.158765,-0.789897
2370,19.750000,1.486236,0.158754,-0.789290
2371,19.758000,1.484877,0.158696,-0.788482
2372,19.767000,1.483523,0.158652,-0.787419
2373,19.775000,1.481876,0.158668,-0.785931
2374,19.783000,1.479929,0.158574,-0.784507
2375,19.792000,1.477652,0.158622,-0.782957
2376,19.800000,1.475241,0.158585,-0.781556
2377,19.808000,1.472647,0.158581,-0.780190
2378,19.817000,1.469705,0.158737,-0.778988
2379,19.825000,1.466880,0.158718,-0.778218
2380,19.833000,1.464077,0.158795,-0.777596
2381,19.842000,1.461676,0.158841,-0.777234
2382,19.850000,1.459345,0.158897,-0.777036
2383,19.858000,1.457319,0.158972,-0.776899
2384,19.867000,1.455759,0.158946,-0.776573
2385,19.875000,1.454216,0.158953,-0.775979
2386,19.883000,1.452748,0.158876,-0.775137
2387,19.892000,1.451317,0.158834,-0.774003
2388,19.900000,1.449549,0.158824,-0.772490
2389,19.908000,1.447474,0.158852,-0.771043
2390,19.917000,1.445098,0.158741,-0.769472
2391,19.925000,1.442618,0.158811,-0.767969
2392,19.933000,1.440033,0.158764,-0.766703
2393,19.942000,1.437127,0.158939,-0.765639
2394,19.950000,1.434268,0.159055,-0.764986
2395,19.958000,1.431590,0.159054,-0.764688
2396,19.967000,1.428948,0.159107,-0.764530
2397,19.975000,1.426699,0.159254,-0.764510
2398,19.983000,1.424689,0.159307,-0.764329
2399,19.992000,1.423034,0.159219,-0.764053
2400,20.000000,1.421291,0.159322,-0.763522
2401,20.008000,1.420009,0.159294,-0.762717
2402,20.017000,1.418540,0.159213,-0.761564
2403,20.025000,1.416838,0.159197,-0.760261
2404,20.033000,1.414846,0.159154,-0.758511
2405,20.042000,1.412445,0.159150,-0.757036
2406,20.050000,1.410118,0.159162,-0.755439
2407,20.058000,1.407372,0.159212,-0.754057
2408,20.067000,1.404481,0.159252,-0.753070
2409,20.075000,1.401579,0.159321,-0.752190
2410,20.083000,1.398753,0.159420,-0.751820
2411,20.092000,1.396061,0.159437,-0.751580
2412,20.100000,1.393755,0.159498,-0.751364
2413,20.108000,1.391664,0.159555,-0.751269
2414,20.117000,1.390012,0.159518,-0.751127
2415,20.125000,1.388379,0.159575,-0.750605
2416,20.133000,1.386932,0.159623,-0.749772
2417,20.142000,1.385488,0.159595,-0.748784
2418,20.150000,1.383896,0.159471,-0.747511
2419,20.158000,1.381884,0.159495,-0.745927
2420,20.167000,1.379626,0.159505,-0.744453
2421,20.175000,1.377237,0.159493,-0.742804
2422,20.183000,1.374592,0.159534,-0.741356
2423,20.192000,1.371659,0.159486,-0.740342
2424,20.200000,1.368783,0.159649,-0.739501
2425,20.208000,1.366000,0.159644,-0.738953
2426,20.217000,1.363272,0.159726,-0.738672
2427,20.225000,1.360955,0.159781,-0.738433
2428,20.233000,1.358944,0.159754,-0.738200
2429,20.242000,1.357332,0.159726,-0.737989
2430,20.250000,1.355621,0.159816,-0.737540
2431,20.258000,1.354219,0.159779,-0.736757
2432,20.267000,1.352810,0.159771,-0.735739
2433,20.275000,1.351061,0.159677,-0.734446
2434,20.283000,1.349184,0.159643,-0.732984
2435,20.292000,1.346835,0.159711,-0.731496
2436,20.300000,1.344428,0.159640,-0.730008
2437,20.308000,1.341496,0.159639,-0.728639
2438,20.317000,1.338573,0.159601,-0.727579
2439,20.325000,1.335670,0.159693,-0.726819
2440,20.333000,1.332875,0.159771,-0.726363
2441,20.342000,1.330383,0.159824,-0.726035
2442,20.350000,1.328154,0.159968,-0.725803
2443,20.358000,1.326076,0.159962,-0.725647
2444,20.367000,1.324312,0.159923,-0.725436
2445,20.375000,1.322619,0.159938,-0.725058
2446,20.383000,1.321051,0.159899,-0.724343
2447,20.392000,1.319472,0.159785,-0.723368
2448,20.400000,1.317606,0.159719,-0.722104
2449,20.408000,1.315343,0.159718,-0.720628
2450,20.417000,1.312921,0.159705,-0.719320
2451,20.425000,1.310300,0.159702,-0.717666
2452,20.433000,1.307714,0.159674,-0.716348
2453,20.442000,1.304901,0.159802,-0.715368
2454,20.450000,1.301865,0.159867,-0.714562
2455,20.458000,1.299094,0.159749,-0.714176
2456,20.467000,1.296391,0.159806,-0.714050
2457,20.475000,1.294130,0.159851,-0.713868
2458,20.483000,1.292099,0.159840,-0.713745
2459,20.492000,1.290356,0.159700,-0.713615
2460,20.500000,1.288667,0.159732,-0.713325
2461,20.508000,1.287341,0.159777,-0.712542
2462,20.517000,1.285973,0.159869,-0.711547
2463,20.525000,1.284343,0.159818,-0.710369
2464,20.533000,1.282575,0.159752,-0.708999
2465,20.542000,1.280392,0.159777,-0.707500
2466,20.550000,1.277988,0.159753,-0.706217
2467,20.558000,1.275238,0.159780,-0.704921
2468,20.567000,1.272426,0.159848,-0.703929
2469,20.575000,1.269442,0.159844,-0.703236
2470,20.583000,1.266698,0.159907,-0.702918
2471,20.592000,1.264125,0.159919,-0.702773
2472,20.600000,1.261857,0.160018,-0.702769
2473,20.608000,1.259931,0.160099,-0.702796
2474,20.617000,1.258228,0.160092,-0.702744
2475,20.625000,1.256502,0.160141,-0.702512
2476,20.633000,1.255058,0.160123,-0.701869
2477,20.642000,1.253462,0.160191,-0.700989
2478,20.650000,1.251825,0.160115,-0.699856
2479,20.658000,1.249983,0.160042,-0.698471
2480,20.667000,1.247652,0.160047,-0.697145
2481,20.675000,1.245259,0.160015,-0.695857
2482,20.683000,1.242470,0.160067,-0.694688
2483,20.692000,1.239545,0.160149,-0.693909
2484,20.700000,1.236468,0.160092,-0.693316
2485,20.708000,1.233433,0.160149,-0.693082
2486,20.717000,1.230591,0.160062,-0.692920
2487,20.725000,1.228092,0.160067,-0.692996
2488,20.733000,1.226014,0.160223,-0.693072
2489,20.742000,1.224195,0.160146,-0.693077
2490,20.750000,1.222461,0.160172,-0.692896
2491,20.758000,1.220860,0.160156,-0.692385
2492,20.767000,1.219340,0.160113,-0.691550
2493,20.775000,1.217684,0.160031,-0.690442
2494,20.783000,1.215657,0.160070,-0.689152
2495,20.792000,1.213436,0.160115,-0.687829
2496,20.800000,1.210890,0.160132,-0.686769
2497,20.808000,1.208103,0.159990,-0.685677
2498,20.817000,1.205212,0.160077,-0.685111
2499,20.825000,1.202219,0.160135,-0.684778
2500,20.833000,1.199426,0.160073,-0.684777
2501,20.842000,1.196865,0.160049,-0.684967
2502,20.850000,1.194513,0.160094,-0.685402
2503,20.858000,1.192578,0.160007,-0.685872
2504,20.867000,1.190924,0.159993,-0.686168
2505,20.875000,1.189319,0.159995,-0.686087
2506,20.883000,1.187891,0.159988,-0.685806
2507,20.892000,1.186467,0.159993,-0.685108
2508,20.900000,1.184746,0.159903,-0.684042
2509,20.908000,1.182822,0.159839,-0.683024
2510,20.917000,1.180459,0.159847,-0.681916
2511,20.925000,1.177935,0.159750,-0.680894
2512,20.933000,1.175071,0.159771,-0.679993
2513,20.942000,1.172215,0.159761,-0.679552
2514,20.950000,1.169195,0.159796,-0.679366
2515,20.958000,1.166348,0.159875,-0.679538
2516,20.967000,1.163748,0.159847,-0.679957
2517,20.975000,1.161330,0.159930,-0.680513
2518,20.983000,1.159310,0.159913,-0.680909
2519,20.992000,1.157500,0.159937,-0.681399
2520,21.000000,1.156037,0.159995,-0.681577
2521,21.008000,1.154712,0.160003,-0.681351
2522,21.017000,1.153352,0.159988,-0.680949
2523,21.025000,1.151898,0.159939,-0.680345
2524,21.033000,1.149849,0.159896,-0.679562
2525,21.042000,1.147448,0.159993,-0.678884
2526,21.050000,1.144855,0.159918,-0.678166
2527,21.058000,1.142187,0.159876,-0.677746
2528,21.067000,1.139222,0.159927,-0.677529
2529,21.075000,1.136161,0.159919,-0.677721
2530,21.083000,1.133334,0.160015,-0.678231
2531,21.092000,1.130719,0.160066,-0.678837
2532,21.100000,1.128466,0.160050,-0.679603
2533,21.108000,1.126480,0.160038,-0.680377
2534,21.117000,1.124850,0.160060,-0.681167
2535,21.125000,1.123329,0.160125,-0.681515
2536,21.133000,1.121872,0.160113,-0.681583
2537,21.142000,1.120324,0.160030,-0.681345
2538,21.150000,1.118724,0.159915,-0.680950
2539,21.158000,1.116645,0.159961,-0.680356
2540,21.167000,1.114418,0.159953,-0.679806
2541,21.175000,1.111859,0.160020,-0.679407
2542,21.183000,1.109077,0.159896,-0.679071
2543,21.192000,1.106282,0.159956,-0.679286
2544,21.200000,1.103364,0.160102,-0.679673
2545,21.208000,1.100600,0.160055,-0.680305
2546,21.217000,1.097974,0.160020,-0.681315
2547,21.225000,1.095810,0.160100,-0.682248
2548,21.233000,1.093918,0.160103,-0.683175
2549,21.242000,1.092252,0.160102,-0.684091
2550,21.250000,1.090735,0.160085,-0.684696
2551,21.258000,1.089348,0.160092,-0.684830
2552,21.267000,1.087840,0.159946,-0.684759
2553,21.275000,1.086176,0.159985,-0.684487
2554,21.283000,1.084264,0.160047,-0.684106
2555,21.292000,1.081837,0.159993,-0.683685
2556,21.300000,1.079226,0.159960,-0.683587
2557,21.308000,1.076411,0.160033,-0.683521
2558,21.317000,1.073533,0.160014,-0.683828
2559,21.325000,1.070633,0.159982,-0.684462
2560,21.333000,1.067819,0.160100,-0.685320
2561,21.342000,1.065320,0.160085,-0.686410
2562,21.350000,1.063052,0.160176,-0.687633
2563,21.358000,1.061245,0.160053,-0.688868
2564,21.367000,1.059546,0.160036,-0.689855
2565,21.375000,1.057929,0.160067,-0.690501
2566,21.383000,1.056534,0.160021,-0.690823
2567,21.392000,1.054895,0.160011,-0.690908
2568,21.400000,1.053005,0.159890,-0.690732
2569,21.408000,1.050782,0.159871,-0.690510
2570,21.417000,1.048290,0.159917,-0.690427
2571,21.425000,1.045538,0.159831,-0.690298
2572,21.433000,1.042646,0.159731,-0.690559
2573,21.442000,1.039679,0.159855,-0.691172
2574,21.450000,1.036676,0.159869,-0.691928
2575,21.458000,1.033867,0.159846,-0.692991
2576,21.467000,1.031306,0.159986,-0.694272
2577,21.475000,1.029161,0.160016,-0.695504
2578,21.483000,1.027277,0.159917,-0.696795
2579,21.492000,1.025560,0.159891,-0.697895
2580,21.500000,1.024077,0.159846,-0.698455
2581,21.508000,1.022344,0.159860,-0.698791
2582,21.517000,1.020648,0.159765,-0.698784
2583,21.525000,1.018726,0.159665,-0.698659
2584,21.533000,1.016579,0.159677,-0.698453
2585,21.542000,1.014215,0.159678,-0.698481
2586,21.550000,1.011605,0.159676,-0.698514
2587,21.558000,1.008838,0.159634,-0.698934
2588,21.567000,1.005892,0.159669,-0.699685
2589,21.575000,1.002943,0.159720,-0.700725
2590,21.583000,1.000261,0.159610,-0.701949
2591,21.592000,0.997789,0.159618,-0.703378
2592,21.600000,0.995620,0.159602,-0.704859
2593,21.608000,0.993748,0.159539,-0.706300
2594,21.617000,0.992290,0.159416,-0.707717
2595,21.625000,0.990825,0.159525,-0.708690
2596,21.633000,0.989543,0.159615,-0.709354
2597,21.642000,0.988209,0.159519,-0.709811
2598,21.650000,0.986640,0.159550,-0.710005
2599,21.658000,0.984740,0.159649,-0.710145
2600,21.667000,0.982406,0.159615,-0.710403
2601,21.675000,0.980055,0.159676,-0.710823
2602,21.683000,0.977469,0.159667,-0.711558
2603,21.692000,0.974720,0.159799,-0.712573
2604,21.700000,0.972003,0.159831,-0.713774
2605,21.708000,0.969504,0.159781,-0.715366
2606,21.717000,0.967247,0.159911,-0.716914
2607,21.725000,0.965302,0.159922,-0.718540
2608,21.733000,0.963676,0.159967,-0.720178
2609,21.742000,0.962195,0.159951,-0.721533
2610,21.750000,0.960870,0.159902,-0.722567
2611,21.758000,0.959447,0.159895,-0.723232
2612,21.767000,0.958021,0.159947,-0.723739
2613,21.775000,0.956230,0.159893,-0.724029
2614,21.783000,0.954032,0.159877,-0.724260
2615,21.792000,0.951633,0.159858,-0.724714
2616,21.800000,0.949141,0.159862,-0.725174
2617,21.808000,0.946444,0.159854,-0.725964
2618,21.817000,0.943637,0.159939,-0.727109
2619,21.825000,0.940918,0.159794,-0.728493
2620,21.833000,0.938342,0.159823,-0.729945
2621,21.842000,0.936194,0.159879,-0.731802
2622,21.850000,0.934408,0.160019,-0.733426
2623,21.858000,0.932927,0.159988,-0.735046
2624,21.867000,0.931538,0.159892,-0.736466
2625,21.875000,0.930284,0.159834,-0.737566
2626,21.883000,0.929126,0.159854,-0.738317
2627,21.892000,0.927835,0.159893,-0.738925
2628,21.900000,0.926166,0.159947,-0.739371
2629,21.908000,0.924288,0.159906,-0.739821
2630,21.917000,0.922046,0.159818,-0.740272
2631,21.925000,0.919649,0.159803,-0.740910
2632,21.933000,0.917209,0.159980,-0.741973
2633,21.942000,0.914701,0.159961,-0.743235
2634,21.950000,0.912344,0.160094,-0.744915
2635,21.958000,0.910277,0.160074,-0.746579
2636,21.967000,0.908491,0.160188,-0.748451
2637,21.975000,0.907051,0.160227,-0.750281
2638,21.983000,0.905914,0.160200,-0.752043
2639,21.992000,0.904989,0.160216,-0.753422
2640,22.000000,0.904110,0.160203,-0.754565
2641,22.008000,0.903148,0.160152,-0.755409
2642,22.017000,0.902032,0.160120,-0.755879
2643,22.025000,0.900564,0.160095,-0.756052
2644,22.033000,0.898485,0.160242,-0.756511
2645,22.042000,0.895981,0.160179,-0.757253
2646,22.050000,0.893197,0.160095,-0.758317
2647,22.058000,0.890420,0.160119,-0.759761
2648,22.067000,0.887860,0.160104,-0.761382
2649,22.075000,0.885573,0.160099,-0.763173
2650,22.083000,0.883388,0.160254,-0.765092
2651,22.092000,0.881558,0.160274,-0.767250
2652,22.100000,0.880055,0.160314,-0.769426
2653,22.108000,0.878791,0.160280,-0.771472
2654,22.117000,0.877774,0.160212,-0.773141
2655,22.125000,0.876904,0.160272,-0.774248
2656,22.133000,0.875849,0.160344,-0.775156
2657,22.142000,0.874550,0.160280,-0.775923
2658,22.150000,0.873027,0.160247,-0.776472
2659,22.158000,0.871106,0.160349,-0.777106
2660,22.167000,0.869052,0.160420,-0.777656
2661,22.175000,0.866678,0.160356,-0.778542
2662,22.183000,0.864257,0.160460,-0.779657
2663,22.192000,0.861997,0.160408,-0.781021
2664,22.200000,0.859896,0.160480,-0.782632
2665,22.208000,0.857885,0.160490,-0.784394
2666,22.217000,0.856255,0.160558,-0.786294
2667,22.225000,0.855057,0.160510,-0.788128
2668,22.233000,0.854116,0.160493,-0.789528
2669,22.242000,0.853281,0.160464,-0.790790
2670,22.250000,0.852480,0.160426,-0.791632
2671,22.258000,0.851452,0.160425,-0.792240
2672,22.267000,0.850257,0.160381,-0.792560
2673,22.275000,0.848765,0.160341,-0.792727
2674,22.283000,0.846969,0.160296,-0.793031
2675,22.292000,0.844927,0.160245,-0.793384
2676,22.300000,0.842763,0.160266,-0.794196
2677,22.308000,0.840462,0.160423,-0.795180
2678,22.317000,0.838245,0.160442,-0.796480
2679,22.325000,0.836215,0.160413,-0.797903
2680,22.333000,0.834542,0.160467,-0.799612
2681,22.342000,0.833057,0.160530,-0.801262
2682,22.350000,0.831992,0.160540,-0.802747
2683,22.358000,0.831156,0.160496,-0.804215
2684,22.367000,0.830408,0.160461,-0.805331
2685,22.375000,0.829786,0.160391,-0.805938
2686,22.383000,0.829043,0.160351,-0.806251
2687,22.392000,0.827971,0.160389,-0.806441
2688,22.400000,0.826514,0.160485,-0.806504
2689,22.408000,0.824825,0.160512,-0.806558
2690,22.417000,0.822882,0.160501,-0.806889
2691,22.425000,0.820741,0.160501,-0.807398
2692,22.433000,0.818563,0.160642,-0.808157
2693,22.442000,0.816361,0.160682,-0.809266
2694,22.450000,0.814376,0.160870,-0.810567
2695,22.458000,0.812736,0.161056,-0.811872
2696,22.467000,0.811391,0.161177,-0.813327
2697,22.475000,0.810273,0.161132,-0.814861
2698,22.483000,0.809267,0.161108,-0.816153
2699,22.492000,0.808493,0.161079,-0.817130
2700,22.500000,0.807750,0.161081,-0.817741
2701,22.508000,0.807027,0.161068,-0.818111
2702,22.517000,0.805962,0.161147,-0.818244
2703,22.525000,0.804473,0.161129,-0.818339
2704,22.533000,0.802721,0.161060,-0.818585
2705,22.542000,0.800707,0.160992,-0.818792
2706,22.550000,0.798582,0.160968,-0.819333
2707,22.558000,0.796391,0.161198,-0.820189
2708,22.567000,0.794301,0.161178,-0.821226
2709,22.575000,0.792382,0.161193,-0.822509
2710,22.583000,0.790625,0.161271,-0.823976
2711,22.592000,0.789309,0.161326,-0.825327
2712,22.600000,0.788166,0.161366,-0.826760
2713,22.608000,0.787363,0.161354,-0.828101
2714,22.617000,0.786621,0.161392,-0.828970
2715,22.625000,0.785979,0.161402,-0.829551
2716,22.633000,0.785237,0.161401,-0.829924
2717,22.642000,0.784092,0.161413,-0.830054
2718,22.650000,0.782673,0.161345,-0.830023
2719,22.658000,0.780950,0.161315,-0.830110
2720,22.667000,0.779154,0.161284,-0.830268
2721,22.675000,0.777216,0.161367,-0.830799
2722,22.683000,0.775242,0.161537,-0.831450
2723,22.692000,0.773139,0.161494,-0.832496
2724,22.700000,0.771168,0.161524,-0.833770
2725,22.708000,0.769478,0.161559,-0.834999
2726,22.717000,0.768186,0.161694,-0.836330
2727,22.725000,0.767077,0.161746,-0.837811
2728,22.733000,0.766158,0.161763,-0.839048
2729,22.742000,0.765467,0.161766,-0.840038
2730,22.750000,0.764848,0.161749,-0.840727
2731,22.758000,0.764103,0.161594,-0.841286
2732,22.767000,0.762997,0.161497,-0.841440
2733,22.775000,0.761551,0.161561,-0.841292
2734,22.783000,0.759811,0.161514,-0.841451
2735,22.792000,0.757765,0.161564,-0.841557
2736,22.800000,0.755599,0.161494,-0.842166
2737,22.808000,0.753348,0.161553,-0.842904
2738,22.817000,0.751217,0.161641,-0.843927
2739,22.825000,0.749367,0.161622,-0.845211
2740,22.833000,0.747561,0.161720,-0.846769
2741,22.842000,0.746196,0.161831,-0.848076
2742,22.850000,0.745032,0.161796,-0.849568
2743,22.858000,0.744067,0.161795,-0.850950
2744,22.867000,0.743323,0.161729,-0.851866
2745,22.875000,0.742570,0.161702,-0.852421
2746,22.883000,0.741685,0.161593,-0.852842
2747,22.892000,0.740563,0.161640,-0.852945
2748,22.900000,0.739131,0.161701,-0.852893
2749,22.908000,0.737370,0.161692,-0.853091
2750,22.917000,0.735447,0.161544,-0.853288
2751,22.925000,0.733463,0.161468,-0.853943
2752,22.933000,0.731386,0.161627,-0.854674
2753,22.942000,0.729347,0.161615,-0.855902
2754,22.950000,0.727515,0.161752,-0.857040
2755,22.958000,0.725797,0.161892,-0.858361
2756,22.967000,0.724573,0.161885,-0.859723
2757,22.975000,0.723589,0.161892,-0.861221
2758,22.983000,0.722764,0.161924,-0.862396
2759,22.992000,0.722054,0.161966,-0.863257
2760,23.000000,0.721474,0.162000,-0.863701
2761,23.008000,0.720864,0.161976,-0.864055
2762,23.017000,0.719974,0.161935,-0.864274
2763,23.025000,0.718608,0.161866,-0.864313
2764,23.033000,0.716993,0.161861,-0.864440
2765,23.042000,0.715052,0.161872,-0.864625
2766,23.050000,0.713140,0.161836,-0.865219
2767,23.058000,0.711006,0.162033,-0.865939
2768,23.067000,0.709020,0.161956,-0.866943
2769,23.075000,0.706904,0.162021,-0.868215
2770,23.083000,0.705066,0.162159,-0.869654
2771,23.092000,0.703667,0.162301,-0.871126
2772,23.100000,0.702608,0.162323,-0.872733
2773,23.108000,0.701621,0.162297,-0.874097
2774,23.117000,0.700932,0.162227,-0.875114
2775,23.125000,0.700241,0.162276,-0.875771
2776,23.133000,0.699486,0.162172,-0.876174
2777,23.142000,0.698347,0.162109,-0.876308
2778,23.150000,0.696950,0.162150,-0.876383
2779,23.158000,0.695182,0.162195,-0.876356
2780,23.167000,0.693217,0.162288,-0.876623
2781,23.175000,0.691297,0.162283,-0.877130
2782,23.183000,0.689146,0.162286,-0.878025
2783,23.192000,0.687151,0.162349,-0.879117
2784,23.200000,0.685323,0.162413,-0.880319
2785,23.208000,0.683695,0.162576,-0.881658
2786,23.217000,0.682303,0.162712,-0.883068
2787,23.225000,0.681326,0.162656,-0.884361
2788,23.233000,0.680387,0.162566,-0.885749
2789,23.242000,0.679495,0.162493,-0.886790
2790,23.250000,0.678772,0.162547,-0.887426
2791,23.258000,0.678072,0.162485,-0.887978
2792,23.267000,0.677100,0.162409,-0.888252
2793,23.275000,0.675824,0.162373,-0.888365
2794,23.283000,0.674087,0.162430,-0.888604
2795,23.292000,0.672075,0.162355,-0.888982
2796,23.300000,0.669885,0.162319,-0.889435
2797,23.308000,0.667630,0.162468,-0.890003
2798,23.317000,0.665507,0.162589,-0.891032
2799,23.325000,0.663553,0.162501,-0.892329
2800,23.333000,0.661711,0.162598,-0.893645
2801,23.342000,0.660323,0.162778,-0.894931
2802,23.350000,0.659390,0.162777,-0.896397
2803,23.358000,0.658444,0.162814,-0.897698
2804,23.367000,0.657630,0.162857,-0.898484
2805,23.375000,0.656973,0.162880,-0.898984
2806,23.383000,0.656184,0.162782,-0.899441
2807,23.392000,0.654992,0.162734,-0.899702
2808,23.400000,0.653554,0.162735,-0.899698
2809,23.408000,0.651885,0.162795,-0.899764
2810,23.417000,0.649962,0.162762,-0.899993
2811,23.425000,0.647918,0.162789,-0.900530
2812,23.433000,0.645619,0.162950,-0.901291
2813,23.442000,0.643252,0.162984,-0.902152
2814,23.450000,0.641066,0.162939,-0.903448
2815,23.458000,0.638966,0.163119,-0.904904
2816,23.467000,0.637331,0.163292,-0.906268
2817,23.475000,0.635800,0.163403,-0.907955
2818,23.483000,0.634553,0.163209,-0.909408
2819,23.492000,0.633382,0.163169,-0.910692
2820,23.500000,0.632225,0.163237,-0.911579
2821,23.508000,0.631152,0.163216,-0.912167
2822,23.517000,0.629657,0.163135,-0.912558
2823,23.525000,0.627775,0.163187,-0.912798
2824,23.533000,0.625282,0.163123,-0.913276
2825,23.542000,0.622633,0.163220,-0.913822
2826,23.550000,0.619788,0.163253,-0.914707
2827,23.558000,0.616714,0.163303,-0.915858
2828,23.567000,0.613760,0.163309,-0.917260
2829,23.575000,0.611004,0.163203,-0.918897
2830,23.583000,0.608116,0.163433,-0.920568
2831,23.592000,0.605744,0.163406,-0.922470
2832,23.600000,0.603719,0.163549,-0.924542
2833,23.608000,0.601886,0.163644,-0.926394
2834,23.617000,0.600128,0.163671,-0.927987
2835,23.625000,0.598538,0.163543,-0.929189
2836,23.633000,0.596737,0.163425,-0.930221
2837,23.642000,0.594562,0.163473,-0.930952
2838,23.650000,0.592271,0.163415,-0.931560
2839,23.658000,0.589503,0.163416,-0.932150
2840,23.667000,0.586510,0.163499,-0.932878
2841,23.675000,0.583516,0.163500,-0.933883
2842,23.683000,0.580355,0.163550,-0.935305
2843,23.692000,0.577081,0.163632,-0.936864
2844,23.700000,0.574164,0.163721,-0.938603
2845,23.708000,0.571279,0.163855,-0.940488
2846,23.717000,0.568844,0.163824,-0.942623
2847,23.725000,0.566697,0.163924,-0.944580
2848,23.733000,0.564762,0.163949,-0.946409
2849,23.742000,0.562870,0.163879,-0.947972
2850,23.750000,0.561181,0.163701,-0.949373
2851,23.758000,0.559560,0.163783,-0.950308
2852,23.767000,0.557611,0.163770,-0.951138
2853,23.775000,0.555356,0.163720,-0.951700
2854,23.783000,0.552781,0.163688,-0.952356
2855,23.792000,0.549882,0.163759,-0.952960
2856,23.800000,0.546874,0.163792,-0.954089
2857,23.808000,0.543792,0.163830,-0.955366
2858,23.817000,0.540720,0.164063,-0.956709
2859,23.825000,0.537938,0.164019,-0.958577
2860,23.833000,0.535003,0.164119,-0.960512
2861,23.842000,0.532648,0.164169,-0.962465
2862,23.850000,0.530442,0.164379,-0.964424
2863,23.858000,0.528364,0.164356,-0.966274
2864,23.867000,0.526544,0.164317,-0.967970
2865,23.875000,0.524775,0.164312,-0.969093
2866,23.883000,0.523000,0.164355,-0.969882
2867,23.892000,0.520998,0.164405,-0.970756
2868,23.900000,0.518528,0.164423,-0.971314
2869,23.908000,0.515930,0.164428,-0.972044
2870,23.917000,0.513047,0.164438,-0.972772
2871,23.925000,0.509999,0.164423,-0.973843
2872,23.933000,0.506922,0.164544,-0.975061
2873,23.942000,0.503759,0.164676,-0.976532
2874,23.950000,0.500850,0.164639,-0.978342
2875,23.958000,0.497920,0.164712,-0.980439
2876,23.967000,0.495584,0.164838,-0.982289
2877,23.975000,0.493365,0.164936,-0.984480
2878,23.983000,0.491542,0.164857,-0.986399
2879,23.992000,0.489767,0.164856,-0.988050
2880,24.000000,0.488181,0.164882,-0.989233
2881,24.008000,0.486517,0.164790,-0.990175
2882,24.017000,0.484549,0.164811,-0.991053
2883,24.025000,0.482264,0.164801,-0.991593
2884,24.033000,0.479727,0.164646,-0.992236
2885,24.042000,0.476762,0.164872,-0.992779
2886,24.050000,0.473795,0.164733,-0.993867
2887,24.058000,0.470575,0.164751,-0.995135
2888,24.067000,0.467427,0.164777,-0.996638
2889,24.075000,0.464429,0.164883,-0.998508
2890,24.083000,0.461594,0.164938,-1.000406
2891,24.092000,0.459317,0.165017,-1.002333
2892,24.100000,0.457387,0.165145,-1.004328
2893,24.108000,0.455500,0.165210,-1.006206
2894,24.117000,0.453756,0.165158,-1.007728
2895,24.125000,0.452158,0.165176,-1.008939
2896,24.133000,0.450567,0.165258,-1.009880
2897,24.142000,0.448664,0.165207,-1.010597
2898,24.150000,0.446418,0.165161,-1.011163
2899,24.158000,0.443579,0.165248,-1.011654
2900,24.167000,0.440914,0.165162,-1.012424
2901,24.175000,0.437888,0.165147,-1.013499
2902,24.183000,0.434593,0.165280,-1.014744
2903,24.192000,0.431565,0.165446,-1.016165
2904,24.200000,0.428513,0.165327,-1.018070
2905,24.208000,0.425637,0.165300,-1.019857
2906,24.217000,0.423106,0.165465,-1.021704
2907,24.225000,0.420940,0.165516,-1.023739
2908,24.233000,0.418794,0.165413,-1.025779
2909,24.242000,0.417246,0.165454,-1.027467
2910,24.250000,0.415787,0.165529,-1.028596
2911,24.258000,0.414208,0.165540,-1.029616
2912,24.267000,0.412174,0.165501,-1.030416
2913,24.275000,0.409830,0.165349,-1.030991
2914,24.283000,0.407276,0.165441,-1.031592
2915,24.292000,0.404617,0.165470,-1.032305
2916,24.300000,0.401518,0.165482,-1.033224
2917,24.308000,0.398511,0.165637,-1.034507
2918,24.317000,0.395449,0.165739,-1.036041
2919,24.325000,0.392408,0.165683,-1.037861
2920,24.333000,0.389476,0.165783,-1.039770
2921,24.342000,0.387063,0.165993,-1.041735
2922,24.350000,0.384983,0.165950,-1.043832
2923,24.358000,0.382988,0.165956,-1.045683
2924,24.367000,0.381434,0.165839,-1.047416
2925,24.375000,0.379745,0.165909,-1.048772
2926,24.383000,0.377997,0.165925,-1.049785
2927,24.392000,0.376244,0.165898,-1.050615
2928,24.400000,0.373917,0.165974,-1.051192
2929,24.408000,0.371365,0.165900,-1.051848
2930,24.417000,0.368649,0.166040,-1.052530
2931,24.425000,0.365755,0.165927,-1.053681
2932,24.433000,0.362636,0.166079,-1.054881
2933,24.442000,0.359554,0.166153,-1.056546
2934,24.450000,0.356608,0.166149,-1.058214
2935,24.458000,0.353746,0.166178,-1.060241
2936,24.467000,0.351287,0.166443,-1.062226
2937,24.475000,0.349207,0.166367,-1.064443
2938,24.483000,0.347223,0.166232,-1.066431
2939,24.492000,0.345510,0.166366,-1.068225
2940,24.500000,0.344002,0.166450,-1.069469
2941,24.508000,0.342515,0.166390,-1.070522
2942,24.517000,0.340790,0.166307,-1.071407
2943,24.525000,0.338632,0.166281,-1.071903
2944,24.533000,0.336242,0.166194,-1.072511
2945,24.542000,0.333418,0.166360,-1.073146
2946,24.550000,0.330548,0.166191,-1.074132
2947,24.558000,0.327490,0.166355,-1.075366
2948,24.567000,0.324621,0.166377,-1.076843
2949,24.575000,0.321811,0.166385,-1.078596
2950,24.583000,0.319277,0.166348,-1.080471
2951,24.592000,0.316923,0.166470,-1.082566
2952,24.600000,0.314968,0.166545,-1.084532
2953,24.608000,0.313342,0.166582,-1.086462
2954,24.617000,0.311819,0.166544,-1.088075
2955,24.625000,0.310374,0.166533,-1.089153
2956,24.633000,0.308922,0.166579,-1.090020
2957,24.642000,0.307292,0.166566,-1.090768
2958,24.650000,0.305212,0.166558,-1.091304
2959,24.658000,0.302860,0.166517,-1.091888
2960,24.667000,0.300277,0.166523,-1.092377
2961,24.675000,0.297599,0.166446,-1.093084
2962,24.683000,0.294725,0.166494,-1.094326
2963,24.692000,0.291759,0.166610,-1.096069
2964,24.700000,0.288807,0.166744,-1.098029
2965,24.708000,0.286405,0.166694,-1.099882
2966,24.717000,0.284207,0.166840,-1.101882
2967,24.725000,0.282333,0.166861,-1.103923
2968,24.733000,0.280738,0.166893,-1.105778
2969,24.742000,0.279324,0.166964,-1.107269
2970,24.750000,0.277980,0.166962,-1.108406
2971,24.758000,0.276599,0.167000,-1.109369
2972,24.767000,0.275082,0.166986,-1.110127
2973,24.775000,0.273181,0.166979,-1.110658
2974,24.783000,0.270965,0.167096,-1.111104
2975,24.792000,0.268580,0.167127,-1.111669
2976,24.800000,0.266023,0.167232,-1.112477
2977,24.808000,0.263437,0.167268,-1.113684
2978,24.817000,0.260660,0.167388,-1.115186
2979,24.825000,0.258119,0.167341,-1.116710
2980,24.833000,0.255824,0.167481,-1.118560
2981,24.842000,0.253858,0.167530,-1.120408
2982,24.850000,0.252267,0.167539,-1.122226
2983,24.858000,0.250892,0.167462,-1.123819
2984,24.867000,0.249836,0.167400,-1.125181
2985,24.875000,0.248926,0.167427,-1.126207
2986,24.883000,0.247900,0.167416,-1.126905
2987,24.892000,0.246848,0.167326,-1.127261
2988,24.900000,0.245527,0.167350,-1.127392
2989,24.908000,0.243860,0.167426,-1.127605
2990,24.917000,0.241995,0.167475,-1.127784
2991,24.925000,0.240036,0.167409,-1.128150
2992,24.933000,0.238039,0.167555,-1.128855
2993,24.942000,0.236141,0.167665,-1.129850
2994,24.950000,0.234341,0.167651,-1.131016
2995,24.958000,0.232734,0.167673,-1.132301
2996,24.967000,0.231392,0.167689,-1.133702
2997,24.975000,0.230389,0.167685,-1.135070
2998,24.983000,0.229765,0.167677,-1.136325
2999,24.992000,0.229370,0.167705,-1.137218
3000,25.000000,0.229119,0.167708,-1.137806
3001,25.008000,0.228883,0.167693,-1.138101
3002,25.017000,0.228470,0.167633,-1.138103
3003,25.025000,0.227782,0.167606,-1.137945
3004,25.033000,0.226713,0.167654,-1.137804
3005,25.042000,0.225342,0.167707,-1.137690
3006,25.050000,0.223890,0.167589,-1.137872
3007,25.058000,0.222462,0.167660,-1.138269
3008,25.067000,0.220970,0.167810,-1.138983
3009,25.075000,0.219564,0.167871,-1.139914
3010,25.083000,0.218487,0.167849,-1.141001
3011,25.092000,0.217700,0.167815,-1.142122
3012,25.100000,0.217193,0.167831,-1.143233
3013,25.108000,0.216953,0.167776,-1.144266
3014,25.117000,0.216866,0.167752,-1.145104
3015,25.125000,0.216922,0.167779,-1.145580
3016,25.133000,0.216929,0.167776,-1.145708
3017,25.142000,0.216674,0.167710,-1.145601
3018,25.150000,0.216129,0.167655,-1.145235
3019,25.158000,0.215304,0.167665,-1.144916
3020,25.167000,0.214227,0.167729,-1.144635
3021,25.175000,0.213026,0.167684,-1.144708
3022,25.183000,0.211686,0.167774,-1.144974
3023,25.192000,0.210323,0.167843,-1.145507
3024,25.200000,0.208803,0.167847,-1.146476
3025,25.208000,0.207395,0.167836,-1.147601
3026,25.217000,0.206404,0.167887,-1.148676
3027,25.225000,0.205747,0.167865,-1.149816
3028,25.233000,0.205284,0.167838,-1.150953
3029,25.242000,0.204979,0.167831,-1.151847
3030,25.250000,0.204639,0.167870,-1.152493
3031,25.258000,0.204073,0.167871,-1.152920
3032,25.267000,0.203240,0.167844,-1.153110
3033,25.275000,0.202087,0.167861,-1.153191
3034,25.283000,0.200626,0.167880,-1.153260
3035,25.292000,0.198944,0.167850,-1.153486
3036,25.300000,0.197053,0.167862,-1.153977
3037,25.308000,0.195057,0.167988,-1.154608
3038,25.317000,0.193135,0.168046,-1.155605
3039,25.325000,0.191073,0.168094,-1.156982
3040,25.333000,0.189078,0.168049,-1.158472
3041,25.342000,0.187440,0.168106,-1.160066
3042,25.350000,0.186023,0.168167,-1.161769
3043,25.358000,0.184952,0.168243,-1.163324
3044,25.367000,0.184096,0.168283,-1.164670
3045,25.375000,0.183235,0.168278,-1.165576
3046,25.383000,0.182303,0.168295,-1.166180
3047,25.392000,0.181171,0.168254,-1.166594
3048,25.400000,0.179842,0.168200,-1.166952
3049,25.408000,0.178056,0.168352,-1.167258
3050,25.417000,0.176161,0.168324,-1.167503
3051,25.425000,0.173902,0.168289,-1.168108
3052,25.433000,0.171539,0.168293,-1.169032
3053,25.442000,0.169193,0.168407,-1.170238
3054,25.450000,0.166893,0.168498,-1.171646
3055,25.458000,0.164772,0.168520,-1.173308
3056,25.467000,0.162899,0.168446,-1.174991
3057,25.475000,0.161277,0.168531,-1.176779
3058,25.483000,0.160022,0.168602,-1.178324
3059,25.492000,0.158926,0.168625,-1.179697
3060,25.500000,0.157916,0.168691,-1.180735
3061,25.508000,0.156955,0.168658,-1.181428
3062,25.517000,0.155720,0.168588,-1.181995
3063,25.525000,0.154261,0.168638,-1.182317
3064,25.533000,0.152471,0.168690,-1.182666
3065,25.542000,0.150410,0.168768,-1.183028
3066,25.550000,0.148134,0.168694,-1.183639
3067,25.558000,0.145747,0.168675,-1.184416
3068,25.567000,0.143285,0.168843,-1.185681
3069,25.575000,0.141051,0.168881,-1.187197
3070,25.583000,0.138977,0.168862,-1.188881
3071,25.592000,0.137253,0.168956,-1.190606
3072,25.600000,0.135759,0.168990,-1.192332
3073,25.608000,0.134589,0.169016,-1.193945
3074,25.617000,0.133547,0.168996,-1.195162
3075,25.625000,0.132644,0.168961,-1.196124
3076,25.633000,0.131568,0.169047,-1.196876
3077,25.642000,0.130304,0.169014,-1.197317
3078,25.650000,0.128843,0.168947,-1.197600
3079,25.658000,0.127043,0.168905,-1.197853
3080,25.667000,0.124997,0.169092,-1.198135
3081,25.675000,0.122800,0.169051,-1.198742
3082,25.683000,0.120436,0.169016,-1.199550
3083,25.692000,0.118012,0.169078,-1.200621
3084,25.700000,0.115672,0.169016,-1.202001
3085,25.708000,0.113550,0.169092,-1.203667
3086,25.717000,0.111786,0.169157,-1.205453
3087,25.725000,0.110306,0.169127,-1.207081
3088,25.733000,0.109057,0.169132,-1.208669
3089,25.742000,0.108119,0.169117,-1.209970
3090,25.750000,0.107282,0.169167,-1.210944
3091,25.758000,0.106360,0.169207,-1.211570
3092,25.767000,0.105265,0.169128,-1.212059
3093,25.775000,0.103867,0.169164,-1.212391
3094,25.783000,0.102191,0.169220,-1.212645
3095,25.792000,0.100086,0.169313,-1.213095
3096,25.800000,0.097971,0.169243,-1.213652
3097,25.808000,0.095642,0.169380,-1.214515
3098,25.817000,0.093324,0.169490,-1.215719
3099,25.825000,0.091063,0.169538,-1.217046
3100,25.833000,0.088869,0.169571,-1.218613
3101,25.842000,0.086993,0.169606,-1.220253
3102,25.850000,0.085519,0.169654,-1.221902
3103,25.858000,0.084284,0.169632,-1.223478
3104,25.867000,0.083049,0.169690,-1.224893
3105,25.875000,0.081921,0.169733,-1.225910
3106,25.883000,0.080632,0.169759,-1.226710
3107,25.892000,0.079233,0.169731,-1.227265
3108,25.900000,0.077449,0.169678,-1.227636
3109,25.908000,0.075364,0.169769,-1.228010
3110,25.917000,0.073169,0.169793,-1.228491
3111,25.925000,0.070738,0.169804,-1.229178
3112,25.933000,0.068150,0.169894,-1.230137
3113,25.942000,0.065621,0.170046,-1.231256
3114,25.950000,0.063126,0.170142,-1.232623
3115,25.958000,0.060671,0.170028,-1.234016
3116,25.967000,0.058416,0.170088,-1.235507
3117,25.975000,0.056526,0.170073,-1.237081
3118,25.983000,0.055102,0.170037,-1.238478
3119,25.992000,0.053756,0.169969,-1.239807
3120,26.000000,0.052384,0.169899,-1.240531
3121,26.008000,0.051073,0.169981,-1.241019
3122,26.017000,0.049720,0.169997,-1.241374
3123,26.025000,0.048110,0.170089,-1.241441
3124,26.033000,0.045994,0.170174,-1.241369
3125,26.042000,0.043720,0.170122,-1.241436
3126,26.050000,0.041330,0.170074,-1.241626
3127,26.058000,0.038628,0.170217,-1.241884
3128,26.067000,0.036064,0.170301,-1.242597
3129,26.075000,0.033397,0.170357,-1.243528
3130,26.083000,0.030929,0.170385,-1.244611
3131,26.092000,0.028789,0.170433,-1.245712
3132,26.100000,0.027006,0.170512,-1.246891
3133,26.108000,0.025520,0.170482,-1.248063
3134,26.117000,0.024303,0.170472,-1.248936
3135,26.125000,0.023232,0.170515,-1.249517
3136,26.133000,0.022029,0.170598,-1.249753
3137,26.142000,0.020577,0.170573,-1.249699
3138,26.150000,0.018791,0.170420,-1.249356
3139,26.158000,0.016760,0.170405,-1.249026
3140,26.167000,0.014533,0.170638,-1.248758
3141,26.175000,0.012039,0.170526,-1.248681
3142,26.183000,0.009498,0.170529,-1.248735
3143,26.192000,0.007054,0.170740,-1.249166
3144,26.200000,0.004599,0.170737,-1.249908
3145,26.208000,0.002181,0.170747,-1.250735
3146,26.217000,0.000105,0.170814,-1.251760
3147,26.225000,-0.001559,0.170878,-1.252810
3148,26.233000,-0.003203,0.170948,-1.253716
3149,26.242000,-0.004467,0.170932,-1.254454
3150,26.250000,-0.005672,0.170918,-1.254817
3151,26.258000,-0.006672,0.170931,-1.254889
3152,26.267000,-0.007858,0.170900,-1.254747
3153,26.275000,-0.009439,0.170931,-1.254342
3154,26.283000,-0.011296,0.170886,-1.253866
3155,26.292000,-0.013266,0.170885,-1.253387
3156,26.300000,-0.015780,0.170926,-1.253100
3157,26.308000,-0.018235,0.170936,-1.253054
3158,26.317000,-0.020743,0.171068,-1.253276
3159,26.325000,-0.023327,0.171006,-1.253692
3160,26.333000,-0.025758,0.170987,-1.254550
3161,26.342000,-0.028002,0.171108,-1.255448
3162,26.350000,-0.029711,0.171132,-1.256226
3163,26.358000,-0.031171,0.171136,-1.257108
3164,26.367000,-0.032465,0.171069,-1.258002
3165,26.375000,-0.033748,0.171119,-1.258402
3166,26.383000,-0.034961,0.171256,-1.258492
3167,26.392000,-0.036202,0.171238,-1.258314
3168,26.400000,-0.037827,0.171076,-1.257807
3169,26.408000,-0.039812,0.171001,-1.257307
3170,26.417000,-0.042074,0.171183,-1.256849
3171,26.425000,-0.044374,0.171166,-1.256418
3172,26.433000,-0.046965,0.171127,-1.256269
3173,26.442000,-0.049504,0.171168,-1.256230
3174,26.450000,-0.052038,0.171353,-1.256681
3175,26.458000,-0.054618,0.171436,-1.257266
3176,26.467000,-0.056784,0.171361,-1.257828
3177,26.475000,-0.058726,0.171479,-1.258572
3178,26.483000,-0.060288,0.171556,-1.259389
3179,26.492000,-0.061570,0.171470,-1.259954
3180,26.500000,-0.062720,0.171428,-1.260180
3181,26.508000,-0.063882,0.171393,-1.260098
3182,26.517000,-0.065105,0.171437,-1.259748
3183,26.525000,-0.066511,0.171439,-1.259250
3184,26.533000,-0.067983,0.171484,-1.258608
3185,26.542000,-0.069861,0.171456,-1.257846
3186,26.550000,-0.071935,0.171381,-1.257285
3187,26.558000,-0.074129,0.171411,-1.256933
3188,26.567000,-0.076444,0.171540,-1.256888
3189,26.575000,-0.078761,0.171701,-1.257093
3190,26.583000,-0.081190,0.171588,-1.257541
3191,26.592000,-0.083314,0.171560,-1.258039
3192,26.600000,-0.084967,0.171656,-1.258736
3193,26.608000,-0.086193,0.171803,-1.259503
3194,26.617000,-0.087207,0.171841,-1.260157
3195,26.625000,-0.088212,0.171740,-1.260422
3196,26.633000,-0.089045,0.171672,-1.260370
3197,26.642000,-0.090027,0.171755,-1.260092
3198,26.650000,-0.091264,0.171829,-1.259682
3199,26.658000,-0.092790,0.171767,-1.259088
3200,26.667000,-0.094747,0.171812,-1.258475
3201,26.675000,-0.096955,0.171826,-1.258013
3202,26.683000,-0.099376,0.171903,-1.257832
3203,26.692000,-0.101961,0.171975,-1.257741
3204,26.700000,-0.104700,0.171975,-1.258021
3205,26.708000,-0.107257,0.171906,-1.258551
3206,26.717000,-0.109649,0.171992,-1.259353
3207,26.725000,-0.111747,0.172041,-1.260128
3208,26.733000,-0.113468,0.171898,-1.261142
3209,26.742000,-0.115035,0.171872,-1.262020
3210,26.750000,-0.116442,0.171995,-1.262501
3211,26.758000,-0.117656,0.172064,-1.262731
3212,26.767000,-0.118998,0.172138,-1.262710
3213,26.775000,-0.120591,0.172004,-1.262459
3214,26.783000,-0.122461,0.171971,-1.262093
3215,26.792000,-0.124594,0.172171,-1.261633
3216,26.800000,-0.126876,0.172146,-1.261364
3217,26.808000,-0.129620,0.172145,-1.261141
3218,26.817000,-0.132491,0.172192,-1.261217
3219,26.825000,-0.135428,0.172342,-1.261817
3220,26.833000,-0.138270,0.172264,-1.262493
3221,26.842000,-0.141037,0.172377,-1.263348
3222,26.850000,-0.143381,0.172522,-1.264477
3223,26.858000,-0.145356,0.172480,-1.265485
3224,26.867000,-0.147261,0.172425,-1.266538
3225,26.875000,-0.148972,0.172514,-1.267222
3226,26.883000,-0.150670,0.172561,-1.267590
3227,26.892000,-0.152683,0.172519,-1.267707
3228,26.900000,-0.154863,0.172462,-1.267676
3229,26.908000,-0.157069,0.172488,-1.267318
3230,26.917000,-0.159678,0.172552,-1.267138
3231,26.925000,-0.162589,0.172544,-1.266881
3232,26.933000,-0.165729,0.172624,-1.266915
3233,26.942000,-0.169278,0.172699,-1.267194
3234,26.950000,-0.172720,0.172872,-1.267715
3235,26.958000,-0.176291,0.172874,-1.268631
3236,26.967000,-0.179700,0.172848,-1.269577
3237,26.975000,-0.183008,0.172858,-1.270581
3238,26.983000,-0.186158,0.172929,-1.271799
3239,26.992000,-0.189118,0.172958,-1.273033
3240,27.000000,-0.192012,0.172918,-1.274039
3241,27.008000,-0.195024,0.172953,-1.274583
3242,27.017000,-0.197838,0.172929,-1.274914
3243,27.025000,-0.200849,0.172774,-1.274946
3244,27.033000,-0.204011,0.172939,-1.274844
3245,27.042000,-0.208009,0.173292,-1.274818
3246,27.050000,-0.212044,0.173333,-1.274720
3247,27.058000,-0.216258,0.173155,-1.274902
3248,27.067000,-0.220730,0.173320,-1.275429
3249,27.075000,-0.225208,0.173345,-1.276388
3250,27.083000,-0.229852,0.173198,-1.277681
3251,27.092000,-0.234285,0.173316,-1.278935
3252,27.100000,-0.237809,0.173549,-1.280074
3253,27.108000,-0.241427,0.173646,-1.281747
3254,27.117000,-0.244852,0.173545,-1.283269
3255,27.125000,-0.248127,0.173524,-1.284509
3256,27.133000,-0.250906,0.173630,-1.285043
3257,27.142000,-0.254060,0.173824,-1.285468
3258,27.150000,-0.257375,0.173542,-1.286037
3259,27.158000,-0.261010,0.173726,-1.286076
3260,27.167000,-0.264925,0.173766,-1.285920
3261,27.175000,-0.268975,0.173730,-1.286026
3262,27.183000,-0.273593,0.173837,-1.286513
3263,27.192000,-0.277992,0.173986,-1.286971
3264,27.200000,-0.282488,0.174045,-1.287784
3265,27.208000,-0.287072,0.174116,-1.289040
3266,27.217000,-0.291317,0.174129,-1.290349
3267,27.225000,-0.295233,0.174366,-1.291789
3268,27.233000,-0.298947,0.174541,-1.293217
3269,27.242000,-0.302105,0.174525,-1.294660
3270,27.250000,-0.305355,0.174364,-1.295908
3271,27.258000,-0.308333,0.174428,-1.296497
3272,27.267000,-0.311347,0.174497,-1.297094
3273,27.275000,-0.314641,0.174433,-1.297529
3274,27.283000,-0.318267,0.174355,-1.297560
3275,27.292000,-0.322309,0.174328,-1.297673
3276,27.300000,-0.326391,0.174508,-1.297799
3277,27.308000,-0.330575,0.174494,-1.298128
3278,27.317000,-0.334961,0.174516,-1.298636
3279,27.325000,-0.339290,0.174803,-1.299413
3280,27.333000,-0.343437,0.174657,-1.300446
3281,27.342000,-0.347606,0.174850,-1.301465
3282,27.350000,-0.351514,0.174973,-1.302874
3283,27.358000,-0.355107,0.175101,-1.304509
3284,27.367000,-0.358711,0.175058,-1.306121
3285,27.375000,-0.361803,0.175021,-1.307610
3286,27.383000,-0.364780,0.175008,-1.308424
3287,27.392000,-0.367897,0.175037,-1.309058
3288,27.400000,-0.370949,0.174882,-1.309717
3289,27.408000,-0.374639,0.174853,-1.309947
3290,27.417000,-0.378376,0.174834,-1.310205
3291,27.425000,-0.382426,0.174771,-1.310458
3292,27.433000,-0.386769,0.174725,-1.310529
3293,27.442000,-0.391324,0.174824,-1.311266
3294,27.450000,-0.395848,0.175020,-1.312243
3295,27.458000,-0.400159,0.174917,-1.313330
3296,27.467000,-0.404492,0.174879,-1.314658
3297,27.475000,-0.408739,0.175154,-1.315876
3298,27.483000,-0.412965,0.175174,-1.317331
3299,27.492000,-0.416841,0.175234,-1.318679
3300,27.500000,-0.420466,0.175059,-1.319869
3301,27.508000,-0.423917,0.175111,-1.320599
3302,27.517000,-0.427293,0.174935,-1.321299
3303,27.525000,-0.430889,0.174912,-1.321696
3304,27.533000,-0.434762,0.175018,-1.321710
3305,27.542000,-0.438818,0.175142,-1.321944
3306,27.550000,-0.443241,0.175034,-1.321780
3307,27.558000,-0.447917,0.174992,-1.321842
3308,27.567000,-0.452669,0.175098,-1.322270
3309,27.575000,-0.457661,0.175299,-1.322788
3310,27.583000,-0.462303,0.175316,-1.323395
3311,27.592000,-0.466844,0.175154,-1.324333
3312,27.600000,-0.471183,0.175390,-1.325089
3313,27.608000,-0.475159,0.175461,-1.326015
3314,27.617000,-0.478889,0.175562,-1.326746
3315,27.625000,-0.482147,0.175330,-1.327259
3316,27.633000,-0.485459,0.175422,-1.327368
3317,27.642000,-0.488710,0.175248,-1.327130
3318,27.650000,-0.492030,0.175521,-1.326467
3319,27.658000,-0.495521,0.175497,-1.325581
3320,27.667000,-0.499489,0.175633,-1.324541
3321,27.675000,-0.503554,0.175458,-1.323593
3322,27.683000,-0.507830,0.175417,-1.322706
3323,27.692000,-0.512437,0.175466,-1.322196
3324,27.700000,-0.516979,0.175493,-1.321753
3325,27.708000,-0.521585,0.175321,-1.321521
3326,27.717000,-0.526328,0.174873,-1.321456
3327,27.725000,-0.529993,0.174881,-1.321584
3328,27.733000,-0.533147,0.175345,-1.321451
3329,27.742000,-0.536223,0.175578,-1.321578
3330,27.750000,-0.539394,0.175368,-1.321452
3331,27.758000,-0.542371,0.175269,-1.320979
3332,27.767000,-0.544982,0.175070,-1.320045
3333,27.775000,-0.547732,0.175196,-1.319212
3334,27.783000,-0.550955,0.175306,-1.318086
3335,27.792000,-0.554508,0.175425,-1.316840
3336,27.800000,-0.557905,0.175469,-1.315785
3337,27.808000,-0.561724,0.175379,-1.314744
3338,27.817000,-0.565904,0.175349,-1.314081
3339,27.825000,-0.570120,0.175538,-1.313791
3340,27.833000,-0.574313,0.175592,-1.313616
3341,27.842000,-0.578286,0.175629,-1.313694
3342,27.850000,-0.582121,0.175624,-1.313949
3343,27.858000,-0.585487,0.175605,-1.314360
3344,27.867000,-0.588808,0.175707,-1.314741
3345,27.875000,-0.591674,0.175759,-1.314805
3346,27.883000,-0.594498,0.175803,-1.314565
3347,27.892000,-0.597384,0.175957,-1.314026
3348,27.900000,-0.600075,0.175822,-1.313136
3349,27.908000,-0.603475,0.175776,-1.312059
3350,27.917000,-0.607037,0.175766,-1.311045
3351,27.925000,-0.611009,0.175918,-1.309961
3352,27.933000,-0.615114,0.175921,-1.308909
3353,27.942000,-0.619566,0.175895,-1.307965
3354,27.950000,-0.624140,0.175906,-1.307544
3355,27.958000,-0.628467,0.176062,-1.307363
3356,27.967000,-0.632795,0.176147,-1.307169
3357,27.975000,-0.636714,0.176269,-1.307042
3358,27.983000,-0.640387,0.176306,-1.306965
3359,27.992000,-0.643651,0.176276,-1.307046
3360,28.000000,-0.646923,0.176213,-1.306663
3361,28.008000,-0.649966,0.176189,-1.305945
3362,28.017000,-0.652925,0.176441,-1.304760
3363,28.025000,-0.655837,0.176307,-1.303595
3364,28.033000,-0.658920,0.176027,-1.302362
3365,28.042000,-0.662322,0.175960,-1.300737
3366,28.050000,-0.666237,0.176056,-1.298594
3367,28.058000,-0.670333,0.176176,-1.296960
3368,28.067000,-0.674688,0.176385,-1.295346
3369,28.075000,-0.678566,0.176396,-1.293773
3370,28.083000,-0.682516,0.176302,-1.292669
3371,28.092000,-0.686451,0.176157,-1.291853
3372,28.100000,-0.690584,0.176495,-1.291060
3373,28.108000,-0.694317,0.176749,-1.290450
3374,28.117000,-0.697439,0.176821,-1.289927
3375,28.125000,-0.700430,0.176498,-1.289338
3376,28.133000,-0.703250,0.176489,-1.288269
3377,28.142000,-0.706079,0.176576,-1.286865
3378,28.150000,-0.709047,0.176750,-1.285300
3379,28.158000,-0.712060,0.176778,-1.283280
3380,28.167000,-0.715321,0.176631,-1.281332
3381,28.175000,-0.718849,0.176591,-1.279412
3382,28.183000,-0.722759,0.176677,-1.277341
3383,28.192000,-0.727012,0.176774,-1.275764
3384,28.200000,-0.731192,0.176936,-1.274480
3385,28.208000,-0.735396,0.177058,-1.273467
3386,28.217000,-0.739569,0.176995,-1.272754
3387,28.225000,-0.743641,0.177057,-1.272128
3388,28.233000,-0.747215,0.177167,-1.271706
3389,28.242000,-0.750527,0.177256,-1.271335
3390,28.250000,-0.753797,0.177176,-1.270862
3391,28.258000,-0.756804,0.177081,-1.270124
3392,28.267000,-0.759694,0.177122,-1.268953
3393,28.275000,-0.762527,0.177134,-1.267630
3394,28.283000,-0.765740,0.177125,-1.266066
3395,28.292000,-0.769145,0.177137,-1.264437
3396,28.300000,-0.773024,0.177272,-1.262682
3397,28.308000,-0.777084,0.177395,-1.260981
3398,28.317000,-0.781314,0.177451,-1.259594
3399,28.325000,-0.785455,0.177460,-1.258561
3400,28.333000,-0.789796,0.177509,-1.257828
3401,28.342000,-0.794194,0.177540,-1.257343
3402,28.350000,-0.798307,0.177665,-1.257018
3403,28.358000,-0.802275,0.177748,-1.256993
3404,28.367000,-0.805707,0.177692,-1.257016
3405,28.375000,-0.809217,0.177586,-1.256836
3406,28.383000,-0.812023,0.177701,-1.256230
3407,28.392000,-0.814821,0.177829,-1.255271
3408,28.400000,-0.817857,0.177792,-1.254162
3409,28.408000,-0.821033,0.177713,-1.252867
3410,28.417000,-0.824368,0.177815,-1.251249
3411,28.425000,-0.828130,0.177869,-1.249923
3412,28.433000,-0.832165,0.177890,-1.248323
3413,28.442000,-0.836450,0.177809,-1.246907
3414,28.450000,-0.840821,0.177789,-1.245839
3415,28.458000,-0.845176,0.177991,-1.245282
3416,28.467000,-0.849208,0.178096,-1.244897
3417,28.475000,-0.853368,0.178148,-1.244497
3418,28.483000,-0.857222,0.178019,-1.244353
3419,28.492000,-0.860634,0.178042,-1.244452
3420,28.500000,-0.863758,0.178033,-1.244166
3421,28.508000,-0.866910,0.178057,-1.243670
3422,28.517000,-0.869940,0.178178,-1.242939
3423,28.525000,-0.872775,0.178244,-1.241904
3424,28.533000,-0.875927,0.178207,-1.240609
3425,28.542000,-0.879281,0.178184,-1.239226
3426,28.550000,-0.882976,0.178308,-1.237574
3427,28.558000,-0.886969,0.178392,-1.236147
3428,28.567000,-0.891343,0.178415,-1.234921
3429,28.575000,-0.895774,0.178495,-1.233891
3430,28.583000,-0.900266,0.178639,-1.233234
3431,28.592000,-0.904710,0.178685,-1.232785
3432,28.600000,-0.909010,0.178595,-1.232509
3433,28.608000,-0.912962,0.178562,-1.232407
3434,28.617000,-0.916500,0.178600,-1.232468
3435,28.625000,-0.919896,0.178662,-1.232426
3436,28.633000,-0.923037,0.178639,-1.231961
3437,28.642000,-0.926090,0.178698,-1.231073
3438,28.650000,-0.929135,0.178736,-1.230027
3439,28.658000,-0.932411,0.178775,-1.228714
3440,28.667000,-0.936008,0.178701,-1.227411
3441,28.675000,-0.939924,0.178802,-1.225954
3442,28.683000,-0.943978,0.178740,-1.224389
3443,28.692000,-0.948322,0.178794,-1.223310
3444,28.700000,-0.952746,0.178766,-1.222487
3445,28.708000,-0.957142,0.178845,-1.221662
3446,28.717000,-0.961712,0.178925,-1.221166
3447,28.725000,-0.966121,0.178916,-1.221018
3448,28.733000,-0.970170,0.178988,-1.220994
3449,28.742000,-0.973644,0.178831,-1.220888
3450,28.750000,-0.976970,0.178771,-1.220903
3451,28.758000,-0.980190,0.178772,-1.220482
3452,28.767000,-0.983141,0.178870,-1.219669
3453,28.775000,-0.985996,0.178962,-1.218595
3454,28.783000,-0.988864,0.178855,-1.217142
3455,28.792000,-0.992248,0.178849,-1.215743
3456,28.800000,-0.996220,0.178883,-1.214638
3457,28.808000,-1.000606,0.178974,-1.213188
3458,28.817000,-1.005008,0.178980,-1.212029
3459,28.825000,-1.009362,0.179083,-1.211199
3460,28.833000,-1.013854,0.179157,-1.210487
3461,28.842000,-1.018583,0.179103,-1.210379
3462,28.850000,-1.022960,0.179118,-1.210359
3463,28.858000,-1.026836,0.179200,-1.210266
3464,28.867000,-1.030677,0.179181,-1.209988
3465,28.875000,-1.034328,0.179104,-1.209726
3466,28.883000,-1.037763,0.179099,-1.209106
3467,28.892000,-1.041193,0.179123,-1.207979
3468,28.900000,-1.044702,0.179239,-1.206799
3469,28.908000,-1.048526,0.179232,-1.205240
3470,28.917000,-1.052399,0.179180,-1.203682
3471,28.925000,-1.056461,0.179104,-1.202139
3472,28.933000,-1.060836,0.179200,-1.200372
3473,28.942000,-1.065470,0.179341,-1.199011
3474,28.950000,-1.070319,0.179446,-1.197659
3475,28.958000,-1.075109,0.179439,-1.196584
3476,28.967000,-1.079943,0.179375,-1.195959
3477,28.975000,-1.084384,0.179481,-1.195266
3478,28.983000,-1.088345,0.179585,-1.194610
3479,28.992000,-1.091981,0.179592,-1.193901
3480,29.000000,-1.095376,0.179525,-1.193183
3481,29.008000,-1.098673,0.179451,-1.192319
3482,29.017000,-1.101743,0.179509,-1.190751
3483,29.025000,-1.104756,0.179652,-1.188972
3484,29.033000,-1.107708,0.179764,-1.186948
3485,29.042000,-1.110868,0.179755,-1.184645
3486,29.050000,-1.114390,0.179731,-1.182173
3487,29.058000,-1.118227,0.179654,-1.179938
3488,29.067000,-1.122149,0.179685,-1.177397
3489,29.075000,-1.125988,0.179783,-1.175340
3490,29.083000,-1.130037,0.179860,-1.173563
3491,29.092000,-1.133926,0.179796,-1.171926
3492,29.100000,-1.137738,0.179801,-1.170537
3493,29.108000,-1.141102,0.179823,-1.169309
3494,29.117000,-1.144096,0.179871,-1.168094
3495,29.125000,-1.146730,0.179750,-1.166567
3496,29.133000,-1.149185,0.179794,-1.164911
3497,29.142000,-1.151573,0.179779,-1.162872
3498,29.150000,-1.153908,0.179820,-1.160360
3499,29.158000,-1.156318,0.179740,-1.157718
3500,29.167000,-1.159080,0.179789,-1.154983
3501,29.175000,-1.161822,0.179833,-1.152175
3502,29.183000,-1.164976,0.179856,-1.149265
3503,29.192000,-1.168184,0.179810,-1.146517
3504,29.200000,-1.171664,0.179832,-1.143817
3505,29.208000,-1.175286,0.179793,-1.141193
3506,29.217000,-1.178668,0.179788,-1.139117
3507,29.225000,-1.181737,0.179790,-1.137380
3508,29.233000,-1.184509,0.179780,-1.135738
3509,29.242000,-1.187239,0.179766,-1.133987
3510,29.250000,-1.189551,0.179718,-1.131994
3511,29.258000,-1.191596,0.179709,-1.130101
3512,29.267000,-1.193297,0.179867,-1.127688
3513,29.275000,-1.195231,0.179955,-1.124914
3514,29.283000,-1.197286,0.179953,-1.121766
3515,29.292000,-1.199393,0.179977,-1.118540
3516,29.300000,-1.201894,0.179899,-1.115399
3517,29.308000,-1.204704,0.179965,-1.112165
3518,29.317000,-1.207848,0.179944,-1.108932
3519,29.325000,-1.211046,0.180019,-1.105905
3520,29.333000,-1.214079,0.180185,-1.103050
3521,29.342000,-1.217363,0.180126,-1.100500
3522,29.350000,-1.220650,0.180066,-1.098246
3523,29.358000,-1.223551,0.180011,-1.096191
3524,29.367000,-1.226041,0.180064,-1.094126
3525,29.375000,-1.228320,0.180113,-1.091984
3526,29.383000,-1.230319,0.180084,-1.089632
3527,29.392000,-1.232014,0.180106,-1.087056
3528,29.400000,-1.233568,0.180090,-1.083894
3529,29.408000,-1.235193,0.180011,-1.080721
3530,29.417000,-1.237253,0.180050,-1.077192
3531,29.425000,-1.239344,0.180018,-1.073350
3532,29.433000,-1.241848,0.179959,-1.069741
3533,29.442000,-1.244434,0.179960,-1.066192
3534,29.450000,-1.247150,0.179944,-1.062546
3535,29.458000,-1.249982,0.179956,-1.059291
3536,29.467000,-1.252911,0.179915,-1.056373
3537,29.475000,-1.255757,0.179959,-1.053593
3538,29.483000,-1.258334,0.179876,-1.051170
3539,29.492000,-1.260560,0.179848,-1.048780
3540,29.500000,-1.262367,0.179862,-1.046340
3541,29.508000,-1.263960,0.179766,-1.043470
3542,29.517000,-1.265383,0.179653,-1.040557
3543,29.525000,-1.266632,0.179614,-1.037022
3544,29.533000,-1.267882,0.179501,-1.033318
3545,29.542000,-1.269282,0.179527,-1.029548
3546,29.550000,-1.270845,0.179587,-1.025517
3547,29.558000,-1.272704,0.179768,-1.021660
3548,29.567000,-1.274862,0.179663,-1.017711
3549,29.575000,-1.277036,0.179747,-1.013981
3550,29.583000,-1.279472,0.179808,-1.010291
3551,29.592000,-1.281879,0.179858,-1.007003
3552,29.600000,-1.284312,0.179719,-1.004136
3553,29.608000,-1.286437,0.179701,-1.001290
3554,29.617000,-1.288387,0.179705,-0.998629
3555,29.625000,-1.289901,0.179712,-0.995933
3556,29.633000,-1.291163,0.179634,-0.993183
3557,29.642000,-1.292227,0.179560,-0.990300
3558,29.650000,-1.293138,0.179441,-0.987022
3559,29.658000,-1.294083,0.179541,-0.983414
3560,29.667000,-1.294958,0.179582,-0.979406
3561,29.675000,-1.296295,0.179469,-0.975453
3562,29.683000,-1.297688,0.179417,-0.971192
3563,29.692000,-1.299429,0.179400,-0.966969
3564,29.700000,-1.301506,0.179392,-0.962926
3565,29.708000,-1.303625,0.179445,-0.959096
3566,29.717000,-1.305892,0.179397,-0.955342
3567,29.725000,-1.308258,0.179285,-0.952011
3568,29.733000,-1.310693,0.179096,-0.949055
3569,29.742000,-1.312392,0.179242,-0.946150
3570,29.750000,-1.313740,0.179231,-0.943247
3571,29.758000,-1.314901,0.179322,-0.940245
3572,29.767000,-1.315792,0.179243,-0.937204
3573,29.775000,-1.316441,0.179197,-0.933582
3574,29.783000,-1.317008,0.179192,-0.929716
3575,29.792000,-1.317510,0.179175,-0.925874
3576,29.800000,-1.318092,0.179200,-0.921475
3577,29.808000,-1.319027,0.179306,-0.917103
3578,29.817000,-1.320555,0.179219,-0.912638
3579,29.825000,-1.322011,0.179169,-0.908306
3580,29.833000,-1.323497,0.179391,-0.904271
3581,29.842000,-1.324932,0.179381,-0.900445
3582,29.850000,-1.326465,0.179353,-0.897063
3583,29.858000,-1.328013,0.179341,-0.893936
3584,29.867000,-1.329460,0.179386,-0.890655
3585,29.875000,-1.330574,0.179391,-0.887574
3586,29.883000,-1.331429,0.179363,-0.884146
3587,29.892000,-1.332090,0.179066,-0.881024
3588,29.900000,-1.332300,0.179026,-0.877439
3589,29.908000,-1.332467,0.179020,-0.873491
3590,29.917000,-1.332623,0.179134,-0.869419
3591,29.925000,-1.332914,0.179109,-0.864951
3592,29.933000,-1.333624,0.178994,-0.860446
3593,29.942000,-1.334805,0.178899,-0.855943
3594,29.950000,-1.335987,0.178827,-0.851401
3595,29.958000,-1.337229,0.178963,-0.847188
3596,29.967000,-1.338366,0.179095,-0.843254
3597,29.975000,-1.339694,0.179071,-0.839805
3598,29.983000,-1.341124,0.178873,-0.836376
3599,29.992000,-1.342029,0.178852,-0.833453
3600,30.000000,-1.342629,0.178819,-0.830425
3601,30.008000,-1.342921,0.178739,-0.827693
3602,30.017000,-1.342707,0.178548,-0.824425
3603,30.025000,-1.342177,0.178600,-0.821137
3604,30.033000,-1.341844,0.178737,-0.817194
3605,30.042000,-1.341365,0.178901,-0.813132
3606,30.050000,-1.340797,0.178722,-0.808924
3607,30.058000,-1.340833,0.178608,-0.804631
3608,30.067000,-1.341064,0.178734,-0.800151
3609,30.075000,-1.341322,0.178862,-0.795597
3610,30.083000,-1.341781,0.178908,-0.791346
3611,30.092000,-1.342550,0.178870,-0.787351
3612,30.100000,-1.343268,0.178824,-0.783534
3613,30.108000,-1.343931,0.178759,-0.780251
3614,30.117000,-1.344404,0.178793,-0.776918
3615,30.125000,-1.344484,0.178673,-0.773711
3616,30.133000,-1.344450,0.178693,-0.770424
3617,30.142000,-1.343900,0.178516,-0.767204
3618,30.150000,-1.343136,0.178576,-0.763933
3619,30.158000,-1.342171,0.178649,-0.760359
3620,30.167000,-1.341273,0.178671,-0.756396
3621,30.175000,-1.340371,0.178725,-0.752090
3622,30.183000,-1.339558,0.178658,-0.747703
3623,30.192000,-1.339116,0.178560,-0.743102
3624,30.200000,-1.339099,0.178632,-0.738576
3625,30.208000,-1.339195,0.178553,-0.734183
3626,30.217000,-1.339408,0.178446,-0.730034
3627,30.225000,-1.339581,0.178556,-0.726163
3628,30.233000,-1.339871,0.178641,-0.722670
3629,30.242000,-1.339934,0.178504,-0.719388
3630,30.250000,-1.339731,0.178470,-0.716206
3631,30.258000,-1.339097,0.178424,-0.713275
3632,30.267000,-1.338217,0.178397,-0.709946
3633,30.275000,-1.337162,0.178245,-0.706651
3634,30.283000,-1.335863,0.178143,-0.702805
3635,30.292000,-1.334404,0.178113,-0.699058
3636,30.300000,-1.332830,0.178313,-0.695060
3637,30.308000,-1.331732,0.178348,-0.690829
3638,30.317000,-1.330893,0.178144,-0.686448
3639,30.325000,-1.330120,0.178139,-0.682044
3640,30.333000,-1.329772,0.178205,-0.677778
3641,30.342000,-1.329583,0.178230,-0.673612
3642,30.350000,-1.329321,0.178323,-0.669726
3643,30.358000,-1.329142,0.178354,-0.666159
3644,30.367000,-1.328796,0.178283,-0.663159
3645,30.375000,-1.328143,0.178287,-0.660166
3646,30.383000,-1.327299,0.178294,-0.657161
3647,30.392000,-1.325973,0.178210,-0.654224
3648,30.400000,-1.324485,0.178234,-0.651198
3649,30.408000,-1.322909,0.178054,-0.647845
3650,30.417000,-1.320983,0.178125,-0.644112
3651,30.425000,-1.319116,0.178142,-0.640147
3652,30.433000,-1.317437,0.177986,-0.635996
3653,30.442000,-1.315844,0.177883,-0.631664
3654,30.450000,-1.314695,0.177881,-0.627341
3655,30.458000,-1.313650,0.177878,-0.623218
3656,30.467000,-1.312760,0.177919,-0.619069
3657,30.475000,-1.312072,0.177830,-0.615056
3658,30.483000,-1.311447,0.177804,-0.611552
3659,30.492000,-1.310765,0.177746,-0.608327
3660,30.500000,-1.309728,0.177717,-0.605288
3661,30.508000,-1.308483,0.177610,-0.602454
3662,30.517000,-1.306884,0.177698,-0.599553
3663,30.525000,-1.304972,0.177584,-0.596493
3664,30.533000,-1.302993,0.177450,-0.593096
3665,30.542000,-1.300846,0.177443,-0.589788
3666,30.550000,-1.298292,0.177584,-0.586105
3667,30.558000,-1.296050,0.177422,-0.582224
3668,30.567000,-1.293946,0.177285,-0.577996
3669,30.575000,-1.292278,0.177381,-0.573852
3670,30.583000,-1.290606,0.177340,-0.569982
3671,30.592000,-1.288998,0.177484,-0.565820
3672,30.600000,-1.288051,0.177553,-0.561867
3673,30.608000,-1.286979,0.177495,-0.558435
3674,30.617000,-1.285696,0.177367,-0.555429
3675,30.625000,-1.284547,0.177185,-0.552530
3676,30.633000,-1.283013,0.177120,-0.549844
3677,30.642000,-1.281063,0.177190,-0.546982
3678,30.650000,-1.278851,0.177126,-0.544204
3679,30.658000,-1.276477,0.176989,-0.541354
3680,30.667000,-1.273793,0.176789,-0.538073
3681,30.675000,-1.271198,0.176795,-0.534503
3682,30.683000,-1.268447,0.176729,-0.530679
3683,30.692000,-1.266143,0.176623,-0.526779
3684,30.700000,-1.264120,0.176540,-0.522719
3685,30.708000,-1.262300,0.176644,-0.518596
3686,30.717000,-1.260826,0.176614,-0.514585
3687,30.725000,-1.259632,0.176548,-0.510809
3688,30.733000,-1.258532,0.176474,-0.507348
3689,30.742000,-1.257470,0.176365,-0.504205
3690,30.750000,-1.256150,0.176159,-0.501264
3691,30.758000,-1.254734,0.176298,-0.498477
3692,30.767000,-1.253003,0.176355,-0.495901
3693,30.775000,-1.250928,0.176391,-0.493181
3694,30.783000,-1.248787,0.176198,-0.490354
3695,30.792000,-1.246470,0.176041,-0.487140
3696,30.800000,-1.243968,0.176094,-0.483616
3697,30.808000,-1.241564,0.176025,-0.479773
3698,30.817000,-1.239407,0.176034,-0.475839
3699,30.825000,-1.237541,0.176078,-0.471643
3700,30.833000,-1.236037,0.176030,-0.467533
3701,30.842000,-1.234820,0.176069,-0.463393
3702,30.850000,-1.233764,0.176039,-0.459461
3703,30.858000,-1.233022,0.176003,-0.455761
3704,30.867000,-1.232255,0.176029,-0.452494
3705,30.875000,-1.231324,0.175870,-0.449482
3706,30.883000,-1.230260,0.175797,-0.446707
3707,30.892000,-1.228789,0.175800,-0.443974
3708,30.900000,-1.226982,0.175722,-0.441338
3709,30.908000,-1.225055,0.175681,-0.438438
3710,30.917000,-1.222912,0.175529,-0.435431
3711,30.925000,-1.220757,0.175440,-0.431925
3712,30.933000,-1.218644,0.175562,-0.428310
3713,30.942000,-1.216753,0.175541,-0.424189
3714,30.950000,-1.215114,0.175349,-0.420132
3715,30.958000,-1.213834,0.175439,-0.416070
3716,30.967000,-1.212749,0.175395,-0.412150
3717,30.975000,-1.211796,0.175416,-0.408359
3718,30.983000,-1.211108,0.175423,-0.404825
3719,30.992000,-1.210617,0.175290,-0.401648
3720,31.000000,-1.209969,0.175220,-0.398869
3721,31.008000,-1.209018,0.175270,-0.395915
3722,31.017000,-1.207813,0.175301,-0.393341
3723,31.025000,-1.206184,0.175306,-0.390777
3724,31.033000,-1.204387,0.175207,-0.388017
3725,31.042000,-1.202517,0.175092,-0.385083
3726,31.050000,-1.200622,0.175193,-0.381737
3727,31.058000,-1.198422,0.175144,-0.378119
3728,31.067000,-1.196589,0.175170,-0.374220
3729,31.075000,-1.194975,0.175058,-0.370230
3730,31.083000,-1.193674,0.175007,-0.366207
3731,31.092000,-1.192545,0.175001,-0.362083
3732,31.100000,-1.191621,0.174847,-0.358074
3733,31.108000,-1.190782,0.174762,-0.354364
3734,31.117000,-1.190027,0.174625,-0.351076
3735,31.125000,-1.189185,0.174632,-0.348034
3736,31.133000,-1.188103,0.174524,-0.345242
3737,31.142000,-1.186784,0.174522,-0.342474
3738,31.150000,-1.185152,0.174481,-0.339669
3739,31.158000,-1.183313,0.174457,-0.336869
3740,31.167000,-1.181357,0.174453,-0.333563
3741,31.175000,-1.179333,0.174310,-0.330149
3742,31.183000,-1.177276,0.174340,-0.326236
3743,31.192000,-1.175265,0.174297,-0.322228
3744,31.200000,-1.173563,0.174275,-0.318014
3745,31.208000,-1.172297,0.174249,-0.313610
3746,31.217000,-1.171160,0.174114,-0.309382
3747,31.225000,-1.170388,0.174175,-0.305277
3748,31.233000,-1.169691,0.174107,-0.301550
3749,31.242000,-1.168963,0.174122,-0.298069
3750,31.250000,-1.168287,0.174027,-0.294960
3751,31.258000,-1.167358,0.173977,-0.292058
3752,31.267000,-1.166022,0.173919,-0.289242
3753,31.275000,-1.164388,0.173898,-0.286294
3754,31.283000,-1.162587,0.173852,-0.283220
3755,31.292000,-1.160336,0.173896,-0.280190
3756,31.300000,-1.158334,0.173921,-0.276397
3757,31.308000,-1.156133,0.173919,-0.272540
3758,31.317000,-1.154179,0.173780,-0.268477
3759,31.325000,-1.152560,0.173761,-0.264224
3760,31.333000,-1.151304,0.173732,-0.260095
3761,31.342000,-1.150217,0.173714,-0.255755
3762,31.350000,-1.149372,0.173679,-0.251712
3763,31.358000,-1.148689,0.173707,-0.248024
3764,31.367000,-1.148180,0.173574,-0.244543
3765,31.375000,-1.147354,0.173500,-0.241420
3766,31.383000,-1.146448,0.173426,-0.238433
3767,31.392000,-1.145051,0.173450,-0.235553
3768,31.400000,-1.143386,0.173394,-0.232733
3769,31.408000,-1.141542,0.173292,-0.229916
3770,31.417000,-1.139524,0.173186,-0.226593
3771,31.425000,-1.137526,0.173171,-0.223136
3772,31.433000,-1.135455,0.173074,-0.219230
3773,31.442000,-1.133432,0.172951,-0.215331
3774,31.450000,-1.131838,0.172846,-0.211126
3775,31.458000,-1.130635,0.172900,-0.206470
3776,31.467000,-1.129447,0.172894,-0.202248
3777,31.475000,-1.128715,0.172989,-0.198124
3778,31.483000,-1.128252,0.172820,-0.194202
3779,31.492000,-1.127469,0.172763,-0.190804
3780,31.500000,-1.126908,0.172720,-0.187606
3781,31.508000,-1.125940,0.172729,-0.184535
3782,31.517000,-1.124695,0.172747,-0.181805
3783,31.525000,-1.123168,0.172716,-0.178864
3784,31.533000,-1.121358,0.172546,-0.175907
3785,31.542000,-1.119351,0.172440,-0.172738
3786,31.550000,-1.117452,0.172522,-0.169040
3787,31.558000,-1.115505,0.172501,-0.165239
3788,31.567000,-1.113533,0.172381,-0.161080
3789,31.575000,-1.111693,0.172237,-0.156907
3790,31.583000,-1.110213,0.172252,-0.152441
3791,31.592000,-1.108817,0.172252,-0.147856
3792,31.600000,-1.107605,0.172228,-0.143367
3793,31.608000,-1.106690,0.172143,-0.139141
3794,31.617000,-1.105904,0.172080,-0.135285
3795,31.625000,-1.104925,0.171970,-0.131715
3796,31.633000,-1.103813,0.171857,-0.128263
3797,31.642000,-1.102373,0.171865,-0.125109
3798,31.650000,-1.100577,0.171820,-0.121829
3799,31.658000,-1.098512,0.171840,-0.118721
3800,31.667000,-1.096276,0.171754,-0.115539
3801,31.675000,-1.093572,0.172119,-0.112232
3802,31.683000,-1.091197,0.172125,-0.108389
3803,31.692000,-1.088695,0.172186,-0.104284
3804,31.700000,-1.086422,0.172140,-0.100212
3805,31.708000,-1.084513,0.172116,-0.096058
3806,31.717000,-1.082883,0.172111,-0.091840
3807,31.725000,-1.081339,0.171981,-0.087907
3808,31.733000,-1.079937,0.172054,-0.084265
3809,31.742000,-1.078833,0.172019,-0.081145
3810,31.750000,-1.077450,0.172000,-0.078265
3811,31.758000,-1.075829,0.172010,-0.075623
3812,31.767000,-1.073912,0.172053,-0.073362
3813,31.775000,-1.071507,0.171981,-0.070928
3814,31.783000,-1.068905,0.172070,-0.068506
3815,31.792000,-1.065997,0.171919,-0.066206
3816,31.800000,-1.063071,0.171920,-0.063421
3817,31.808000,-1.060024,0.171957,-0.060390
3818,31.817000,-1.057087,0.172004,-0.057322
3819,31.825000,-1.054277,0.171976,-0.053898
3820,31.833000,-1.051832,0.171910,-0.050682
3821,31.842000,-1.049672,0.171943,-0.047274
3822,31.850000,-1.047733,0.171785,-0.044254
3823,31.858000,-1.045954,0.171900,-0.041404
3824,31.867000,-1.044217,0.171866,-0.038889
3825,31.875000,-1.042415,0.171883,-0.036890
3826,31.883000,-1.040133,0.171798,-0.035152
3827,31.892000,-1.037587,0.171800,-0.033424
3828,31.900000,-1.034791,0.171868,-0.031837
3829,31.908000,-1.031724,0.171805,-0.030170
3830,31.917000,-1.028481,0.171686,-0.028465
3831,31.925000,-1.025227,0.171780,-0.026163
3832,31.933000,-1.021647,0.171799,-0.023598
3833,31.942000,-1.018354,0.171785,-0.021010
3834,31.950000,-1.015152,0.171881,-0.018106
3835,31.958000,-1.011997,0.171827,-0.015295
3836,31.967000,-1.009085,0.171909,-0.012350
3837,31.975000,-1.006521,0.171918,-0.009326
3838,31.983000,-1.004467,0.171870,-0.006485
3839,31.992000,-1.002433,0.171949,-0.004246
3840,32.000000,-1.000345,0.171818,-0.002185
3841,32.008000,-0.997985,0.171695,-0.000335
3842,32.017000,-0.995317,0.171720,0.001226
3843,32.025000,-0.992388,0.171759,0.002863
3844,32.033000,-0.989222,0.171755,0.004403
3845,32.042000,-0.985780,0.171681,0.005872
3846,32.050000,-0.982030,0.171629,0.007728
3847,32.058000,-0.978341,0.171737,0.009992
3848,32.067000,-0.974468,0.171742,0.012505
3849,32.075000,-0.970908,0.171673,0.015066
3850,32.083000,-0.967496,0.171639,0.017880
3851,32.092000,-0.964447,0.171707,0.020649
3852,32.100000,-0.961691,0.171663,0.023271
3853,32.108000,-0.958991,0.171591,0.025745
3854,32.117000,-0.956242,0.171468,0.027898
3855,32.125000,-0.953640,0.171281,0.029737
3856,32.133000,-0.950986,0.171205,0.031150
3857,32.142000,-0.948021,0.171284,0.032435
3858,32.150000,-0.944784,0.171327,0.033793
3859,32.158000,-0.941303,0.171405,0.035139
3860,32.167000,-0.937623,0.171239,0.036356
3861,32.175000,-0.933630,0.171208,0.037806
3862,32.183000,-0.929562,0.171262,0.039640
3863,32.192000,-0.925524,0.171371,0.041886
3864,32.200000,-0.921422,0.171304,0.044200
3865,32.208000,-0.917756,0.171274,0.046601
3866,32.217000,-0.914208,0.171220,0.048977
3867,32.225000,-0.911134,0.171358,0.051358
3868,32.233000,-0.908256,0.171282,0.053432
3869,32.242000,-0.905439,0.171352,0.055382
3870,32.250000,-0.902576,0.171392,0.057237
3871,32.258000,-0.899612,0.171236,0.058586
3872,32.267000,-0.896451,0.171191,0.059638
3873,32.275000,-0.893099,0.171115,0.060567
3874,32.283000,-0.889347,0.171087,0.061492
3875,32.292000,-0.885432,0.171056,0.062444
3876,32.300000,-0.881463,0.171017,0.063573
3877,32.308000,-0.877198,0.171115,0.064884
3878,32.317000,-0.872963,0.171168,0.066518
3879,32.325000,-0.868841,0.171175,0.068447
3880,32.333000,-0.864741,0.171154,0.070611
3881,32.342000,-0.861142,0.171169,0.072879
3882,32.350000,-0.857925,0.171193,0.075040
3883,32.358000,-0.855057,0.171125,0.077041
3884,32.367000,-0.852327,0.171204,0.078953
3885,32.375000,-0.849383,0.171141,0.080514
3886,32.383000,-0.846675,0.171040,0.081842
3887,32.392000,-0.843831,0.170934,0.082880
3888,32.400000,-0.840688,0.170813,0.083570
3889,32.408000,-0.837299,0.170909,0.084187
3890,32.417000,-0.833634,0.170846,0.085147
3891,32.425000,-0.829618,0.170811,0.086208
3892,32.433000,-0.825575,0.170821,0.087539
3893,32.442000,-0.821504,0.170908,0.089217
3894,32.450000,-0.817422,0.170853,0.091127
3895,32.458000,-0.813586,0.170712,0.093405
3896,32.467000,-0.810101,0.170931,0.095634
3897,32.475000,-0.806991,0.170883,0.097910
3898,32.483000,-0.804001,0.170753,0.100010
3899,32.492000,-0.801410,0.170822,0.102036
3900,32.500000,-0.798917,0.170924,0.103657
3901,32.508000,-0.796404,0.170962,0.105043
3902,32.517000,-0.793683,0.170989,0.106065
3903,32.525000,-0.790788,0.171007,0.107114
3904,32.533000,-0.787428,0.171061,0.108063
3905,32.542000,-0.783945,0.171061,0.109198
3906,32.550000,-0.780299,0.170960,0.110480
3907,32.558000,-0.776491,0.170916,0.112000
3908,32.567000,-0.772581,0.170977,0.113802
3909,32.575000,-0.768743,0.170927,0.115982
3910,32.583000,-0.765142,0.170941,0.118255
3911,32.592000,-0.761820,0.170855,0.120680
3912,32.600000,-0.758950,0.170924,0.123062
3913,32.608000,-0.756066,0.170907,0.125412
3914,32.617000,-0.753546,0.170832,0.127645
3915,32.625000,-0.751231,0.170754,0.129509
3916,32.633000,-0.748823,0.170810,0.130901
3917,32.642000,-0.746302,0.170728,0.132327
3918,32.650000,-0.743567,0.170755,0.133348
3919,32.658000,-0.740346,0.170720,0.134310
3920,32.667000,-0.736938,0.170868,0.135408
3921,32.675000,-0.733228,0.170627,0.136563
3922,32.683000,-0.729486,0.170720,0.137991
3923,32.692000,-0.725717,0.170793,0.139841
3924,32.700000,-0.721726,0.170794,0.142060
3925,32.708000,-0.717914,0.170749,0.144384
3926,32.717000,-0.714427,0.170805,0.146893
3927,32.725000,-0.711367,0.170849,0.149463
3928,32.733000,-0.708432,0.170806,0.151822
3929,32.742000,-0.705758,0.170833,0.154084
3930,32.750000,-0.703154,0.170838,0.156032
3931,32.758000,-0.700551,0.170795,0.157740
3932,32.767000,-0.697791,0.170789,0.159202
3933,32.775000,-0.694932,0.170746,0.160428
3934,32.783000,-0.691477,0.170838,0.161660
3935,32.792000,-0.687911,0.170786,0.163065
3936,32.800000,-0.684121,0.170790,0.164280
3937,32.808000,-0.680253,0.170774,0.165946
3938,32.817000,-0.676357,0.170825,0.167898
3939,32.825000,-0.672250,0.170923,0.170029
3940,32.833000,-0.668428,0.170857,0.172398
3941,32.842000,-0.664825,0.170746,0.174970
3942,32.850000,-0.661572,0.170705,0.177601
3943,32.858000,-0.658460,0.170576,0.180054
3944,32.867000,-0.655881,0.170506,0.182447
3945,32.875000,-0.653229,0.170613,0.184285
3946,32.883000,-0.650641,0.170608,0.185776
3947,32.892000,-0.647971,0.170512,0.187086
3948,32.900000,-0.645094,0.170400,0.188272
3949,32.908000,-0.641768,0.170380,0.189625
3950,32.917000,-0.638067,0.170367,0.190835
3951,32.925000,-0.634463,0.170358,0.192207
3952,32.933000,-0.630688,0.170329,0.193895
3953,32.942000,-0.626695,0.170211,0.195718
3954,32.950000,-0.622636,0.170268,0.197856
3955,32.958000,-0.618682,0.170439,0.200259
3956,32.967000,-0.615083,0.170379,0.202794
3957,32.975000,-0.611878,0.170399,0.205415
3958,32.983000,-0.608857,0.170367,0.207884
3959,32.992000,-0.606207,0.170283,0.210257
3960,33.000000,-0.603778,0.170300,0.212274
3961,33.008000,-0.601135,0.170425,0.213954
3962,33.017000,-0.598405,0.170302,0.215427
3963,33.025000,-0.595658,0.170213,0.216660
3964,33.033000,-0.592416,0.170281,0.217749
3965,33.042000,-0.588788,0.170134,0.219082
3966,33.050000,-0.584898,0.170214,0.220366
3967,33.058000,-0.580971,0.170203,0.222195
3968,33.067000,-0.576971,0.170060,0.224119
3969,33.075000,-0.572933,0.169876,0.226310
3970,33.083000,-0.568885,0.169954,0.228771
3971,33.092000,-0.565251,0.169868,0.231374
3972,33.100000,-0.562105,0.169643,0.234054
3973,33.108000,-0.558947,0.169698,0.236698
3974,33.117000,-0.556112,0.169682,0.239055
3975,33.125000,-0.553503,0.169795,0.241161
3976,33.133000,-0.550871,0.169644,0.242806
3977,33.142000,-0.548173,0.169521,0.244305
3978,33.150000,-0.545329,0.169525,0.245648
3979,33.158000,-0.542090,0.169470,0.246901
3980,33.167000,-0.538419,0.169531,0.248095
3981,33.175000,-0.534641,0.169456,0.249634
3982,33.183000,-0.530541,0.169318,0.251329
3983,33.192000,-0.526564,0.169287,0.253377
3984,33.200000,-0.522435,0.169367,0.255459
3985,33.208000,-0.518467,0.169349,0.257891
3986,33.217000,-0.514883,0.169369,0.260532
3987,33.225000,-0.511676,0.169140,0.263292
3988,33.233000,-0.508870,0.169273,0.265956
3989,33.242000,-0.506027,0.169317,0.268398
3990,33.250000,-0.503248,0.169190,0.270609
3991,33.258000,-0.500624,0.169004,0.272537
3992,33.267000,-0.498259,0.168951,0.274093
3993,33.275000,-0.495346,0.168905,0.275410
3994,33.283000,-0.492127,0.168824,0.276660
3995,33.292000,-0.488626,0.168821,0.277904
3996,33.300000,-0.484880,0.168659,0.279199
3997,33.308000,-0.481005,0.168583,0.280944
3998,33.317000,-0.476928,0.168723,0.282906
3999,33.325000,-0.472814,0.168702,0.285177
4000,33.333000,-0.469021,0.168537,0.287504
4001,33.342000,-0.465522,0.168571,0.290273
4002,33.350000,-0.462364,0.168442,0.292804
4003,33.358000,-0.459431,0.168329,0.295349
4004,33.367000,-0.456843,0.168386,0.297817
4005,33.375000,-0.454461,0.168376,0.299831
4006,33.383000,-0.451956,0.168269,0.301412
4007,33.392000,-0.449303,0.168214,0.302820
4008,33.400000,-0.446507,0.168108,0.304249
4009,33.408000,-0.443145,0.168006,0.305402
4010,33.417000,-0.439592,0.167927,0.306713
4011,33.425000,-0.435915,0.167876,0.308137
4012,33.433000,-0.432224,0.167928,0.309443
4013,33.442000,-0.428469,0.167936,0.311616
4014,33.450000,-0.424657,0.167884,0.313914
4015,33.458000,-0.420980,0.167912,0.316193
4016,33.467000,-0.417470,0.167959,0.318802
4017,33.475000,-0.414255,0.167972,0.321593
4018,33.483000,-0.411341,0.167831,0.324050
4019,33.492000,-0.408859,0.167807,0.326497
4020,33.500000,-0.406460,0.167782,0.328626
4021,33.508000,-0.403887,0.167752,0.330271
4022,33.517000,-0.401246,0.167604,0.331861
4023,33.525000,-0.398284,0.167517,0.333177
4024,33.533000,-0.395022,0.167497,0.334414
4025,33.542000,-0.391488,0.167411,0.335711
4026,33.550000,-0.387717,0.167380,0.337051
4027,33.558000,-0.383761,0.167341,0.338684
4028,33.567000,-0.379882,0.167341,0.340793
4029,33.575000,-0.375908,0.167406,0.343038
4030,33.583000,-0.372098,0.167347,0.345442
4031,33.592000,-0.368617,0.167252,0.348001
4032,33.600000,-0.365398,0.167302,0.350761
4033,33.608000,-0.362525,0.167196,0.353410
4034,33.617000,-0.359731,0.167129,0.355977
4035,33.625000,-0.357127,0.167078,0.358229
4036,33.633000,-0.354666,0.167060,0.360095
4037,33.642000,-0.351969,0.166887,0.361775
4038,33.650000,-0.349039,0.166819,0.363376
4039,33.658000,-0.345665,0.166729,0.364780
4040,33.667000,-0.342472,0.166993,0.366267
4041,33.675000,-0.338811,0.166984,0.367963
4042,33.683000,-0.334896,0.167040,0.369803
4043,33.692000,-0.331264,0.167147,0.372409
4044,33.700000,-0.327609,0.167132,0.374852
4045,33.708000,-0.323883,0.167067,0.377490
4046,33.717000,-0.320439,0.167121,0.380596
4047,33.725000,-0.317433,0.167037,0.383662
4048,33.733000,-0.314764,0.167076,0.386606
4049,33.742000,-0.312398,0.167029,0.389410
4050,33.750000,-0.310172,0.166842,0.391891
4051,33.758000,-0.307922,0.166842,0.394125
4052,33.767000,-0.305755,0.166697,0.396272
4053,33.775000,-0.303262,0.166661,0.398277
4054,33.783000,-0.300378,0.166694,0.400262
4055,33.792000,-0.297352,0.166668,0.402222
4056,33.800000,-0.294062,0.166609,0.404235
4057,33.808000,-0.290629,0.166425,0.406666
4058,33.817000,-0.287226,0.166552,0.409493
4059,33.825000,-0.283782,0.166584,0.412548
4060,33.833000,-0.280675,0.166564,0.415939
4061,33.842000,-0.277708,0.166519,0.419534
4062,33.850000,-0.275235,0.166404,0.423308
4063,33.858000,-0.273119,0.166375,0.426993
4064,33.867000,-0.271243,0.166281,0.430281
4065,33.875000,-0.269586,0.166455,0.433424
4066,33.883000,-0.268011,0.166386,0.436118
4067,33.892000,-0.266293,0.166230,0.438529
4068,33.900000,-0.264438,0.166158,0.440826
4069,33.908000,-0.262176,0.166254,0.443123
4070,33.917000,-0.259768,0.166171,0.445282
4071,33.925000,-0.257185,0.166250,0.447679
4072,33.933000,-0.254411,0.166015,0.450492
4073,33.942000,-0.251711,0.165975,0.453568
4074,33.950000,-0.248910,0.166012,0.456885
4075,33.958000,-0.246205,0.166006,0.460420
4076,33.967000,-0.243929,0.166158,0.464592
4077,33.975000,-0.241802,0.166104,0.468773
4078,33.983000,-0.239820,0.165994,0.472244
4079,33.992000,-0.238491,0.165922,0.475646
4080,34.000000,-0.236957,0.165963,0.478468
4081,34.008000,-0.235561,0.166104,0.480860
4082,34.017000,-0.233826,0.166326,0.483256
4083,34.025000,-0.231828,0.166334,0.485662
4084,34.033000,-0.229390,0.166136,0.488012
4085,34.042000,-0.226847,0.165965,0.490381
4086,34.050000,-0.224216,0.165988,0.492726
4087,34.058000,-0.221591,0.166060,0.495659
4088,34.067000,-0.218845,0.166160,0.498955
4089,34.075000,-0.216037,0.166070,0.502360
4090,34.083000,-0.213662,0.166012,0.505767
4091,34.092000,-0.211665,0.166179,0.509420
4092,34.100000,-0.209848,0.166124,0.513117
4093,34.108000,-0.208179,0.166082,0.516912
4094,34.117000,-0.206981,0.166096,0.520323
4095,34.125000,-0.205854,0.166167,0.523233
4096,34.133000,-0.204823,0.166102,0.525987
4097,34.142000,-0.203615,0.165953,0.528419
4098,34.150000,-0.202040,0.165966,0.530792
4099,34.158000,-0.200325,0.166051,0.533059
4100,34.167000,-0.198215,0.165955,0.535526
4101,34.175000,-0.195763,0.165877,0.538188
4102,34.183000,-0.193325,0.165850,0.541265
4103,34.192000,-0.191005,0.165803,0.544486
4104,34.200000,-0.188771,0.165853,0.547987
4105,34.208000,-0.186642,0.165829,0.551699
4106,34.217000,-0.184996,0.165898,0.555500
4107,34.225000,-0.183571,0.165799,0.559314
4108,34.233000,-0.182676,0.165889,0.563190
4109,34.242000,-0.182478,0.166123,0.566614
4110,34.250000,-0.181647,0.166187,0.569617
4111,34.258000,-0.181173,0.166043,0.572505
4112,34.267000,-0.180428,0.165917,0.575112
4113,34.275000,-0.179293,0.165856,0.577504
4114,34.283000,-0.177848,0.165936,0.580007
4115,34.292000,-0.176282,0.166028,0.582672
4116,34.300000,-0.174365,0.166066,0.585451
4117,34.308000,-0.172520,0.166025,0.588369
4118,34.317000,-0.170749,0.166119,0.591811
4119,34.325000,-0.169052,0.166088,0.595448
4120,34.333000,-0.167588,0.166171,0.599231
4121,34.342000,-0.166616,0.166064,0.603070
4122,34.350000,-0.165833,0.166015,0.607053
4123,34.358000,-0.165215,0.165987,0.610750
4124,34.367000,-0.164650,0.166130,0.614354
4125,34.375000,-0.164525,0.166207,0.617448
4126,34.383000,-0.164421,0.166148,0.620355
4127,34.392000,-0.163878,0.165996,0.623220
4128,34.400000,-0.163130,0.165886,0.625875
4129,34.408000,-0.161858,0.165892,0.628722
4130,34.417000,-0.160360,0.165964,0.631757
4131,34.425000,-0.158672,0.166007,0.634885
4132,34.433000,-0.157119,0.166002,0.638332
4133,34.442000,-0.155794,0.166003,0.641849
4134,34.450000,-0.154476,0.165811,0.645753
4135,34.458000,-0.153535,0.165877,0.649884
4136,34.467000,-0.152936,0.165998,0.654051
4137,34.475000,-0.152577,0.165925,0.658141
4138,34.483000,-0.152608,0.165744,0.661911
4139,34.492000,-0.152520,0.165695,0.665323
4140,34.500000,-0.152607,0.165650,0.668418
4141,34.508000,-0.152632,0.165620,0.671397
4142,34.517000,-0.152353,0.165538,0.673959
4143,34.525000,-0.151722,0.165517,0.676289
4144,34.533000,-0.150883,0.165642,0.678734
4145,34.542000,-0.149681,0.165622,0.681319
4146,34.550000,-0.148414,0.165615,0.684264
4147,34.558000,-0.147137,0.165777,0.687770
4148,34.567000,-0.145863,0.165771,0.691247
4149,34.575000,-0.144699,0.165916,0.694884
4150,34.583000,-0.143969,0.165835,0.698379
4151,34.592000,-0.143374,0.165831,0.702031
4152,34.600000,-0.143064,0.165772,0.705574
4153,34.608000,-0.142960,0.165670,0.708922
4154,34.617000,-0.142908,0.165813,0.711940
4155,34.625000,-0.142846,0.165779,0.714598
4156,34.633000,-0.142523,0.165629,0.716964
4157,34.642000,-0.142132,0.165735,0.719038
4158,34.650000,-0.141323,0.165790,0.721048
4159,34.658000,-0.140158,0.165630,0.723053
4160,34.667000,-0.138808,0.165585,0.725174
4161,34.675000,-0.137258,0.165745,0.727701
4162,34.683000,-0.135822,0.165739,0.730387
4163,34.692000,-0.134421,0.165682,0.733226
4164,34.700000,-0.133116,0.165659,0.736246
4165,34.708000,-0.132168,0.165593,0.739492
4166,34.717000,-0.131493,0.165640,0.742748
4167,34.725000,-0.130966,0.165641,0.746004
4168,34.733000,-0.130791,0.165575,0.748953
4169,34.742000,-0.130707,0.165579,0.751609
4170,34.750000,-0.130767,0.165554,0.753912
4171,34.758000,-0.130522,0.165438,0.755837
4172,34.767000,-0.130089,0.165447,0.757656
4173,34.775000,-0.129167,0.165535,0.759593
4174,34.783000,-0.127943,0.165568,0.761460
4175,34.792000,-0.126478,0.165489,0.763508
4176,34.800000,-0.124977,0.165472,0.765766
4177,34.808000,-0.123445,0.165667,0.768440
4178,34.817000,-0.121862,0.165607,0.771245
4179,34.825000,-0.120542,0.165534,0.774257
4180,34.833000,-0.119588,0.165582,0.777317
4181,34.842000,-0.118851,0.165584,0.780652
4182,34.850000,-0.118705,0.165501,0.783804
4183,34.858000,-0.118564,0.165472,0.786760
4184,34.867000,-0.118383,0.165383,0.789165
4185,34.875000,-0.118371,0.165475,0.791433
4186,34.883000,-0.118170,0.165306,0.793439
4187,34.892000,-0.117590,0.165338,0.795382
4188,34.900000,-0.116790,0.165342,0.797234
4189,34.908000,-0.115660,0.165306,0.799028
4190,34.917000,-0.114003,0.165247,0.801092
4191,34.925000,-0.112300,0.165367,0.803165
4192,34.933000,-0.110748,0.165414,0.805794
4193,34.942000,-0.109164,0.165341,0.808630
4194,34.950000,-0.107691,0.165279,0.811726
4195,34.958000,-0.106812,0.165334,0.815009
4196,34.967000,-0.106072,0.165392,0.818243
4197,34.975000,-0.105592,0.165335,0.821265
4198,34.983000,-0.105336,0.165337,0.824240
4199,34.992000,-0.105358,0.165210,0.826639
4200,35.000000,-0.105200,0.165216,0.828869
4201,35.008000,-0.104937,0.165174,0.830907
4202,35.017000,-0.104314,0.165149,0.832700
4203,35.025000,-0.103434,0.165158,0.834222
4204,35.033000,-0.102197,0.165123,0.836136
4205,35.042000,-0.100689,0.165127,0.838256
4206,35.050000,-0.099076,0.165201,0.840566
4207,35.058000,-0.097657,0.165265,0.843143
4208,35.067000,-0.096194,0.165215,0.845938
4209,35.075000,-0.094959,0.165505,0.848871
4210,35.083000,-0.094076,0.165493,0.851902
4211,35.092000,-0.093432,0.165545,0.855136
4212,35.100000,-0.093175,0.165496,0.858244
4213,35.108000,-0.093048,0.165357,0.861103
4214,35.117000,-0.092917,0.165435,0.863646
4215,35.125000,-0.092822,0.165503,0.865866
4216,35.133000,-0.092524,0.165423,0.867833
4217,35.142000,-0.092011,0.165414,0.869506
4218,35.150000,-0.091239,0.165410,0.871214
4219,35.158000,-0.090017,0.165445,0.873050
4220,35.167000,-0.088496,0.165615,0.874967
4221,35.175000,-0.086944,0.165505,0.877299
4222,35.183000,-0.085460,0.165570,0.879977
4223,35.192000,-0.083949,0.165608,0.882933
4224,35.200000,-0.082618,0.165567,0.885971
4225,35.208000,-0.081650,0.165687,0.889200
4226,35.217000,-0.081143,0.165673,0.892503
4227,35.225000,-0.080749,0.165486,0.895527
4228,35.233000,-0.080537,0.165594,0.898434
4229,35.242000,-0.080462,0.165639,0.900844
4230,35.250000,-0.080519,0.165548,0.903040
4231,35.258000,-0.080275,0.165395,0.904992
4232,35.267000,-0.079668,0.165481,0.906998
4233,35.275000,-0.078784,0.165497,0.908777
4234,35.283000,-0.077478,0.165415,0.910637
4235,35.292000,-0.075974,0.165430,0.912816
4236,35.300000,-0.074409,0.165523,0.915215
4237,35.308000,-0.072930,0.165502,0.917887
4238,35.317000,-0.071395,0.165429,0.920781
4239,35.325000,-0.070085,0.165451,0.923796
4240,35.333000,-0.069029,0.165465,0.927101
4241,35.342000,-0.068313,0.165375,0.930349
4242,35.350000,-0.067780,0.165420,0.933631
4243,35.358000,-0.067523,0.165333,0.936601
4244,35.367000,-0.067357,0.165247,0.939218
4245,35.375000,-0.067139,0.165290,0.941570
4246,35.383000,-0.066749,0.165309,0.943719
4247,35.392000,-0.066226,0.165301,0.945658
4248,35.400000,-0.065341,0.165319,0.947586
4249,35.408000,-0.064241,0.165355,0.949454
4250,35.417000,-0.062898,0.165367,0.951666
4251,35.425000,-0.061310,0.165308,0.954071
4252,35.433000,-0.059817,0.165335,0.956826
4253,35.442000,-0.058172,0.165403,0.959893
4254,35.450000,-0.056596,0.165528,0.963096
4255,35.458000,-0.055401,0.165627,0.966436
4256,35.467000,-0.054735,0.165505,0.969624
4257,35.475000,-0.054302,0.165437,0.972791
4258,35.483000,-0.054197,0.165423,0.975627
4259,35.492000,-0.054180,0.165415,0.978247
4260,35.500000,-0.053989,0.165419,0.980537
4261,35.508000,-0.053852,0.165407,0.982533
4262,35.517000,-0.053441,0.165370,0.984342
4263,35.525000,-0.052646,0.165412,0.986099
4264,35.533000,-0.051633,0.165477,0.987774
4265,35.542000,-0.050451,0.165453,0.989785
4266,35.550000,-0.049120,0.165433,0.992169
4267,35.558000,-0.047924,0.165430,0.994798
4268,35.567000,-0.046547,0.165623,0.997506
4269,35.575000,-0.045332,0.165616,1.000410
4270,35.583000,-0.044444,0.165385,1.003515
4271,35.592000,-0.043846,0.165430,1.006594
4272,35.600000,-0.043410,0.165432,1.009366
4273,35.608000,-0.043335,0.165378,1.012180
4274,35.617000,-0.043499,0.165316,1.014548
4275,35.625000,-0.043647,0.165338,1.016553
4276,35.633000,-0.043609,0.165277,1.018250
4277,35.642000,-0.043314,0.165250,1.019865
4278,35.650000,-0.042742,0.165285,1.021258
4279,35.658000,-0.041850,0.165308,1.022686
4280,35.667000,-0.040791,0.165287,1.024367
4281,35.675000,-0.039597,0.165310,1.026090
4282,35.683000,-0.038507,0.165270,1.028261
4283,35.692000,-0.037365,0.165318,1.030756
4284,35.700000,-0.036369,0.165396,1.033415
4285,35.708000,-0.035914,0.165352,1.035983
4286,35.717000,-0.035759,0.165321,1.038635
4287,35.725000,-0.035907,0.165346,1.041395
4288,35.733000,-0.036293,0.165396,1.043657
4289,35.742000,-0.036816,0.165339,1.045676
4290,35.750000,-0.037413,0.165288,1.047392
4291,35.758000,-0.037834,0.165241,1.048966
4292,35.767000,-0.037844,0.165319,1.050372
4293,35.775000,-0.037579,0.165291,1.051593
4294,35.783000,-0.037050,0.165265,1.052787
4295,35.792000,-0.036245,0.165136,1.054091
4296,35.800000,-0.035348,0.165192,1.055741
4297,35.808000,-0.034423,0.165249,1.057803
4298,35.817000,-0.033626,0.165483,1.060090
4299,35.825000,-0.032897,0.165328,1.062372
4300,35.833000,-0.032579,0.165228,1.064902
4301,35.842000,-0.032640,0.165349,1.067450
4302,35.850000,-0.033013,0.165241,1.069866
4303,35.858000,-0.033585,0.165125,1.071849
4304,35.867000,-0.034351,0.165133,1.073565
4305,35.875000,-0.035206,0.165135,1.075031
4306,35.883000,-0.035843,0.165085,1.076284
4307,35.892000,-0.036087,0.165174,1.077194
4308,35.900000,-0.036056,0.165196,1.078024
4309,35.908000,-0.035742,0.165142,1.078924
4310,35.917000,-0.034979,0.165050,1.079913
4311,35.925000,-0.034361,0.165119,1.081296
4312,35.933000,-0.033781,0.165220,1.083061
4313,35.942000,-0.033243,0.165137,1.085248
4314,35.950000,-0.032755,0.165228,1.087156
4315,35.958000,-0.032814,0.165168,1.089431
4316,35.967000,-0.033226,0.165087,1.091784
4317,35.975000,-0.033662,0.165105,1.093893
4318,35.983000,-0.034390,0.165194,1.095665
4319,35.992000,-0.035204,0.165123,1.097224
4320,36.000000,-0.035944,0.165152,1.098502
4321,36.008000,-0.036627,0.165115,1.099604
4322,36.017000,-0.036980,0.165113,1.100395
4323,36.025000,-0.036947,0.165081,1.101074
4324,36.033000,-0.036636,0.165074,1.101894
4325,36.042000,-0.036048,0.165050,1.103041
4326,36.050000,-0.035306,0.165147,1.104518
4327,36.058000,-0.034606,0.165046,1.106480
4328,36.067000,-0.033801,0.164949,1.108600
4329,36.075000,-0.033283,0.165023,1.110672
4330,36.083000,-0.033196,0.165026,1.113153
4331,36.092000,-0.033490,0.164882,1.115665
4332,36.100000,-0.033955,0.164875,1.118156
4333,36.108000,-0.034755,0.164756,1.120620
4334,36.117000,-0.035522,0.164735,1.122536
4335,36.125000,-0.036040,0.164859,1.123973
4336,36.133000,-0.036575,0.164863,1.125209
4337,36.142000,-0.036838,0.164861,1.126558
4338,36.150000,-0.036680,0.164815,1.127843
4339,36.158000,-0.036315,0.164774,1.129087
4340,36.167000,-0.035602,0.164688,1.130722
4341,36.175000,-0.034807,0.164709,1.132544
4342,36.183000,-0.033990,0.164861,1.134600
4343,36.192000,-0.033432,0.164859,1.136876
4344,36.200000,-0.032871,0.164817,1.139393
4345,36.208000,-0.032608,0.164934,1.142134
4346,36.217000,-0.032737,0.164926,1.144746
4347,36.225000,-0.033163,0.164745,1.147324
4348,36.233000,-0.033704,0.164769,1.149738
4349,36.242000,-0.034380,0.164944,1.151769
4350,36.250000,-0.034997,0.164878,1.153299
4351,36.258000,-0.035426,0.164629,1.154647
4352,36.267000,-0.035487,0.164603,1.155743
4353,36.275000,-0.035193,0.164648,1.156911
4354,36.283000,-0.034576,0.164819,1.158224
4355,36.292000,-0.033745,0.164707,1.159512
4356,36.300000,-0.032932,0.164561,1.161102
4357,36.308000,-0.032101,0.164436,1.163028
4358,36.317000,-0.031343,0.164457,1.165287
4359,36.325000,-0.030773,0.164499,1.167716
4360,36.333000,-0.030600,0.164575,1.170202
4361,36.342000,-0.030625,0.164718,1.172710
4362,36.350000,-0.030851,0.164611,1.175203
4363,36.358000,-0.031307,0.164650,1.177348
4364,36.367000,-0.031868,0.164641,1.179152
4365,36.375000,-0.032535,0.164541,1.180523
4366,36.383000,-0.032957,0.164496,1.181712
4367,36.392000,-0.033079,0.164505,1.182691
4368,36.400000,-0.032893,0.164547,1.183574
4369,36.408000,-0.032349,0.164490,1.184515
4370,36.417000,-0.031446,0.164536,1.185890
4371,36.425000,-0.030468,0.164547,1.187426
4372,36.433000,-0.029622,0.164553,1.189366
4373,36.442000,-0.028765,0.164508,1.191582
4374,36.450000,-0.028045,0.164532,1.194034
4375,36.458000,-0.027769,0.164622,1.196491
4376,36.467000,-0.027946,0.164440,1.198870
4377,36.475000,-0.028139,0.164430,1.201316
4378,36.483000,-0.028629,0.164511,1.203491
4379,36.492000,-0.029177,0.164433,1.205238
4380,36.500000,-0.029784,0.164231,1.206730
4381,36.508000,-0.030195,0.164171,1.208068
4382,36.517000,-0.030277,0.164258,1.209226
4383,36.525000,-0.030150,0.164289,1.210181
4384,36.533000,-0.029802,0.164254,1.211286
4385,36.542000,-0.029156,0.164348,1.212634
4386,36.550000,-0.028383,0.164381,1.214176
4387,36.558000,-0.027562,0.164434,1.215922
4388,36.567000,-0.026968,0.164380,1.218049
4389,36.575000,-0.026272,0.164420,1.220260
4390,36.583000,-0.026025,0.164474,1.222599
4391,36.592000,-0.025997,0.164455,1.225013
4392,36.600000,-0.026374,0.164339,1.227131
4393,36.608000,-0.027005,0.164309,1.229156
4394,36.617000,-0.027673,0.164319,1.230741
4395,36.625000,-0.028356,0.164295,1.232195
4396,36.633000,-0.028773,0.164332,1.233283
4397,36.642000,-0.028896,0.164337,1.234122
4398,36.650000,-0.028721,0.164298,1.235125
4399,36.658000,-0.028277,0.164181,1.236205
4400,36.667000,-0.027474,0.164121,1.237419
4401,36.675000,-0.026517,0.164276,1.238845
4402,36.683000,-0.025685,0.164330,1.240811
4403,36.692000,-0.025060,0.164267,1.242872
4404,36.700000,-0.024577,0.164122,1.245052
4405,36.708000,-0.024356,0.164273,1.247474
4406,36.717000,-0.024402,0.164280,1.249828
4407,36.725000,-0.024746,0.164164,1.251996
4408,36.733000,-0.025234,0.164089,1.253946
4409,36.742000,-0.025802,0.164137,1.255605
4410,36.750000,-0.026409,0.164178,1.256878
4411,36.758000,-0.026764,0.164106,1.257918
4412,36.767000,-0.026880,0.164110,1.258865
4413,36.775000,-0.026675,0.164165,1.259727
4414,36.783000,-0.026237,0.164089,1.260630
4415,36.792000,-0.025422,0.164063,1.261869
4416,36.800000,-0.024490,0.164008,1.263609
4417,36.808000,-0.023537,0.163999,1.265382
4418,36.817000,-0.022892,0.164091,1.267639
4419,36.825000,-0.022212,0.164258,1.270039
4420,36.833000,-0.021961,0.164148,1.272645
4421,36.842000,-0.022010,0.164134,1.275083
4422,36.850000,-0.022230,0.164152,1.277398
4423,36.858000,-0.022694,0.164144,1.279490
4424,36.867000,-0.023296,0.164166,1.281116
4425,36.875000,-0.023911,0.164067,1.282407
4426,36.883000,-0.024351,0.163978,1.283582
4427,36.892000,-0.024498,0.164046,1.284546
4428,36.900000,-0.024312,0.164172,1.285661
4429,36.908000,-0.023853,0.164248,1.286926
4430,36.917000,-0.023100,0.164230,1.288220
4431,36.925000,-0.022252,0.164216,1.289661
4432,36.933000,-0.021377,0.164135,1.291488
4433,36.942000,-0.020732,0.164231,1.293472
4434,36.950000,-0.020156,0.164402,1.295838
4435,36.958000,-0.019916,0.164254,1.298268
4436,36.967000,-0.019854,0.164260,1.300637
4437,36.975000,-0.020124,0.164212,1.302972
4438,36.983000,-0.020561,0.164283,1.304970
4439,36.992000,-0.021145,0.164279,1.306685
4440,37.000000,-0.021800,0.164201,1.308017
4441,37.008000,-0.022327,0.164119,1.309203
4442,37.017000,-0.022380,0.164216,1.310053
4443,37.025000,-0.022140,0.164152,1.310957
4444,37.033000,-0.021576,0.164111,1.311931
4445,37.042000,-0.020836,0.164068,1.313210
4446,37.050000,-0.019900,0.164131,1.314747
4447,37.058000,-0.018955,0.164180,1.316507
4448,37.067000,-0.018332,0.164188,1.318664
4449,37.075000,-0.017783,0.164071,1.320906
4450,37.083000,-0.017486,0.164157,1.323357
4451,37.092000,-0.017584,0.164140,1.325865
4452,37.100000,-0.017801,0.164035,1.328138
4453,37.108000,-0.018268,0.163963,1.330172
4454,37.117000,-0.018824,0.164019,1.331867
4455,37.125000,-0.019366,0.164015,1.333453
4456,37.133000,-0.019765,0.164092,1.334574
4457,37.142000,-0.019997,0.164075,1.335636
4458,37.150000,-0.019862,0.163978,1.336648
4459,37.158000,-0.019370,0.163938,1.337544
4460,37.167000,-0.018599,0.163925,1.338795
4461,37.175000,-0.017817,0.163926,1.340368
4462,37.183000,-0.016892,0.164054,1.342197
4463,37.192000,-0.016139,0.164010,1.344230
4464,37.200000,-0.015475,0.163997,1.346413
4465,37.208000,-0.015202,0.163904,1.348786
4466,37.217000,-0.015206,0.164012,1.351220
4467,37.225000,-0.015458,0.163964,1.353525
4468,37.233000,-0.015970,0.163994,1.355655
4469,37.242000,-0.016619,0.164049,1.357314
4470,37.250000,-0.017217,0.163938,1.358709
4471,37.258000,-0.017694,0.163940,1.359858
4472,37.267000,-0.017816,0.163927,1.360822
4473,37.275000,-0.017563,0.163938,1.361740
4474,37.283000,-0.017074,0.163977,1.362728
4475,37.292000,-0.016337,0.163975,1.363939
4476,37.300000,-0.015399,0.163942,1.365376
4477,37.308000,-0.014524,0.163903,1.367260
4478,37.317000,-0.013860,0.163895,1.369178
4479,37.325000,-0.013302,0.163930,1.371600
4480,37.333000,-0.012988,0.163943,1.373961
4481,37.342000,-0.012974,0.163868,1.376374
4482,37.350000,-0.013252,0.163818,1.378725
4483,37.358000,-0.013646,0.163986,1.380753
4484,37.367000,-0.014315,0.163964,1.382533
4485,37.375000,-0.014991,0.163875,1.383911
4486,37.383000,-0.015448,0.163775,1.385209
4487,37.392000,-0.015648,0.163756,1.386257
4488,37.400000,-0.015436,0.163750,1.387173
4489,37.408000,-0.014913,0.163667,1.388237
4490,37.417000,-0.014155,0.163691,1.389509
4491,37.425000,-0.013272,0.163755,1.390987
4492,37.433000,-0.012428,0.163812,1.392738
4493,37.442000,-0.011775,0.163738,1.394793
4494,37.450000,-0.011154,0.163651,1.397124
4495,37.458000,-0.010779,0.163785,1.399568
4496,37.467000,-0.010738,0.163693,1.402123
4497,37.475000,-0.010848,0.163728,1.404428
4498,37.483000,-0.011236,0.163904,1.406474
4499,37.492000,-0.011808,0.163915,1.408249
4500,37.500000,-0.012372,0.163789,1.409725
4501,37.508000,-0.012835,0.163795,1.411022
4502,37.517000,-0.013226,0.163472,1.412095
4503,37.525000,-0.013010,0.163420,1.413047
4504,37.533000,-0.012535,0.163468,1.413927
4505,37.542000,-0.011861,0.163359,1.415282
4506,37.550000,-0.011021,0.163432,1.416702
4507,37.558000,-0.010204,0.163396,1.418501
4508,37.567000,-0.009473,0.163409,1.420591
4509,37.575000,-0.008870,0.163326,1.423021
4510,37.583000,-0.008631,0.163108,1.425453
4511,37.592000,-0.008661,0.163075,1.428092
4512,37.600000,-0.008846,0.163195,1.430499
4513,37.608000,-0.009172,0.163350,1.432385
4514,37.617000,-0.009808,0.163360,1.434051
4515,37.625000,-0.010466,0.163256,1.435430
4516,37.633000,-0.010786,0.163058,1.436613
4517,37.642000,-0.010919,0.163031,1.437648
4518,37.650000,-0.010714,0.163150,1.438622
4519,37.658000,-0.010296,0.163253,1.439561
4520,37.667000,-0.009606,0.163415,1.440609
4521,37.675000,-0.008875,0.163343,1.442017
4522,37.683000,-0.007870,0.163304,1.443621
4523,37.692000,-0.007276,0.163231,1.445566
4524,37.700000,-0.006667,0.163310,1.447688
4525,37.708000,-0.006436,0.163329,1.450141
4526,37.717000,-0.006411,0.163272,1.452484
4527,37.725000,-0.006617,0.163242,1.454701
4528,37.733000,-0.007054,0.163376,1.456655
4529,37.742000,-0.007680,0.163380,1.458408
4530,37.750000,-0.008343,0.163384,1.459798
4531,37.758000,-0.008985,0.163295,1.461019
4532,37.767000,-0.009229,0.163351,1.461851
4533,37.775000,-0.009068,0.163271,1.462668
4534,37.783000,-0.008600,0.163215,1.463519
4535,37.792000,-0.007863,0.163241,1.464488
4536,37.800000,-0.007033,0.163249,1.465782
4537,37.808000,-0.006148,0.163424,1.467330
4538,37.817000,-0.005439,0.163375,1.469233
4539,37.825000,-0.004815,0.163297,1.471269
4540,37.833000,-0.004563,0.163268,1.473408
4541,37.842000,-0.004581,0.163171,1.475707
4542,37.850000,-0.004723,0.163350,1.477804
4543,37.858000,-0.005118,0.163405,1.479960
4544,37.867000,-0.005684,0.163380,1.481617
4545,37.875000,-0.006395,0.163288,1.482838
4546,37.883000,-0.006987,0.163164,1.483761
4547,37.892000,-0.007292,0.163160,1.484530
4548,37.900000,-0.007199,0.163243,1.485161
4549,37.908000,-0.006839,0.163267,1.485925
4550,37.917000,-0.006105,0.163267,1.487068
4551,37.925000,-0.005311,0.163316,1.488372
4552,37.933000,-0.004562,0.163319,1.489944
4553,37.942000,-0.003835,0.163320,1.491631
4554,37.950000,-0.003202,0.163259,1.493621
4555,37.958000,-0.002904,0.163378,1.495900
4556,37.967000,-0.002936,0.163460,1.498231
4557,37.975000,-0.003047,0.163341,1.500399
4558,37.983000,-0.003419,0.163395,1.502441
4559,37.992000,-0.004006,0.163443,1.504062
4560,38.000000,-0.004733,0.163413,1.505413
4561,38.008000,-0.005123,0.163414,1.506370
4562,38.017000,-0.005462,0.163464,1.507258
4563,38.025000,-0.005402,0.163446,1.508129
4564,38.033000,-0.004992,0.163518,1.508953
4565,38.042000,-0.004293,0.163514,1.509977
4566,38.050000,-0.003591,0.163480,1.511255
4567,38.058000,-0.002719,0.163547,1.512803
4568,38.067000,-0.001924,0.163524,1.514577
4569,38.075000,-0.001258,0.163506,1.516651
4570,38.083000,-0.000894,0.163511,1.518990
4571,38.092000,-0.000858,0.163487,1.521261
4572,38.100000,-0.001046,0.163411,1.523507
4573,38.108000,-0.001453,0.163429,1.525500
4574,38.117000,-0.002085,0.163462,1.527305
4575,38.125000,-0.002743,0.163414,1.528647
4576,38.133000,-0.003329,0.163366,1.529762
4577,38.142000,-0.003616,0.163319,1.530663
4578,38.150000,-0.003541,0.163266,1.531402
4579,38.158000,-0.003228,0.163326,1.532033
4580,38.167000,-0.002588,0.163337,1.532962
4581,38.175000,-0.001832,0.163266,1.534232
4582,38.183000,-0.001085,0.163395,1.535582
4583,38.192000,-0.000356,0.163384,1.537367
4584,38.200000,0.000276,0.163281,1.539361
4585,38.208000,0.000577,0.163332,1.541687
4586,38.217000,0.000495,0.163268,1.543763
4587,38.225000,0.000245,0.163245,1.545916
4588,38.233000,-0.000179,0.163417,1.547697
4589,38.242000,-0.000869,0.163323,1.549370
4590,38.250000,-0.001548,0.163253,1.550485
4591,38.258000,-0.002033,0.163159,1.551436
4592,38.267000,-0.002371,0.163098,1.552294
4593,38.275000,-0.002348,0.163055,1.552903
4594,38.283000,-0.002019,0.163092,1.553507
4595,38.292000,-0.001366,0.163178,1.554325
4596,38.300000,-0.000607,0.163213,1.555371
4597,38.308000,0.000156,0.163190,1.556767
4598,38.317000,0.000903,0.163340,1.558403
4599,38.325000,0.001508,0.163208,1.560413
4600,38.333000,0.001841,0.163203,1.562500
4601,38.342000,0.001863,0.163121,1.564837
4602,38.350000,0.001653,0.163140,1.566860
4603,38.358000,0.001300,0.163195,1.568840
4604,38.367000,0.000652,0.163101,1.570313
4605,38.375000,-0.000092,0.163031,1.571543
4606,38.383000,-0.000731,0.162917,1.572515
4607,38.392000,-0.001099,0.162888,1.573216
4608,38.400000,-0.001143,0.162839,1.573881
4609,38.408000,-0.000807,0.162824,1.574661
4610,38.417000,-0.000117,0.162888,1.575550
4611,38.425000,0.000791,0.162960,1.576702
4612,38.433000,0.001665,0.163118,1.578154
4613,38.442000,0.002350,0.163092,1.579898
4614,38.450000,0.003067,0.163057,1.581807
4615,38.458000,0.003468,0.163031,1.583870
4616,38.467000,0.003474,0.162940,1.586002
4617,38.475000,0.003438,0.163067,1.588081
4618,38.483000,0.003006,0.163004,1.590002
4619,38.492000,0.002291,0.162939,1.591724
4620,38.500000,0.001543,0.162910,1.593149
4621,38.508000,0.000840,0.162902,1.594198
4622,38.517000,0.000482,0.162846,1.595174
4623,38.525000,0.000494,0.162838,1.596064
4624,38.533000,0.000813,0.162952,1.596928
4625,38.542000,0.001558,0.162984,1.598072
4626,38.550000,0.002426,0.162940,1.599318
4627,38.558000,0.003269,0.162920,1.600731
4628,38.567000,0.003872,0.162883,1.602491
4629,38.575000,0.004409,0.163003,1.604565
4630,38.583000,0.004656,0.163048,1.606857
4631,38.592000,0.004750,0.163099,1.609033
4632,38.600000,0.004519,0.162900,1.611166
4633,38.608000,0.004112,0.162854,1.612970
4634,38.617000,0.003599,0.162913,1.614666
4635,38.625000,0.002946,0.162872,1.615879
4636,38.633000,0.002330,0.162878,1.616846
4637,38.642000,0.002038,0.162901,1.617726
4638,38.650000,0.001986,0.162939,1.618508
4639,38.658000,0.002238,0.162956,1.619186
4640,38.667000,0.002825,0.162896,1.620079
4641,38.675000,0.003590,0.162884,1.621173
4642,38.683000,0.004416,0.162822,1.622370
4643,38.692000,0.005209,0.162992,1.623896
4644,38.700000,0.005780,0.163057,1.625937
4645,38.708000,0.006148,0.162979,1.627954
4646,38.717000,0.006252,0.163001,1.630208
4647,38.725000,0.006005,0.162815,1.632323
4648,38.733000,0.005633,0.162945,1.634184
4649,38.742000,0.005032,0.162952,1.635912
4650,38.750000,0.004385,0.162851,1.637187
4651,38.758000,0.003720,0.162804,1.638175
4652,38.767000,0.003315,0.162886,1.638947
4653,38.775000,0.003244,0.162895,1.639616
4654,38.783000,0.003471,0.162866,1.640311
4655,38.792000,0.004029,0.162780,1.641143
4656,38.800000,0.004766,0.162804,1.642209
4657,38.808000,0.005549,0.162847,1.643538
4658,38.817000,0.006282,0.162924,1.645062
4659,38.825000,0.006927,0.162910,1.647054
4660,38.833000,0.007307,0.162990,1.649025
4661,38.842000,0.007340,0.162929,1.651304
4662,38.850000,0.007234,0.162815,1.653361
4663,38.858000,0.006839,0.162859,1.655340
4664,38.867000,0.006246,0.162846,1.657018
4665,38.875000,0.005600,0.162832,1.658332
4666,38.883000,0.004853,0.162857,1.659467
4667,38.892000,0.004467,0.162856,1.660380
4668,38.900000,0.004425,0.162840,1.661081
4669,38.908000,0.004667,0.162809,1.661915
4670,38.917000,0.005296,0.162821,1.662915
4671,38.925000,0.005995,0.162831,1.663986
4672,38.933000,0.006744,0.162830,1.665318
4673,38.942000,0.007573,0.162883,1.666964
4674,38.950000,0.008194,0.162962,1.668879
4675,38.958000,0.008667,0.162929,1.670969
4676,38.967000,0.008722,0.162920,1.673146
4677,38.975000,0.008557,0.162860,1.675230
4678,38.983000,0.008209,0.162908,1.677249
4679,38.992000,0.007553,0.162917,1.678917
4680,39.000000,0.006861,0.162916,1.680180
4681,39.008000,0.006257,0.162852,1.681265
4682,39.017000,0.005885,0.162815,1.682128
4683,39.025000,0.005851,0.162796,1.682710
4684,39.033000,0.006109,0.162766,1.683289
4685,39.042000,0.006632,0.162761,1.684070
4686,39.050000,0.007390,0.162795,1.685120
4687,39.058000,0.008138,0.162810,1.686323
4688,39.067000,0.008883,0.162872,1.687783
4689,39.075000,0.009567,0.162920,1.689626
4690,39.083000,0.009989,0.162923,1.691687
4691,39.092000,0.010058,0.162890,1.693827
4692,39.100000,0.009883,0.162774,1.695974
4693,39.108000,0.009563,0.162866,1.697918
4694,39.117000,0.008970,0.162842,1.699741
4695,39.125000,0.008226,0.162807,1.701113
4696,39.133000,0.007620,0.162757,1.702049
4697,39.142000,0.007139,0.162744,1.702904
4698,39.150000,0.007021,0.162691,1.703693
4699,39.158000,0.007306,0.162694,1.704399
4700,39.167000,0.007889,0.162706,1.705151
4701,39.175000,0.008601,0.162717,1.706238
4702,39.183000,0.009365,0.162773,1.707538
4703,39.192000,0.010175,0.162826,1.709053
4704,39.200000,0.010831,0.162846,1.711031
4705,39.208000,0.011337,0.162787,1.713103
4706,39.217000,0.011474,0.162747,1.715261
4707,39.225000,0.011262,0.162717,1.717394
4708,39.233000,0.010938,0.162826,1.719449
4709,39.242000,0.010345,0.162843,1.721177
4710,39.250000,0.009661,0.162807,1.722602
4711,39.258000,0.009076,0.162689,1.723612
4712,39.267000,0.008692,0.162684,1.724468
4713,39.275000,0.008575,0.162679,1.725137
4714,39.283000,0.008793,0.162655,1.725865
4715,39.292000,0.009339,0.162653,1.726741
4716,39.300000,0.010077,0.162598,1.727859
4717,39.308000,0.010864,0.162634,1.729193
4718,39.317000,0.011596,0.162586,1.730890
4719,39.325000,0.012305,0.162538,1.732839
4720,39.333000,0.012812,0.162673,1.734919
4721,39.342000,0.013079,0.162628,1.736965
4722,39.350000,0.013020,0.162646,1.739058
4723,39.358000,0.012855,0.162694,1.741082
4724,39.367000,0.012303,0.162712,1.742859
4725,39.375000,0.011567,0.162735,1.744303
4726,39.383000,0.010858,0.162741,1.745452
4727,39.392000,0.010515,0.162797,1.746430
4728,39.400000,0.010448,0.162813,1.747357
4729,39.408000,0.010708,0.162830,1.748269
4730,39.417000,0.011181,0.162798,1.749323
4731,39.425000,0.011840,0.162824,1.750536
4732,39.433000,0.012564,0.162874,1.752193
4733,39.442000,0.013301,0.162818,1.753922
4734,39.450000,0.014002,0.162899,1.756065
4735,39.458000,0.014558,0.162947,1.758359
4736,39.467000,0.014861,0.162964,1.760816
4737,39.475000,0.014898,0.162906,1.763118
4738,39.483000,0.014815,0.162804,1.765269
4739,39.492000,0.014420,0.162813,1.767332
4740,39.500000,0.013915,0.162785,1.768944
4741,39.508000,0.013387,0.162741,1.770306
4742,39.517000,0.013099,0.162764,1.771304
4743,39.525000,0.013072,0.162803,1.772149
4744,39.533000,0.013422,0.162775,1.773075
4745,39.542000,0.014143,0.162796,1.774078
4746,39.550000,0.015156,0.162884,1.775063
4747,39.558000,0.016205,0.162921,1.776311
4748,39.567000,0.017243,0.162835,1.778006
4749,39.575000,0.018187,0.162847,1.779909
4750,39.583000,0.019053,0.162834,1.782118
4751,39.592000,0.019618,0.162917,1.784398
4752,39.600000,0.019893,0.162761,1.786539
4753,39.608000,0.019854,0.162737,1.788639
4754,39.617000,0.019726,0.162784,1.790344
4755,39.625000,0.019344,0.162829,1.791980
4756,39.633000,0.019024,0.162834,1.793109
4757,39.642000,0.018864,0.162752,1.794134
4758,39.650000,0.019041,0.162714,1.795071
4759,39.658000,0.019572,0.162759,1.795854
4760,39.667000,0.020372,0.162709,1.796593
4761,39.675000,0.021407,0.162681,1.797486
4762,39.683000,0.022512,0.162707,1.798799
4763,39.692000,0.023662,0.162728,1.800121
4764,39.700000,0.024808,0.162846,1.801945
4765,39.708000,0.025830,0.162841,1.803974
4766,39.717000,0.026455,0.162794,1.806225
4767,39.725000,0.026832,0.162742,1.808222
4768,39.733000,0.026965,0.162694,1.810210
4769,39.742000,0.026885,0.162768,1.811878
4770,39.750000,0.026590,0.162823,1.813391
4771,39.758000,0.026301,0.162776,1.814428
4772,39.767000,0.026244,0.162739,1.815245
4773,39.775000,0.026461,0.162728,1.816024
4774,39.783000,0.027077,0.162732,1.816723
4775,39.792000,0.027973,0.162663,1.817320
4776,39.800000,0.029120,0.162581,1.818037
4777,39.808000,0.030377,0.162633,1.819121
4778,39.817000,0.031605,0.162669,1.820366
4779,39.825000,0.032677,0.162768,1.822063
4780,39.833000,0.033734,0.162759,1.824129
4781,39.842000,0.034481,0.162687,1.826265
4782,39.850000,0.034881,0.162568,1.828332
4783,39.858000,0.035091,0.162525,1.830317
4784,39.867000,0.035152,0.162604,1.832042
4785,39.875000,0.034887,0.162635,1.833609
4786,39.883000,0.034633,0.162566,1.834817
4787,39.892000,0.034734,0.162477,1.835652
4788,39.900000,0.034981,0.162518,1.836389
4789,39.908000,0.035565,0.162509,1.837040
4790,39.917000,0.036472,0.162462,1.837601
4791,39.925000,0.037607,0.162456,1.838307
4792,39.933000,0.038838,0.162524,1.839400
4793,39.942000,0.040117,0.162561,1.840668
4794,39.950000,0.041284,0.162584,1.842188
4795,39.958000,0.042449,0.162571,1.844083
4796,39.967000,0.043357,0.162507,1.846137
4797,39.975000,0.043914,0.162428,1.848259
4798,39.983000,0.044293,0.162403,1.850239
4799,39.992000,0.044476,0.162503,1.851932
4800,40.000000,0.044296,0.162455,1.853399
4801,40.008000,0.044105,0.162437,1.854506
4802,40.017000,0.044007,0.162347,1.855417
4803,40.025000,0.044259,0.162357,1.856100
4804,40.033000,0.044847,0.162365,1.856742
4805,40.042000,0.045772,0.162282,1.857351
4806,40.050000,0.046952,0.162263,1.858050
4807,40.058000,0.048310,0.162340,1.859008
4808,40.067000,0.049682,0.162377,1.860294
4809,40.075000,0.051020,0.162381,1.861824
4810,40.083000,0.052371,0.162512,1.863716
4811,40.092000,0.053450,0.162577,1.865692
4812,40.100000,0.054059,0.162449,1.867790
4813,40.108000,0.054534,0.162404,1.869755
4814,40.117000,0.054786,0.162396,1.871626
4815,40.125000,0.054767,0.162449,1.873168
4816,40.133000,0.054662,0.162397,1.874407
4817,40.142000,0.054671,0.162381,1.875453
4818,40.150000,0.054936,0.162430,1.876185
4819,40.158000,0.055513,0.162407,1.876786
4820,40.167000,0.056360,0.162346,1.877408
4821,40.175000,0.057587,0.162377,1.878142
4822,40.183000,0.059017,0.162319,1.879009
4823,40.192000,0.060407,0.162306,1.880261
4824,40.200000,0.061765,0.162326,1.881828
4825,40.208000,0.063027,0.162367,1.883539
4826,40.217000,0.064121,0.162351,1.885530
4827,40.225000,0.064848,0.162267,1.887647
4828,40.233000,0.065484,0.162257,1.889645
4829,40.242000,0.065801,0.162276,1.891561
4830,40.250000,0.065930,0.162334,1.893085
4831,40.258000,0.065905,0.162319,1.894293
4832,40.267000,0.065956,0.162216,1.895339
4833,40.275000,0.066279,0.162216,1.896053
4834,40.283000,0.066972,0.162252,1.896667
4835,40.292000,0.067910,0.162223,1.897186
4836,40.300000,0.069056,0.162072,1.897803
4837,40.308000,0.070465,0.162033,1.898633
4838,40.317000,0.071932,0.162123,1.899723
4839,40.325000,0.073453,0.162159,1.901124
4840,40.333000,0.074996,0.162117,1.902823
4841,40.342000,0.076251,0.162084,1.904738
4842,40.350000,0.076999,0.162069,1.906656
4843,40.358000,0.077598,0.161988,1.908695
4844,40.367000,0.078022,0.162083,1.910566
4845,40.375000,0.078172,0.161997,1.912200
4846,40.383000,0.078153,0.161966,1.913414
4847,40.392000,0.078177,0.161940,1.914384
4848,40.400000,0.078473,0.161971,1.915078
4849,40.408000,0.079036,0.162049,1.915631
4850,40.417000,0.079840,0.162047,1.916072
4851,40.425000,0.080985,0.161973,1.916584
4852,40.433000,0.082383,0.162015,1.917345
4853,40.442000,0.083834,0.161982,1.918419
4854,40.450000,0.085460,0.162045,1.919654
4855,40.458000,0.086976,0.162051,1.921274
4856,40.467000,0.088353,0.162041,1.923174
4857,40.475000,0.089289,0.162003,1.925061
4858,40.483000,0.089953,0.161920,1.926937
4859,40.492000,0.090472,0.161881,1.928631
4860,40.500000,0.090579,0.161874,1.930155
4861,40.508000,0.090726,0.161855,1.931309
4862,40.517000,0.090896,0.161798,1.932223
4863,40.525000,0.091262,0.161797,1.932822
4864,40.533000,0.091895,0.161863,1.933252
4865,40.542000,0.092844,0.161903,1.933644
4866,40.550000,0.094128,0.161900,1.934095
4867,40.558000,0.095611,0.161831,1.934798
4868,40.567000,0.097109,0.161765,1.935739
4869,40.575000,0.098683,0.161771,1.936892
4870,40.583000,0.100336,0.161795,1.938419
4871,40.592000,0.101705,0.161832,1.940247
4872,40.600000,0.102799,0.161756,1.942240
4873,40.608000,0.103550,0.161726,1.944156
4874,40.617000,0.104154,0.161579,1.945892
4875,40.625000,0.104520,0.161570,1.947522
4876,40.633000,0.104730,0.161513,1.948775
4877,40.642000,0.104930,0.161459,1.949617
4878,40.650000,0.105348,0.161458,1.950322
4879,40.658000,0.106043,0.161545,1.950821
4880,40.667000,0.107057,0.161599,1.951164
4881,40.675000,0.108373,0.161592,1.951492
4882,40.683000,0.109904,0.161492,1.952108
4883,40.692000,0.111588,0.161469,1.952908
4884,40.700000,0.113337,0.161529,1.953932
4885,40.708000,0.115076,0.161581,1.955332
4886,40.717000,0.116662,0.161561,1.956943
4887,40.725000,0.117900,0.161496,1.958797
4888,40.733000,0.118975,0.161516,1.960654
4889,40.742000,0.119787,0.161530,1.962408
4890,40.750000,0.120358,0.161521,1.963898
4891,40.758000,0.120712,0.161519,1.965137
4892,40.767000,0.120929,0.161492,1.965949
4893,40.775000,0.121314,0.161475,1.966532
4894,40.783000,0.121881,0.161469,1.966867
4895,40.792000,0.122841,0.161373,1.967095
4896,40.800000,0.124135,0.161410,1.967380
4897,40.808000,0.125718,0.161436,1.967777
4898,40.817000,0.127488,0.161499,1.968449
4899,40.825000,0.129243,0.161448,1.969519
4900,40.833000,0.131119,0.161413,1.970862
4901,40.842000,0.132876,0.161492,1.972459
4902,40.850000,0.134233,0.161441,1.974219
4903,40.858000,0.135297,0.161344,1.975927
4904,40.867000,0.136146,0.161237,1.977720
4905,40.875000,0.136753,0.161287,1.979176
4906,40.883000,0.137051,0.161290,1.980335
4907,40.892000,0.137272,0.161223,1.981293
4908,40.900000,0.137701,0.161214,1.981827
4909,40.908000,0.138380,0.161270,1.982139
4910,40.917000,0.139246,0.161320,1.982339
4911,40.925000,0.140432,0.161307,1.982507
4912,40.933000,0.141984,0.161243,1.982832
4913,40.942000,0.143887,0.161277,1.983501
4914,40.950000,0.145783,0.161217,1.984358
4915,40.958000,0.147712,0.161216,1.985440
4916,40.967000,0.149471,0.161194,1.986900
4917,40.975000,0.150861,0.161245,1.988549
4918,40.983000,0.151937,0.161194,1.990199
4919,40.992000,0.152786,0.161214,1.991719
4920,41.000000,0.153272,0.161122,1.993160
4921,41.008000,0.153668,0.161091,1.994398
4922,41.017000,0.154142,0.161004,1.995234
4923,41.025000,0.154712,0.160889,1.995916
4924,41.033000,0.155455,0.160858,1.996252
4925,41.042000,0.156445,0.160832,1.996494
4926,41.050000,0.157704,0.160910,1.996762
4927,41.058000,0.159269,0.160902,1.997110
4928,41.067000,0.160972,0.160827,1.997681
4929,41.075000,0.162763,0.160862,1.998500
4930,41.083000,0.164722,0.160973,1.999441
4931,41.092000,0.166691,0.161091,2.000782
4932,41.100000,0.168319,0.161034,2.002315
4933,41.108000,0.169540,0.161001,2.003802
4934,41.117000,0.170515,0.160964,2.005309
4935,41.125000,0.171252,0.161029,2.006821
4936,41.133000,0.171743,0.161042,2.007977
4937,41.142000,0.172047,0.160943,2.008895
4938,41.150000,0.172456,0.160844,2.009533
4939,41.158000,0.173201,0.160830,2.009814
4940,41.167000,0.174254,0.160842,2.009948
4941,41.175000,0.175576,0.160836,2.010085
4942,41.183000,0.177231,0.160906,2.010259
4943,41.192000,0.179297,0.160873,2.010592
4944,41.200000,0.181161,0.160747,2.011308
4945,41.208000,0.183153,0.160790,2.012266
4946,41.217000,0.185038,0.160845,2.013470
4947,41.225000,0.186586,0.160888,2.015016
4948,41.233000,0.187787,0.160806,2.016614
4949,41.242000,0.188913,0.160768,2.018151
4950,41.250000,0.189823,0.160753,2.019522
4951,41.258000,0.190548,0.160822,2.020756
4952,41.267000,0.191176,0.160771,2.021616
4953,41.275000,0.191740,0.160681,2.022125
4954,41.283000,0.192479,0.160633,2.022371
4955,41.292000,0.193457,0.160664,2.022462
4956,41.300000,0.194853,0.160675,2.022448
4957,41.308000,0.196572,0.160641,2.022564
4958,41.317000,0.198469,0.160648,2.022847
4959,41.325000,0.200399,0.160659,2.023367
4960,41.333000,0.202449,0.160629,2.024132
4961,41.342000,0.204415,0.160709,2.025273
4962,41.350000,0.206059,0.160728,2.026593
4963,41.358000,0.207472,0.160728,2.028166
4964,41.367000,0.208604,0.160611,2.029608
4965,41.375000,0.209659,0.160567,2.031080
4966,41.383000,0.210421,0.160580,2.032206
4967,41.392000,0.210825,0.160569,2.032984
4968,41.400000,0.211375,0.160491,2.033504
4969,41.408000,0.212155,0.160422,2.033777
4970,41.417000,0.213242,0.160422,2.033823
4971,41.425000,0.214523,0.160429,2.033814
4972,41.433000,0.216090,0.160409,2.033804
4973,41.442000,0.218003,0.160407,2.034010
4974,41.450000,0.219931,0.160349,2.034436
4975,41.458000,0.221958,0.160438,2.035146
4976,41.467000,0.223925,0.160409,2.036095
4977,41.475000,0.225673,0.160502,2.037445
4978,41.483000,0.227186,0.160407,2.038838
4979,41.492000,0.228506,0.160368,2.040320
4980,41.500000,0.229657,0.160259,2.041571
4981,41.508000,0.230396,0.160309,2.042678
4982,41.517000,0.230950,0.160262,2.043550
4983,41.525000,0.231468,0.160244,2.043962
4984,41.533000,0.232186,0.160204,2.044098
4985,41.542000,0.233195,0.160265,2.044081
4986,41.550000,0.234486,0.160226,2.044023
4987,41.558000,0.236041,0.160258,2.043965
4988,41.567000,0.237943,0.160223,2.044099
4989,41.575000,0.240056,0.160257,2.044437
4990,41.583000,0.242277,0.160268,2.044970
4991,41.592000,0.244313,0.160272,2.045817
4992,41.600000,0.246249,0.160217,2.047072
4993,41.608000,0.247898,0.160205,2.048432
4994,41.617000,0.249222,0.160159,2.049804
4995,41.625000,0.250284,0.160072,2.051192
4996,41.633000,0.251236,0.160070,2.052433
4997,41.642000,0.252012,0.160012,2.053200
4998,41.650000,0.252739,0.159963,2.053691
4999,41.658000,0.253616,0.159977,2.053886
5000,41.667000,0.254750,0.159993,2.053839
5001,41.675000,0.256099,0.159988,2.053717
5002,41.683000,0.257690,0.159900,2.053573
5003,41.692000,0.259557,0.159948,2.053514
5004,41.700000,0.261538,0.159930,2.053797
5005,41.708000,0.263608,0.159877,2.054285
5006,41.717000,0.265704,0.159942,2.054947
5007,41.725000,0.267757,0.159971,2.055984
5008,41.733000,0.269527,0.159962,2.057198
5009,41.742000,0.271006,0.159958,2.058407
5010,41.750000,0.272300,0.159898,2.059584
5011,41.758000,0.273247,0.159898,2.060574
5012,41.767000,0.273920,0.159863,2.061245
5013,41.775000,0.274566,0.159787,2.061614
5014,41.783000,0.275244,0.159770,2.061663
5015,41.792000,0.276131,0.159746,2.061426
5016,41.800000,0.277319,0.159752,2.061157
5017,41.808000,0.278756,0.159674,2.060812
5018,41.817000,0.280657,0.159621,2.060493
5019,41.825000,0.282588,0.159668,2.060546
5020,41.833000,0.284704,0.159610,2.060727
5021,41.842000,0.286802,0.159717,2.061218
5022,41.850000,0.288683,0.159712,2.061967
5023,41.858000,0.290285,0.159753,2.063135
5024,41.867000,0.291616,0.159756,2.064247
5025,41.875000,0.292785,0.159744,2.065392
5026,41.883000,0.293820,0.159646,2.066373
5027,41.892000,0.294795,0.159586,2.066918
5028,41.900000,0.295610,0.159597,2.067177
5029,41.908000,0.296466,0.159625,2.067231
5030,41.917000,0.297478,0.159719,2.067024
5031,41.925000,0.298664,0.159794,2.066756
5032,41.933000,0.300195,0.159759,2.066418
5033,41.942000,0.302024,0.159702,2.066200
5034,41.950000,0.304130,0.159717,2.066195
5035,41.958000,0.306259,0.159813,2.066490
5036,41.967000,0.308419,0.159834,2.066939
5037,41.975000,0.310653,0.159805,2.067676
5038,41.983000,0.312627,0.159877,2.068838
5039,41.992000,0.314090,0.159734,2.070003
5040,42.000000,0.315417,0.159624,2.071201
5041,42.008000,0.316530,0.159548,2.072269
5042,42.017000,0.317478,0.159625,2.073140
5043,42.025000,0.318252,0.159621,2.073488
5044,42.033000,0.319023,0.159510,2.073636
5045,42.042000,0.319971,0.159538,2.073497
5046,42.050000,0.321229,0.159550,2.073154
5047,42.058000,0.322811,0.159524,2.072841
5048,42.067000,0.324672,0.159501,2.072638
5049,42.075000,0.326796,0.159501,2.072618
5050,42.083000,0.329139,0.159452,2.072727
5051,42.092000,0.331353,0.159518,2.073094
5052,42.100000,0.333482,0.159564,2.073817
5053,42.108000,0.335571,0.159511,2.074770
5054,42.117000,0.337374,0.159568,2.075860
5055,42.125000,0.338780,0.159516,2.077022
5056,42.133000,0.340016,0.159360,2.078007
5057,42.142000,0.341084,0.159299,2.078815
5058,42.150000,0.341961,0.159127,2.079368
5059,42.158000,0.342831,0.158987,2.079698
5060,42.167000,0.343949,0.159076,2.079550
5061,42.175000,0.345227,0.159234,2.079263
5062,42.183000,0.346891,0.159166,2.078952
5063,42.192000,0.348903,0.159098,2.078590
5064,42.200000,0.351130,0.159182,2.078404
5065,42.208000,0.353460,0.159186,2.078375
5066,42.217000,0.356054,0.159177,2.078662
5067,42.225000,0.358603,0.159198,2.079323
5068,42.233000,0.361067,0.159229,2.080250
5069,42.242000,0.363068,0.159285,2.081303
5070,42.250000,0.364914,0.159294,2.082415
5071,42.258000,0.366359,0.159040,2.083315
5072,42.267000,0.367664,0.159049,2.084113
5073,42.275000,0.368789,0.158991,2.084628
5074,42.283000,0.369878,0.159017,2.084792
5075,42.292000,0.371139,0.158982,2.084719
5076,42.300000,0.372665,0.158994,2.084422
5077,42.308000,0.374412,0.158982,2.083992
5078,42.317000,0.376411,0.158911,2.083561
5079,42.325000,0.378789,0.158947,2.083401
5080,42.333000,0.381368,0.158834,2.083297
5081,42.342000,0.383983,0.158947,2.083498
5082,42.350000,0.386576,0.158833,2.083944
5083,42.358000,0.389010,0.158963,2.084640
5084,42.367000,0.390923,0.158939,2.085626
5085,42.375000,0.392683,0.158883,2.086651
5086,42.383000,0.394241,0.158804,2.087551
5087,42.392000,0.395584,0.158904,2.088198
5088,42.400000,0.396664,0.158870,2.088622
5089,42.408000,0.397626,0.158812,2.088682
5090,42.417000,0.398794,0.158738,2.088451
5091,42.425000,0.400219,0.158764,2.087966
5092,42.433000,0.401894,0.158808,2.087518
5093,42.442000,0.403819,0.158779,2.086908
5094,42.450000,0.406193,0.158659,2.086437
5095,42.458000,0.408664,0.158759,2.086213
5096,42.467000,0.411220,0.158698,2.086226
5097,42.475000,0.413895,0.158742,2.086492
5098,42.483000,0.416322,0.158728,2.087121
5099,42.492000,0.418455,0.158673,2.087989
5100,42.500000,0.420248,0.158625,2.088865
5101,42.508000,0.421829,0.158569,2.089767
5102,42.517000,0.423239,0.158501,2.090467
5103,42.525000,0.424350,0.158411,2.090847
5104,42.533000,0.425492,0.158376,2.090879
5105,42.542000,0.426797,0.158299,2.090543
5106,42.550000,0.428198,0.158383,2.090000
5107,42.558000,0.429881,0.158301,2.089379
5108,42.567000,0.431820,0.158257,2.088668
5109,42.575000,0.434080,0.158258,2.088207
5110,42.583000,0.436492,0.158242,2.087808
5111,42.592000,0.439089,0.158255,2.087634
5112,42.600000,0.441604,0.158216,2.087747
5113,42.608000,0.444036,0.158240,2.088289
5114,42.617000,0.446224,0.158293,2.089021
5115,42.625000,0.448226,0.158390,2.089867
5116,42.633000,0.449827,0.158295,2.090621
5117,42.642000,0.451215,0.158252,2.091212
5118,42.650000,0.452319,0.158261,2.091538
5119,42.658000,0.453408,0.158196,2.091458
5120,42.667000,0.454656,0.158167,2.091106
5121,42.675000,0.455987,0.158169,2.090565
5122,42.683000,0.457590,0.158164,2.089816
5123,42.692000,0.459383,0.158205,2.089133
5124,42.700000,0.461520,0.158085,2.088456
5125,42.708000,0.463849,0.158102,2.087967
5126,42.717000,0.466416,0.158010,2.087685
5127,42.725000,0.468930,0.158107,2.087654
5128,42.733000,0.471307,0.158101,2.087961
5129,42.742000,0.473346,0.158084,2.088530
5130,42.750000,0.475150,0.157976,2.089324
5131,42.758000,0.476445,0.157825,2.090030
5132,42.767000,0.477715,0.157812,2.090461
5133,42.775000,0.478920,0.157887,2.090683
5134,42.783000,0.479966,0.157896,2.090557
5135,42.792000,0.481035,0.157868,2.090135
5136,42.800000,0.482202,0.157799,2.089506
5137,42.808000,0.483716,0.157862,2.088631
5138,42.817000,0.485588,0.157882,2.087626
5139,42.825000,0.487724,0.157895,2.086730
5140,42.833000,0.489919,0.157947,2.086103
5141,42.842000,0.492359,0.157836,2.085685
5142,42.850000,0.494963,0.157917,2.085544
5143,42.858000,0.497395,0.157911,2.085702
5144,42.867000,0.499727,0.157960,2.086158
5145,42.875000,0.501624,0.157910,2.086718
5146,42.883000,0.503316,0.157775,2.087294
5147,42.892000,0.504801,0.157695,2.087665
5148,42.900000,0.506018,0.157758,2.087711
5149,42.908000,0.507130,0.157739,2.087447
5150,42.917000,0.508151,0.157703,2.086934
5151,42.925000,0.509428,0.157671,2.086142
5152,42.933000,0.510880,0.157623,2.085186
5153,42.942000,0.512551,0.157725,2.084203
5154,42.950000,0.514793,0.157631,2.083205
5155,42.958000,0.517109,0.157699,2.082405
5156,42.967000,0.519515,0.157729,2.081817
5157,42.975000,0.522019,0.157686,2.081522
5158,42.983000,0.524389,0.157745,2.081508
5159,42.992000,0.526669,0.157730,2.081858
5160,43.000000,0.528621,0.157707,2.082267
5161,43.008000,0.530250,0.157641,2.082607
5162,43.017000,0.531748,0.157591,2.082919
5163,43.025000,0.532959,0.157675,2.082926
5164,43.033000,0.533927,0.157649,2.082675
5165,43.042000,0.534894,0.157547,2.082070
5166,43.050000,0.535946,0.157583,2.081230
5167,43.058000,0.537345,0.157724,2.080154
5168,43.067000,0.539072,0.157640,2.079119
5169,43.075000,0.541076,0.157705,2.077957
5170,43.083000,0.543297,0.157715,2.077108
5171,43.092000,0.545716,0.157664,2.076351
5172,43.100000,0.548111,0.157809,2.075815
5173,43.108000,0.550556,0.157692,2.075638
5174,43.117000,0.552854,0.157732,2.075813
5175,43.125000,0.554830,0.157675,2.076118
5176,43.133000,0.556491,0.157617,2.076415
5177,43.142000,0.558103,0.157415,2.076605
5178,43.150000,0.559322,0.157438,2.076617
5179,43.158000,0.560248,0.157485,2.076347
5180,43.167000,0.561256,0.157407,2.075727
5181,43.175000,0.562429,0.157339,2.074904
5182,43.183000,0.563741,0.157437,2.073821
5183,43.192000,0.565483,0.157363,2.072571
5184,43.200000,0.567380,0.157379,2.071444
5185,43.208000,0.569639,0.157281,2.070264
5186,43.217000,0.571972,0.157362,2.069364
5187,43.225000,0.574467,0.157339,2.068710
5188,43.233000,0.576918,0.157280,2.068321
5189,43.242000,0.579190,0.157385,2.068291
5190,43.250000,0.581238,0.157353,2.068478
5191,43.258000,0.582948,0.157275,2.068699
5192,43.267000,0.584587,0.157239,2.068840
5193,43.275000,0.585908,0.157215,2.068721
5194,43.283000,0.586986,0.157187,2.068352
5195,43.292000,0.587972,0.157083,2.067672
5196,43.300000,0.589050,0.157054,2.066801
5197,43.308000,0.590288,0.157080,2.065645
5198,43.317000,0.591841,0.157042,2.064338
5199,43.325000,0.593688,0.156929,2.063017
5200,43.333000,0.595852,0.156970,2.061829
5201,43.342000,0.598247,0.156891,2.060766
5202,43.350000,0.600660,0.156861,2.060022
5203,43.358000,0.603114,0.156917,2.059577
5204,43.367000,0.605470,0.156918,2.059354
5205,43.375000,0.607592,0.156982,2.059436
5206,43.383000,0.609443,0.156842,2.059606
5207,43.392000,0.610999,0.156712,2.059694
5208,43.400000,0.612285,0.156695,2.059572
5209,43.408000,0.613319,0.156774,2.059198
5210,43.417000,0.614284,0.156708,2.058485
5211,43.425000,0.615414,0.156606,2.057514
5212,43.433000,0.616663,0.156632,2.056223
5213,43.442000,0.618055,0.156782,2.054807
5214,43.450000,0.619940,0.156629,2.053217
5215,43.458000,0.621954,0.156674,2.051925
5216,43.467000,0.624284,0.156617,2.050651
5217,43.475000,0.626653,0.156587,2.049719
5218,43.483000,0.629026,0.156633,2.049060
5219,43.492000,0.631471,0.156615,2.048702
5220,43.500000,0.633487,0.156676,2.048664
5221,43.508000,0.635172,0.156609,2.048754
5222,43.517000,0.636598,0.156575,2.048849
5223,43.525000,0.637761,0.156540,2.048776
5224,43.533000,0.638724,0.156612,2.048362
5225,43.542000,0.639491,0.156591,2.047682
5226,43.550000,0.640342,0.156492,2.046703
5227,43.558000,0.641353,0.156527,2.045408
5228,43.567000,0.642592,0.156498,2.044082
5229,43.575000,0.644189,0.156476,2.042581
5230,43.583000,0.645866,0.156616,2.041293
5231,43.592000,0.648005,0.156656,2.040051
5232,43.600000,0.650346,0.156715,2.039106
5233,43.608000,0.652666,0.156820,2.038458
5234,43.617000,0.655112,0.156780,2.038136
5235,43.625000,0.657273,0.156847,2.038010
5236,43.633000,0.659330,0.156841,2.037940
5237,43.642000,0.661179,0.156718,2.037929
5238,43.650000,0.662723,0.156664,2.037612
5239,43.658000,0.663881,0.156746,2.037056
5240,43.667000,0.664947,0.156646,2.036258
5241,43.675000,0.666180,0.156535,2.034979
5242,43.683000,0.667544,0.156726,2.033489
5243,43.692000,0.669105,0.156794,2.031882
5244,43.700000,0.670819,0.156606,2.030308
5245,43.708000,0.672730,0.156596,2.028602
5246,43.717000,0.675152,0.156506,2.026967
5247,43.725000,0.677632,0.156493,2.025609
5248,43.733000,0.680042,0.156619,2.024640
5249,43.742000,0.682554,0.156625,2.023840
5250,43.750000,0.684838,0.156549,2.023390
5251,43.758000,0.686716,0.156571,2.023226
5252,43.767000,0.688351,0.156446,2.023023
5253,43.775000,0.689633,0.156369,2.022737
5254,43.783000,0.690716,0.156426,2.022228
5255,43.792000,0.691735,0.156340,2.021459
5256,43.800000,0.692754,0.156281,2.020421
5257,43.808000,0.693730,0.156235,2.019126
5258,43.817000,0.694973,0.156377,2.017478
5259,43.825000,0.696396,0.156311,2.015823
5260,43.833000,0.698157,0.156294,2.014158
5261,43.842000,0.700260,0.156307,2.012402
5262,43.850000,0.702432,0.156355,2.011019
5263,43.858000,0.704830,0.156415,2.009839
5264,43.867000,0.707129,0.156473,2.008961
5265,43.875000,0.709288,0.156378,2.008521
5266,43.883000,0.711171,0.156371,2.008185
5267,43.892000,0.712724,0.156340,2.007932
5268,43.900000,0.713914,0.156286,2.007769
5269,43.908000,0.714858,0.156239,2.007267
5270,43.917000,0.715622,0.156165,2.006515
5271,43.925000,0.716390,0.156083,2.005472
5272,43.933000,0.717136,0.156188,2.004122
5273,43.942000,0.718231,0.156057,2.002478
5274,43.950000,0.719587,0.155973,2.000783
5275,43.958000,0.721139,0.156021,1.999054
5276,43.967000,0.723170,0.156059,1.997488
5277,43.975000,0.725266,0.155943,1.995829
5278,43.983000,0.727518,0.155926,1.994451
5279,43.992000,0.729820,0.155988,1.993377
5280,44.000000,0.731900,0.156007,1.992615
5281,44.008000,0.733815,0.156045,1.992043
5282,44.017000,0.735455,0.155979,1.991644
5283,44.025000,0.736735,0.155928,1.991255
5284,44.033000,0.737752,0.155851,1.990637
5285,44.042000,0.738457,0.155813,1.989846
5286,44.050000,0.739251,0.155728,1.988671
5287,44.058000,0.740136,0.155688,1.987111
5288,44.067000,0.741139,0.155762,1.985392
5289,44.075000,0.742440,0.155726,1.983552
5290,44.083000,0.744008,0.155855,1.981645
5291,44.092000,0.745818,0.155795,1.979749
5292,44.100000,0.747841,0.155866,1.978054
5293,44.108000,0.750032,0.155906,1.976567
5294,44.117000,0.752138,0.155893,1.975388
5295,44.125000,0.754181,0.155910,1.974583
5296,44.133000,0.756179,0.155904,1.973862
5297,44.142000,0.757772,0.155807,1.973310
5298,44.150000,0.758954,0.155713,1.972798
5299,44.158000,0.760006,0.155656,1.972104
5300,44.167000,0.760928,0.155593,1.971134
5301,44.175000,0.761715,0.155614,1.969817
5302,44.183000,0.762450,0.155619,1.968206
5303,44.192000,0.763456,0.155634,1.966331
5304,44.200000,0.764751,0.155534,1.964295
5305,44.208000,0.766196,0.155619,1.962231
5306,44.217000,0.767955,0.155583,1.960222
5307,44.225000,0.770072,0.155570,1.958241
5308,44.233000,0.772199,0.155700,1.956519
5309,44.242000,0.774160,0.155728,1.955223
5310,44.250000,0.776251,0.155776,1.954168
5311,44.258000,0.778110,0.155701,1.953417
5312,44.267000,0.779453,0.155659,1.952885
5313,44.275000,0.780616,0.155554,1.952307
5314,44.283000,0.781533,0.155508,1.951408
5315,44.292000,0.782197,0.155525,1.950385
5316,44.300000,0.782706,0.155503,1.949033
5317,44.308000,0.783394,0.155401,1.947341
5318,44.317000,0.784306,0.155381,1.945456
5319,44.325000,0.785456,0.155353,1.943443
5320,44.333000,0.786785,0.155400,1.941359
5321,44.342000,0.788390,0.155384,1.939286
5322,44.350000,0.790229,0.155489,1.937305
5323,44.358000,0.792225,0.155459,1.935625
5324,44.367000,0.794282,0.155432,1.934112
5325,44.375000,0.796259,0.155413,1.933011
5326,44.383000,0.798043,0.155515,1.932213
5327,44.392000,0.799610,0.155450,1.931442
5328,44.400000,0.800860,0.155395,1.930803
5329,44.408000,0.801827,0.155346,1.929909
5330,44.417000,0.802523,0.155330,1.928748
5331,44.425000,0.803094,0.155287,1.927398
5332,44.433000,0.803675,0.155267,1.925589
5333,44.442000,0.804465,0.155273,1.923642
5334,44.450000,0.805575,0.155320,1.921498
5335,44.458000,0.806874,0.155277,1.919324
5336,44.467000,0.808328,0.155281,1.916996
5337,44.475000,0.810087,0.155341,1.914985
5338,44.483000,0.811947,0.155303,1.913116
5339,44.492000,0.813894,0.155290,1.911407
5340,44.500000,0.815758,0.155321,1.910082
5341,44.508000,0.817521,0.155233,1.909046
5342,44.517000,0.818958,0.155182,1.908188
5343,44.525000,0.820018,0.155195,1.907394
5344,44.533000,0.820812,0.155171,1.906473
5345,44.542000,0.821414,0.155121,1.905278
5346,44.550000,0.821880,0.155032,1.903902
5347,44.558000,0.822310,0.154998,1.902142
5348,44.567000,0.822954,0.154962,1.900126
5349,44.575000,0.823727,0.155023,1.897873
5350,44.583000,0.824846,0.154984,1.895633
5351,44.592000,0.826233,0.154947,1.893287
5352,44.600000,0.827801,0.155020,1.891031
5353,44.608000,0.829693,0.155019,1.889040
5354,44.617000,0.831540,0.155060,1.887273
5355,44.625000,0.833315,0.154994,1.885726
5356,44.633000,0.835014,0.154992,1.884700
5357,44.642000,0.836417,0.154912,1.883675
5358,44.650000,0.837491,0.154819,1.882730
5359,44.658000,0.838189,0.154721,1.881687
5360,44.667000,0.838633,0.154684,1.880369
5361,44.675000,0.838818,0.154614,1.878867
5362,44.683000,0.838932,0.154527,1.876964
5363,44.692000,0.839187,0.154538,1.875016
5364,44.700000,0.839611,0.154733,1.872798
5365,44.708000,0.840452,0.154716,1.870494
5366,44.717000,0.841602,0.154710,1.868081
5367,44.725000,0.843005,0.154864,1.865694
5368,44.733000,0.844700,0.154844,1.863616
5369,44.742000,0.846392,0.154773,1.861839
5370,44.750000,0.848138,0.154812,1.860256
5371,44.758000,0.849727,0.154740,1.859087
5372,44.767000,0.851009,0.154726,1.858194
5373,44.775000,0.852000,0.154623,1.857333
5374,44.783000,0.852669,0.154583,1.856318
5375,44.792000,0.853151,0.154566,1.855146
5376,44.800000,0.853354,0.154464,1.853699
5377,44.808000,0.853541,0.154326,1.851882
5378,44.817000,0.853722,0.154405,1.849952
5379,44.825000,0.854210,0.154467,1.847644
5380,44.833000,0.854988,0.154501,1.845288
5381,44.842000,0.855869,0.154443,1.842736
5382,44.850000,0.857061,0.154471,1.840333
5383,44.858000,0.858549,0.154593,1.838089
5384,44.867000,0.860044,0.154616,1.836188
5385,44.875000,0.861600,0.154504,1.834548
5386,44.883000,0.863145,0.154605,1.833267
5387,44.892000,0.864463,0.154518,1.832255
5388,44.900000,0.865446,0.154501,1.831268
5389,44.908000,0.866095,0.154427,1.830327
5390,44.917000,0.866461,0.154355,1.829192
5391,44.925000,0.866788,0.154275,1.827743
5392,44.933000,0.866940,0.154313,1.825999
5393,44.942000,0.867104,0.154294,1.824028
5394,44.950000,0.867492,0.154265,1.821620
5395,44.958000,0.868211,0.154244,1.819244
5396,44.967000,0.869147,0.154285,1.816541
5397,44.975000,0.870107,0.154345,1.814112
5398,44.983000,0.871452,0.154327,1.811832
5399,44.992000,0.873094,0.154244,1.809776
5400,45.000000,0.874449,0.154339,1.808053
5401,45.008000,0.875856,0.154334,1.806676
5402,45.017000,0.877174,0.154291,1.805413
5403,45.025000,0.878054,0.154264,1.804364
5404,45.033000,0.878641,0.154174,1.803324
5405,45.042000,0.878954,0.154128,1.802019
5406,45.050000,0.879100,0.154019,1.800610
5407,45.058000,0.879201,0.153916,1.798815
5408,45.067000,0.879372,0.153924,1.796870
5409,45.075000,0.879549,0.154081,1.794810
5410,45.083000,0.879908,0.154175,1.792347
5411,45.092000,0.880650,0.154158,1.789879
5412,45.100000,0.881685,0.154167,1.787319
5413,45.108000,0.882936,0.154313,1.784846
5414,45.117000,0.884254,0.154199,1.782673
5415,45.125000,0.885574,0.154296,1.780804
5416,45.133000,0.886827,0.154329,1.779215
5417,45.142000,0.887991,0.154279,1.777946
5418,45.150000,0.888874,0.154193,1.776838
5419,45.158000,0.889423,0.154141,1.775670
5420,45.167000,0.889668,0.154089,1.774302
5421,45.175000,0.889737,0.154150,1.772816
5422,45.183000,0.889611,0.154157,1.771131
5423,45.192000,0.889395,0.154141,1.769103
5424,45.200000,0.889507,0.154122,1.766826
5425,45.208000,0.889846,0.154118,1.764391
5426,45.217000,0.890388,0.154237,1.761768
5427,45.225000,0.891105,0.154273,1.759187
5428,45.233000,0.892164,0.154265,1.756761
5429,45.242000,0.893483,0.154119,1.754457
5430,45.250000,0.894766,0.154264,1.752557
5431,45.258000,0.896007,0.154287,1.750982
5432,45.267000,0.897078,0.154291,1.749558
5433,45.275000,0.897902,0.154245,1.748302
5434,45.283000,0.898431,0.154111,1.747079
5435,45.292000,0.898554,0.154001,1.745816
5436,45.300000,0.898515,0.154025,1.744389
5437,45.308000,0.898164,0.154064,1.742731
5438,45.317000,0.897938,0.154093,1.740641
5439,45.325000,0.897805,0.154023,1.738397
5440,45.333000,0.898058,0.153977,1.735837
5441,45.342000,0.898520,0.154029,1.733125
5442,45.350000,0.899259,0.154136,1.730427
5443,45.358000,0.900306,0.154150,1.727896
5444,45.367000,0.901471,0.154035,1.725554
5445,45.375000,0.902656,0.154153,1.723671
5446,45.383000,0.903828,0.154271,1.722010
5447,45.392000,0.904878,0.154342,1.720664
5448,45.400000,0.905591,0.154299,1.719346
5449,45.408000,0.905982,0.154163,1.718159
5450,45.417000,0.906078,0.154048,1.716888
5451,45.425000,0.905872,0.154057,1.715558
5452,45.433000,0.905520,0.154090,1.713865
5453,45.442000,0.905130,0.154082,1.711910
5454,45.450000,0.904959,0.154099,1.709711
5455,45.458000,0.904896,0.154113,1.707191
5456,45.467000,0.905044,0.154137,1.704605
5457,45.475000,0.905438,0.154245,1.702000
5458,45.483000,0.906135,0.154218,1.699478
5459,45.492000,0.907095,0.154116,1.697050
5460,45.500000,0.908060,0.154143,1.694979
5461,45.508000,0.909046,0.154187,1.693195
5462,45.517000,0.909939,0.154296,1.691784
5463,45.525000,0.910620,0.154220,1.690482
5464,45.533000,0.910931,0.154076,1.689176
5465,45.542000,0.910998,0.154025,1.688081
5466,45.550000,0.910647,0.154064,1.686716
5467,45.558000,0.910114,0.154059,1.685153
5468,45.567000,0.909719,0.154061,1.683149
5469,45.575000,0.909204,0.153997,1.681009
5470,45.583000,0.908907,0.154004,1.678670
5471,45.592000,0.908942,0.154045,1.676147
5472,45.600000,0.909240,0.154114,1.673653
5473,45.608000,0.909661,0.154095,1.671223
5474,45.617000,0.910341,0.154038,1.669028
5475,45.625000,0.911177,0.154130,1.666939
5476,45.633000,0.911901,0.154210,1.665000
5477,45.642000,0.912511,0.154195,1.663449
5478,45.650000,0.913035,0.154184,1.662269
5479,45.658000,0.913157,0.154063,1.661143
5480,45.667000,0.913083,0.154010,1.660005
5481,45.675000,0.912825,0.154083,1.658625
5482,45.683000,0.912326,0.154124,1.657072
5483,45.692000,0.911581,0.154037,1.654991
5484,45.700000,0.910993,0.154052,1.652811
5485,45.708000,0.910515,0.153994,1.650288
5486,45.717000,0.910188,0.153953,1.647723
5487,45.725000,0.910156,0.154040,1.644929
5488,45.733000,0.910437,0.154179,1.642313
5489,45.742000,0.910965,0.154205,1.639902
5490,45.750000,0.911542,0.154184,1.637691
5491,45.758000,0.912123,0.154274,1.635782
5492,45.767000,0.912692,0.154368,1.634228
5493,45.775000,0.913227,0.154389,1.633034
5494,45.783000,0.913306,0.154330,1.631915
5495,45.792000,0.913132,0.154297,1.630836
5496,45.800000,0.912697,0.154276,1.629732
5497,45.808000,0.911992,0.154324,1.628415
5498,45.817000,0.911115,0.154305,1.626683
5499,45.825000,0.910434,0.154382,1.624644
5500,45.833000,0.909989,0.154337,1.622393
5501,45.842000,0.909665,0.154323,1.620008
5502,45.850000,0.909522,0.154396,1.617425
5503,45.858000,0.909710,0.154487,1.614971
5504,45.867000,0.910211,0.154561,1.612668
5505,45.875000,0.910907,0.154445,1.610651
5506,45.883000,0.911684,0.154499,1.608788
5507,45.892000,0.912467,0.154542,1.607397
5508,45.900000,0.913097,0.154589,1.606214
5509,45.908000,0.913319,0.154550,1.605140
5510,45.917000,0.913291,0.154523,1.604007
5511,45.925000,0.913029,0.154489,1.602798
5512,45.933000,0.912486,0.154466,1.601373
5513,45.942000,0.911930,0.154482,1.599498
5514,45.950000,0.911271,0.154411,1.597398
5515,45.958000,0.910925,0.154424,1.595024
5516,45.967000,0.910760,0.154487,1.592373
5517,45.975000,0.910908,0.154541,1.589581
5518,45.983000,0.911270,0.154547,1.586585
5519,45.992000,0.912022,0.154598,1.583674
5520,46.000000,0.912977,0.154580,1.580948
5521,46.008000,0.913762,0.154592,1.578709
5522,46.017000,0.914593,0.154562,1.576627
5523,46.025000,0.915540,0.154542,1.574791
5524,46.033000,0.916025,0.154493,1.573216
5525,46.042000,0.916232,0.154459,1.571663
5526,46.050000,0.916154,0.154450,1.570042
5527,46.058000,0.915905,0.154420,1.568074
5528,46.067000,0.915508,0.154447,1.565938
5529,46.075000,0.915195,0.154449,1.563401
5530,46.083000,0.915086,0.154471,1.560731
5531,46.092000,0.915026,0.154401,1.557888
5532,46.100000,0.915178,0.154459,1.554831
5533,46.108000,0.915669,0.154479,1.551690
5534,46.117000,0.916376,0.154420,1.548731
5535,46.125000,0.917230,0.154409,1.545907
5536,46.133000,0.918218,0.154384,1.543223
5537,46.142000,0.919362,0.154448,1.541061
5538,46.150000,0.920305,0.154471,1.539195
5539,46.158000,0.920869,0.154509,1.537392
5540,46.167000,0.921209,0.154567,1.535657
5541,46.175000,0.921355,0.154472,1.533821
5542,46.183000,0.921223,0.154557,1.531665
5543,46.192000,0.920983,0.154437,1.528997
5544,46.200000,0.920790,0.154364,1.525924
5545,46.208000,0.920861,0.154277,1.522556
5546,46.217000,0.921182,0.154200,1.519066
5547,46.225000,0.921384,0.154276,1.515618
5548,46.233000,0.921991,0.154518,1.512340
5549,46.242000,0.922988,0.154567,1.508955
5550,46.250000,0.924194,0.154412,1.505606
5551,46.258000,0.925447,0.154590,1.502843
5552,46.267000,0.926524,0.154633,1.500441
5553,46.275000,0.927484,0.154650,1.498148
5554,46.283000,0.928403,0.154610,1.495975
5555,46.292000,0.928912,0.154664,1.493962
5556,46.300000,0.929089,0.154588,1.491934
5557,46.308000,0.929065,0.154549,1.489701
5558,46.317000,0.928878,0.154518,1.487065
5559,46.325000,0.928495,0.154622,1.484174
5560,46.333000,0.928320,0.154608,1.481181
5561,46.342000,0.928435,0.154675,1.477868
5562,46.350000,0.928806,0.154675,1.474344
5563,46.358000,0.929361,0.154726,1.470848
5564,46.367000,0.930240,0.154759,1.467652
5565,46.375000,0.931376,0.154867,1.464499
5566,46.383000,0.932530,0.154861,1.461679
5567,46.392000,0.933694,0.154822,1.459288
5568,46.400000,0.934915,0.154874,1.457101
5569,46.408000,0.935669,0.154910,1.455219
5570,46.417000,0.936051,0.154890,1.453178
5571,46.425000,0.936159,0.154737,1.451251
5572,46.433000,0.936084,0.154792,1.449016
5573,46.442000,0.935809,0.154778,1.446496
5574,46.450000,0.935572,0.154718,1.443645
5575,46.458000,0.935371,0.154693,1.440621
5576,46.467000,0.935491,0.154786,1.437401
5577,46.475000,0.935759,0.154816,1.434000
5578,46.483000,0.936325,0.154860,1.430627
5579,46.492000,0.937172,0.154958,1.427312
5580,46.500000,0.938305,0.155004,1.424062
5581,46.508000,0.939348,0.155049,1.421305
5582,46.517000,0.940488,0.155125,1.418857
5583,46.525000,0.941596,0.155091,1.416780
5584,46.533000,0.942266,0.155021,1.414688
5585,46.542000,0.942751,0.155054,1.412796
5586,46.550000,0.942847,0.155092,1.410766
5587,46.558000,0.942757,0.155109,1.408531
5588,46.567000,0.942492,0.154983,1.406095
5589,46.575000,0.942053,0.154899,1.403432
5590,46.583000,0.941798,0.154831,1.400543
5591,46.592000,0.942050,0.154956,1.397240
5592,46.600000,0.942445,0.155088,1.393626
5593,46.608000,0.943076,0.155267,1.390193
5594,46.617000,0.944073,0.155303,1.386898
5595,46.625000,0.945171,0.155159,1.383788
5596,46.633000,0.946261,0.155228,1.381048
5597,46.642000,0.947389,0.155302,1.378422
5598,46.650000,0.948447,0.155295,1.376160
5599,46.658000,0.949247,0.155255,1.374205
5600,46.667000,0.949775,0.155133,1.372349
5601,46.675000,0.950030,0.154967,1.370563
5602,46.683000,0.950153,0.154871,1.368620
5603,46.692000,0.949780,0.154930,1.366125
5604,46.700000,0.949512,0.155031,1.363137
5605,46.708000,0.949478,0.155217,1.360077
5606,46.717000,0.949411,0.155241,1.356854
5607,46.725000,0.949678,0.155225,1.353732
5608,46.733000,0.950273,0.155220,1.350281
5609,46.742000,0.951078,0.155300,1.346961
5610,46.750000,0.952096,0.155466,1.343900
5611,46.758000,0.953341,0.155491,1.341045
5612,46.767000,0.954374,0.155397,1.338613
5613,46.775000,0.955480,0.155371,1.336550
5614,46.783000,0.956307,0.155489,1.334532
5615,46.792000,0.956748,0.155436,1.332521
5616,46.800000,0.956853,0.155343,1.330478
5617,46.808000,0.956792,0.155350,1.328212
5618,46.817000,0.956503,0.155309,1.325811
5619,46.825000,0.956236,0.155412,1.322936
5620,46.833000,0.956063,0.155423,1.319818
5621,46.842000,0.956017,0.155462,1.316664
5622,46.850000,0.956290,0.155479,1.313327
5623,46.858000,0.956811,0.155581,1.309811
5624,46.867000,0.957728,0.155640,1.306579
5625,46.875000,0.958897,0.155538,1.303334
5626,46.883000,0.959940,0.155672,1.300492
5627,46.892000,0.961080,0.155688,1.298066
5628,46.900000,0.962266,0.155675,1.295735
5629,46.908000,0.962960,0.155635,1.293729
5630,46.917000,0.963444,0.155556,1.291744
5631,46.925000,0.963695,0.155557,1.289698
5632,46.933000,0.963693,0.155560,1.287563
5633,46.942000,0.963381,0.155486,1.285014
5634,46.950000,0.963084,0.155555,1.282237
5635,46.958000,0.962889,0.155534,1.279218
5636,46.967000,0.962840,0.155520,1.275928
5637,46.975000,0.963151,0.155670,1.272492
5638,46.983000,0.963610,0.155646,1.269079
5639,46.992000,0.964409,0.155583,1.265850
5640,47.000000,0.965352,0.155715,1.262694
5641,47.008000,0.966484,0.155699,1.259924
5642,47.017000,0.967750,0.155782,1.257409
5643,47.025000,0.968836,0.155831,1.255240
5644,47.033000,0.969534,0.155769,1.253013
5645,47.042000,0.969900,0.155690,1.250898
5646,47.050000,0.970043,0.155607,1.248671
5647,47.058000,0.969972,0.155592,1.246335
5648,47.067000,0.969848,0.155643,1.243781
5649,47.075000,0.969899,0.155817,1.241248
5650,47.083000,0.969873,0.155970,1.238200
5651,47.092000,0.969975,0.155929,1.234608
5652,47.100000,0.970506,0.155973,1.231197
5653,47.108000,0.971109,0.156063,1.227577
5654,47.117000,0.971933,0.156051,1.224012
5655,47.125000,0.973087,0.156183,1.220548
5656,47.133000,0.974226,0.156250,1.217515
5657,47.142000,0.975617,0.156157,1.214684
5658,47.150000,0.977014,0.156043,1.212133
5659,47.158000,0.977671,0.156101,1.209822
5660,47.167000,0.978262,0.156206,1.207735
5661,47.175000,0.978639,0.156226,1.205440
5662,47.183000,0.978716,0.156212,1.202885
5663,47.192000,0.978322,0.156123,1.200274
5664,47.200000,0.978156,0.156191,1.197293
5665,47.208000,0.978075,0.156180,1.194071
5666,47.217000,0.978227,0.156234,1.190457
5667,47.225000,0.978615,0.156283,1.186837
5668,47.233000,0.979156,0.156318,1.183229
5669,47.242000,0.980181,0.156320,1.179623
5670,47.250000,0.981246,0.156306,1.176317
5671,47.258000,0.982489,0.156430,1.173207
5672,47.267000,0.983632,0.156477,1.170448
5673,47.275000,0.984828,0.156409,1.168073
5674,47.283000,0.985627,0.156350,1.165878
5675,47.292000,0.986146,0.156287,1.163561
5676,47.300000,0.986398,0.156318,1.161352
5677,47.308000,0.986425,0.156311,1.158937
5678,47.317000,0.986322,0.156298,1.156238
5679,47.325000,0.986184,0.156323,1.153286
5680,47.333000,0.986177,0.156290,1.150208
5681,47.342000,0.986323,0.156401,1.146813
5682,47.350000,0.986652,0.156468,1.143271
5683,47.358000,0.987269,0.156472,1.139659
5684,47.367000,0.988292,0.156559,1.136199
5685,47.375000,0.989402,0.156518,1.132774
5686,47.383000,0.990649,0.156568,1.129760
5687,47.392000,0.992020,0.156583,1.127002
5688,47.400000,0.993214,0.156525,1.124572
5689,47.408000,0.994073,0.156555,1.122360
5690,47.417000,0.994660,0.156527,1.120264
5691,47.425000,0.994936,0.156466,1.118014
5692,47.433000,0.994956,0.156434,1.115622
5693,47.442000,0.994830,0.156449,1.112919
5694,47.450000,0.994586,0.156444,1.109887
5695,47.458000,0.994550,0.156435,1.106711
5696,47.467000,0.994714,0.156447,1.103295
5697,47.475000,0.995205,0.156571,1.099656
5698,47.483000,0.996109,0.156673,1.095885
5699,47.492000,0.997409,0.156719,1.091949
5700,47.500000,0.998533,0.156854,1.088565
5701,47.508000,1.000033,0.156816,1.085473
5702,47.517000,1.001425,0.156706,1.082814
5703,47.525000,1.002458,0.156707,1.080501
5704,47.533000,1.003460,0.156758,1.078196
5705,47.542000,1.004021,0.156689,1.075930
5706,47.550000,1.004260,0.156661,1.073717
5707,47.558000,1.004344,0.156641,1.071502
5708,47.567000,1.004284,0.156554,1.068849
5709,47.575000,1.004148,0.156559,1.066033
5710,47.583000,1.004204,0.156436,1.063023
5711,47.592000,1.004401,0.156381,1.059703
5712,47.600000,1.004788,0.156588,1.056175
5713,47.608000,1.005383,0.156709,1.052484
5714,47.617000,1.006300,0.156767,1.048989
5715,47.625000,1.007306,0.156667,1.045664
5716,47.633000,1.008411,0.156680,1.042848
5717,47.642000,1.009831,0.156736,1.040158
5718,47.650000,1.010903,0.156810,1.037763
5719,47.658000,1.011832,0.156746,1.035511
5720,47.667000,1.012526,0.156688,1.033436
5721,47.675000,1.012760,0.156588,1.031389
5722,47.683000,1.012833,0.156524,1.028956
5723,47.692000,1.012614,0.156598,1.026274
5724,47.700000,1.012466,0.156669,1.023253
5725,47.708000,1.012334,0.156723,1.020019
5726,47.717000,1.012423,0.156712,1.016763
5727,47.725000,1.012723,0.156685,1.013184
5728,47.733000,1.013343,0.156905,1.009434
5729,47.742000,1.014215,0.156938,1.005815
5730,47.750000,1.015330,0.156948,1.002360
5731,47.758000,1.016663,0.156945,0.999217
5732,47.767000,1.017948,0.157006,0.996220
5733,47.775000,1.019201,0.156916,0.993615
5734,47.783000,1.020114,0.156913,0.991136
5735,47.792000,1.020771,0.156946,0.988688
5736,47.800000,1.021195,0.156854,0.986065
5737,47.808000,1.021371,0.156879,0.983453
5738,47.817000,1.021330,0.156754,0.980378
5739,47.825000,1.021245,0.156878,0.977009
5740,47.833000,1.021274,0.156873,0.973307
5741,47.842000,1.021538,0.156898,0.969264
5742,47.850000,1.021907,0.156807,0.964981
5743,47.858000,1.022563,0.156813,0.960746
5744,47.867000,1.023594,0.156825,0.956650
5745,47.875000,1.024791,0.156807,0.952652
5746,47.883000,1.026147,0.156900,0.948946
5747,47.892000,1.027688,0.156957,0.945621
5748,47.900000,1.029048,0.156952,0.942714
5749,47.908000,1.030026,0.156819,0.939839
5750,47.917000,1.030687,0.156674,0.936989
5751,47.925000,1.031004,0.156558,0.933879
5752,47.933000,1.031047,0.156463,0.930709
5753,47.942000,1.031159,0.156538,0.927666
5754,47.950000,1.031081,0.156674,0.924175
5755,47.958000,1.031023,0.156594,0.920242
5756,47.967000,1.031362,0.156506,0.916046
5757,47.975000,1.031871,0.156519,0.911911
5758,47.983000,1.032697,0.156553,0.907634
5759,47.992000,1.033955,0.156505,0.903153
5760,48.000000,1.035164,0.156498,0.899003
5761,48.008000,1.036340,0.156855,0.895592
5762,48.017000,1.037966,0.156878,0.892281
5763,48.025000,1.039177,0.156764,0.889004
5764,48.033000,1.040096,0.156705,0.886164
5765,48.042000,1.040944,0.156719,0.883568
5766,48.050000,1.041414,0.156734,0.880812
5767,48.058000,1.041584,0.156706,0.877686
5768,48.067000,1.041640,0.156632,0.874471
5769,48.075000,1.041577,0.156656,0.871007
5770,48.083000,1.041544,0.156638,0.867229
5771,48.092000,1.041907,0.156651,0.863194
5772,48.100000,1.042330,0.156724,0.859154
5773,48.108000,1.043029,0.156744,0.855164
5774,48.117000,1.044157,0.156725,0.851199
5775,48.125000,1.045426,0.156659,0.847394
5776,48.133000,1.046821,0.156833,0.843993
5777,48.142000,1.048198,0.156875,0.840852
5778,48.150000,1.049524,0.156730,0.837910
5779,48.158000,1.050586,0.156739,0.835434
5780,48.167000,1.051371,0.156731,0.832917
5781,48.175000,1.051794,0.156597,0.830263
5782,48.183000,1.052059,0.156684,0.827476
5783,48.192000,1.052159,0.156665,0.824511
5784,48.200000,1.052118,0.156649,0.821013
5785,48.208000,1.052274,0.156558,0.817407
5786,48.217000,1.052572,0.156555,0.813578
5787,48.225000,1.053170,0.156674,0.809514
5788,48.233000,1.054136,0.156770,0.805296
5789,48.242000,1.055419,0.156801,0.801069
5790,48.250000,1.056903,0.156814,0.797126
5791,48.258000,1.058356,0.156876,0.793493
5792,48.267000,1.059896,0.156773,0.790296
5793,48.275000,1.060977,0.156662,0.787573
5794,48.283000,1.062496,0.156657,0.784759
5795,48.292000,1.063722,0.156749,0.781980
5796,48.300000,1.064634,0.156804,0.779067
5797,48.308000,1.065332,0.156759,0.776249
5798,48.317000,1.065848,0.156613,0.773151
5799,48.325000,1.066184,0.156497,0.769805
5800,48.333000,1.066738,0.156540,0.766198
5801,48.342000,1.067832,0.156571,0.762121
5802,48.350000,1.068964,0.156653,0.758024
5803,48.358000,1.070569,0.156642,0.754128
5804,48.367000,1.072518,0.156428,0.750412
5805,48.375000,1.074528,0.156636,0.746655
5806,48.383000,1.076685,0.156882,0.743069
5807,48.392000,1.078784,0.157050,0.739980
5808,48.400000,1.081103,0.157010,0.737441
5809,48.408000,1.083074,0.156857,0.735030
5810,48.417000,1.084801,0.156815,0.732624
5811,48.425000,1.086456,0.156800,0.730055
5812,48.433000,1.087883,0.156841,0.727335
5813,48.442000,1.089076,0.156774,0.724379
5814,48.450000,1.090241,0.156747,0.721126
5815,48.458000,1.091640,0.156650,0.717675
5816,48.467000,1.093356,0.156675,0.713996
5817,48.475000,1.095320,0.156693,0.710081
5818,48.483000,1.097522,0.156767,0.706326
5819,48.492000,1.100145,0.156646,0.702714
5820,48.500000,1.102861,0.156703,0.699311
5821,48.508000,1.105623,0.156680,0.696409
5822,48.517000,1.108466,0.156744,0.693724
5823,48.525000,1.111284,0.156702,0.691366
5824,48.533000,1.113871,0.156624,0.689197
5825,48.542000,1.116045,0.156570,0.687112
5826,48.550000,1.117832,0.156569,0.684906
5827,48.558000,1.119456,0.156539,0.682738
5828,48.567000,1.120911,0.156543,0.680124
5829,48.575000,1.122191,0.156620,0.677150
5830,48.583000,1.123904,0.156624,0.673945
5831,48.592000,1.125970,0.156416,0.670430
5832,48.600000,1.128223,0.156523,0.666715
5833,48.608000,1.130765,0.156525,0.662966
5834,48.617000,1.133474,0.156621,0.659424
5835,48.625000,1.136582,0.156505,0.656049
5836,48.633000,1.139568,0.156603,0.653045
5837,48.642000,1.142672,0.156378,0.650399
5838,48.650000,1.145689,0.156309,0.647885
5839,48.658000,1.148109,0.156300,0.645532
5840,48.667000,1.150344,0.156218,0.643489
5841,48.675000,1.152146,0.156162,0.641223
5842,48.683000,1.153791,0.156113,0.638644
5843,48.692000,1.155356,0.156019,0.635685
5844,48.700000,1.156886,0.156099,0.632635
5845,48.708000,1.158749,0.156148,0.629429
5846,48.717000,1.160867,0.156051,0.626059
5847,48.725000,1.163147,0.156048,0.622576
5848,48.733000,1.165636,0.156037,0.619144
5849,48.742000,1.168651,0.156008,0.615748
5850,48.750000,1.171602,0.156017,0.612395
5851,48.758000,1.174666,0.156099,0.609465
5852,48.767000,1.177625,0.156031,0.607018
5853,48.775000,1.180459,0.155858,0.604846
5854,48.783000,1.182626,0.156000,0.602723
5855,48.792000,1.184461,0.156256,0.600801
5856,48.800000,1.186322,0.156315,0.598490
5857,48.808000,1.187838,0.156124,0.596025
5858,48.817000,1.188956,0.156130,0.592920
5859,48.825000,1.190489,0.155943,0.589873
5860,48.833000,1.192113,0.156109,0.586627
5861,48.842000,1.193903,0.156301,0.583116
5862,48.850000,1.196102,0.156503,0.579558
5863,48.858000,1.198474,0.156328,0.576060
5864,48.867000,1.201205,0.156257,0.572825
5865,48.875000,1.203915,0.156403,0.569604
5866,48.883000,1.206759,0.156546,0.566794
5867,48.892000,1.209633,0.156479,0.564147
5868,48.900000,1.212210,0.156274,0.561743
5869,48.908000,1.214358,0.156133,0.559478
5870,48.917000,1.216135,0.155986,0.557300
5871,48.925000,1.217706,0.156011,0.554818
5872,48.933000,1.219332,0.155825,0.552299
5873,48.942000,1.220692,0.155786,0.549260
5874,48.950000,1.222141,0.155788,0.546289
5875,48.958000,1.223869,0.155821,0.542908
5876,48.967000,1.225839,0.155843,0.539508
5877,48.975000,1.227852,0.155876,0.535813
5878,48.983000,1.229988,0.155879,0.532495
5879,48.992000,1.232596,0.155795,0.529179
5880,49.000000,1.234940,0.155737,0.526186
5881,49.008000,1.237451,0.155840,0.523290
5882,49.017000,1.239940,0.155705,0.520905
5883,49.025000,1.242029,0.155720,0.518684
5884,49.033000,1.244045,0.155788,0.516799
5885,49.042000,1.245831,0.155764,0.514565
5886,49.050000,1.247423,0.155730,0.512486
5887,49.058000,1.248752,0.155815,0.510019
5888,49.067000,1.250010,0.155732,0.507127
5889,49.075000,1.251591,0.155721,0.504087
5890,49.083000,1.253293,0.155720,0.500814
5891,49.092000,1.254882,0.155889,0.496906
5892,49.100000,1.256973,0.155932,0.493488
5893,49.108000,1.259489,0.155967,0.490024
5894,49.117000,1.262061,0.155943,0.486418
5895,49.125000,1.264924,0.155893,0.483287
5896,49.133000,1.267592,0.155900,0.480580
5897,49.142000,1.270279,0.155987,0.478168
5898,49.150000,1.272811,0.155985,0.475966
5899,49.158000,1.274967,0.156040,0.473879
5900,49.167000,1.276875,0.155985,0.471687
5901,49.175000,1.278518,0.156011,0.469274
5902,49.183000,1.279855,0.156030,0.466715
5903,49.192000,1.281087,0.156079,0.463733
5904,49.200000,1.282439,0.156074,0.460660
5905,49.208000,1.283982,0.156101,0.457261
5906,49.217000,1.285680,0.156143,0.453845
5907,49.225000,1.287746,0.156357,0.450157
5908,49.233000,1.290187,0.156509,0.446686
5909,49.242000,1.292884,0.156468,0.443230
5910,49.250000,1.295712,0.156251,0.440023
5911,49.258000,1.298657,0.156143,0.437111
5912,49.267000,1.301666,0.156242,0.434799
5913,49.275000,1.304042,0.156197,0.432556
5914,49.283000,1.306045,0.156224,0.430374
5915,49.292000,1.307989,0.156263,0.428538
5916,49.300000,1.309768,0.156099,0.426399
5917,49.308000,1.311330,0.155775,0.424057
5918,49.317000,1.312348,0.155761,0.421203
5919,49.325000,1.313664,0.156050,0.418079
5920,49.333000,1.315173,0.156278,0.414714
5921,49.342000,1.316937,0.156281,0.411192
5922,49.350000,1.319214,0.156166,0.407756
5923,49.358000,1.321820,0.156046,0.404393
5924,49.367000,1.324386,0.156136,0.400925
5925,49.375000,1.327311,0.156214,0.397746
5926,49.383000,1.330302,0.156297,0.394908
5927,49.392000,1.333330,0.156064,0.392407
5928,49.400000,1.335877,0.156049,0.390223
5929,49.408000,1.338218,0.156204,0.388112
5930,49.417000,1.340342,0.156071,0.385810
5931,49.425000,1.342293,0.156043,0.383487
5932,49.433000,1.344101,0.155941,0.381103
5933,49.442000,1.345551,0.155834,0.378297
5934,49.450000,1.347203,0.155910,0.375389
5935,49.458000,1.349214,0.155989,0.372249
5936,49.467000,1.351465,0.155990,0.368876
5937,49.475000,1.353941,0.156002,0.365564
5938,49.483000,1.356671,0.155946,0.362210
5939,49.492000,1.359659,0.156011,0.358967
5940,49.500000,1.362725,0.155978,0.356110
5941,49.508000,1.365930,0.156005,0.353651
5942,49.517000,1.369011,0.156008,0.351483
5943,49.525000,1.371923,0.155862,0.349495
5944,49.533000,1.374474,0.155815,0.347664
5945,49.542000,1.376625,0.155758,0.345883
5946,49.550000,1.378511,0.155916,0.343916
5947,49.558000,1.380139,0.155783,0.341671
5948,49.567000,1.381775,0.155839,0.339204
5949,49.575000,1.383371,0.155851,0.336440
5950,49.583000,1.385409,0.155668,0.333290
5951,49.592000,1.387593,0.155712,0.329873
5952,49.600000,1.389857,0.155727,0.326595
5953,49.608000,1.392600,0.155783,0.323446
5954,49.617000,1.395456,0.155787,0.320404
5955,49.625000,1.398554,0.155810,0.317627
5956,49.633000,1.401558,0.155821,0.315080
5957,49.642000,1.404417,0.155758,0.312956
5958,49.650000,1.407067,0.155671,0.310907
5959,49.658000,1.409561,0.155620,0.309156
5960,49.667000,1.411559,0.155721,0.307255
5961,49.675000,1.413473,0.155759,0.305304
5962,49.683000,1.415010,0.155707,0.303080
5963,49.692000,1.416470,0.155730,0.300388
5964,49.700000,1.418076,0.155734,0.297510
5965,49.708000,1.419812,0.155843,0.294484
5966,49.717000,1.421796,0.155870,0.291367
5967,49.725000,1.424095,0.155939,0.288165
5968,49.733000,1.426604,0.155940,0.284916
5969,49.742000,1.429568,0.155930,0.281827
5970,49.750000,1.432476,0.155900,0.278953
5971,49.758000,1.435399,0.155840,0.276472
5972,49.767000,1.438146,0.155965,0.274353
5973,49.775000,1.440872,0.155902,0.272619
5974,49.783000,1.443192,0.155873,0.270859
5975,49.792000,1.445135,0.155851,0.269057
5976,49.800000,1.446853,0.155903,0.267110
5977,49.808000,1.448362,0.155823,0.264849
5978,49.817000,1.449767,0.155966,0.262314
5979,49.825000,1.451354,0.155998,0.259554
5980,49.833000,1.453199,0.155857,0.256506
5981,49.842000,1.455141,0.156001,0.253215
5982,49.850000,1.457425,0.155983,0.250074
5983,49.858000,1.460132,0.156021,0.246782
5984,49.867000,1.463071,0.155891,0.243552
5985,49.875000,1.466113,0.155696,0.240633
5986,49.883000,1.469036,0.155679,0.238025
5987,49.892000,1.471850,0.155517,0.235701
5988,49.900000,1.474436,0.155391,0.233672
5989,49.908000,1.476954,0.155226,0.231935
5990,49.917000,1.478906,0.155135,0.229961
5991,49.925000,1.480552,0.155145,0.227923
5992,49.933000,1.482211,0.155112,0.225920
5993,49.942000,1.483803,0.155135,0.223197
5994,49.950000,1.485561,0.155138,0.220251
5995,49.958000,1.487587,0.155180,0.217321
5996,49.967000,1.489636,0.155105,0.214070
5997,49.975000,1.492022,0.155172,0.210804
5998,49.983000,1.494627,0.155123,0.207542
5999,49.992000,1.497547,0.155098,0.204377
6000,50.000000,1.500605,0.155167,0.201436
6001,50.008000,1.503723,0.155156,0.198870
6002,50.017000,1.506780,0.155119,0.196680
6003,50.025000,1.509407,0.155166,0.194736
6004,50.033000,1.511917,0.155144,0.192873
6005,50.042000,1.513978,0.155267,0.190987
6006,50.050000,1.515856,0.155221,0.188971
6007,50.058000,1.517536,0.155147,0.186620
6008,50.067000,1.519248,0.155148,0.183943
6009,50.075000,1.520993,0.155115,0.180984
6010,50.083000,1.522930,0.155204,0.177950
6011,50.092000,1.525056,0.155172,0.174599
6012,50.100000,1.527407,0.155254,0.171434
6013,50.108000,1.530119,0.155208,0.168104
6014,50.117000,1.533221,0.155234,0.164970
6015,50.125000,1.536333,0.155225,0.162158
6016,50.133000,1.539340,0.155274,0.159704
6017,50.142000,1.542275,0.155233,0.157636
6018,50.150000,1.545080,0.155135,0.155650
6019,50.158000,1.547599,0.155042,0.153898
6020,50.167000,1.549729,0.154990,0.152075
6021,50.175000,1.551653,0.154973,0.150123
6022,50.183000,1.553312,0.154942,0.147775
6023,50.192000,1.554952,0.155033,0.145250
6024,50.200000,1.556698,0.155052,0.142404
6025,50.208000,1.558720,0.155015,0.139377
6026,50.217000,1.560950,0.154956,0.136256
6027,50.225000,1.563254,0.155039,0.133026
6028,50.233000,1.566040,0.154996,0.129842
6029,50.242000,1.568989,0.154986,0.126901
6030,50.250000,1.572195,0.154874,0.124216
6031,50.258000,1.575336,0.154706,0.122010
6032,50.267000,1.578351,0.154682,0.120183
6033,50.275000,1.581138,0.154602,0.118251
6034,50.283000,1.583609,0.154619,0.116435
6035,50.292000,1.585829,0.154597,0.114763
6036,50.300000,1.587729,0.154443,0.112974
6037,50.308000,1.589292,0.154214,0.110926
6038,50.317000,1.590813,0.154312,0.108208
6039,50.325000,1.592592,0.154624,0.105396
6040,50.333000,1.594566,0.154699,0.102361
6041,50.342000,1.596470,0.154632,0.099213
6042,50.350000,1.598715,0.154453,0.096171
6043,50.358000,1.601323,0.154499,0.093059
6044,50.367000,1.604331,0.154663,0.090060
6045,50.375000,1.607421,0.154698,0.087343
6046,50.383000,1.610478,0.154679,0.084951
6047,50.392000,1.613367,0.154537,0.083113
6048,50.400000,1.615926,0.154487,0.081220
6049,50.408000,1.618380,0.154476,0.079420
6050,50.417000,1.620476,0.154621,0.077636
6051,50.425000,1.622328,0.154584,0.075680
6052,50.433000,1.623797,0.154433,0.073536
6053,50.442000,1.625268,0.154473,0.071136
6054,50.450000,1.626948,0.154486,0.068340
6055,50.458000,1.628867,0.154613,0.065276
6056,50.467000,1.630934,0.154630,0.062191
6057,50.475000,1.633308,0.154619,0.058953
6058,50.483000,1.635911,0.154559,0.055883
6059,50.492000,1.638822,0.154561,0.052907
6060,50.500000,1.641926,0.154558,0.050053
6061,50.508000,1.645051,0.154613,0.047702
6062,50.517000,1.648007,0.154538,0.045628
6063,50.525000,1.650686,0.154438,0.043915
6064,50.533000,1.653203,0.154401,0.042023
6065,50.542000,1.655395,0.154489,0.040226
6066,50.550000,1.657365,0.154460,0.038243
6067,50.558000,1.658965,0.154331,0.035982
6068,50.567000,1.660398,0.154532,0.033562
6069,50.575000,1.662181,0.154554,0.030723
6070,50.583000,1.664218,0.154618,0.027782
6071,50.592000,1.666357,0.154625,0.024780
6072,50.600000,1.668688,0.154660,0.021649
6073,50.608000,1.671475,0.154678,0.018449
6074,50.617000,1.674201,0.154891,0.015347
6075,50.625000,1.677114,0.155123,0.012532
6076,50.633000,1.680308,0.155125,0.009982
6077,50.642000,1.683391,0.154890,0.008043
6078,50.650000,1.686175,0.154863,0.006043
6079,50.658000,1.688621,0.154840,0.004292
6080,50.667000,1.690888,0.154861,0.002536
6081,50.675000,1.692964,0.154630,0.000736
6082,50.683000,1.694567,0.154597,-0.001545
6083,50.692000,1.696088,0.154708,-0.004148
6084,50.700000,1.697835,0.154713,-0.006962
6085,50.708000,1.699940,0.154738,-0.009944
6086,50.717000,1.702000,0.154829,-0.013020
6087,50.725000,1.704543,0.154919,-0.016254
6088,50.733000,1.707211,0.154854,-0.019281
6089,50.742000,1.710178,0.154849,-0.022234
6090,50.750000,1.713441,0.154895,-0.025121
6091,50.758000,1.716453,0.154914,-0.027650
6092,50.767000,1.719721,0.154841,-0.029801
6093,50.775000,1.722425,0.154785,-0.031514
6094,50.783000,1.724977,0.154781,-0.033302
6095,50.792000,1.727165,0.154736,-0.035020
6096,50.800000,1.729168,0.154790,-0.037063
6097,50.808000,1.730817,0.154730,-0.039302
6098,50.817000,1.732328,0.154898,-0.041621
6099,50.825000,1.734226,0.154976,-0.044645
6100,50.833000,1.736065,0.155018,-0.047620
6101,50.842000,1.738203,0.155043,-0.050481
6102,50.850000,1.740701,0.154860,-0.053596
6103,50.858000,1.743390,0.154848,-0.056588
6104,50.867000,1.746494,0.154840,-0.059507
6105,50.875000,1.749515,0.154726,-0.062285
6106,50.883000,1.752683,0.154603,-0.064728
6107,50.892000,1.755748,0.154450,-0.066832
6108,50.900000,1.758495,0.154447,-0.068739
6109,50.908000,1.761081,0.154432,-0.070366
6110,50.917000,1.763162,0.154630,-0.072241
6111,50.925000,1.765180,0.154576,-0.074183
6112,50.933000,1.767030,0.154445,-0.076340
6113,50.942000,1.768700,0.154480,-0.078723
6114,50.950000,1.770303,0.154558,-0.081514
6115,50.958000,1.772259,0.154655,-0.084515
6116,50.967000,1.774370,0.154734,-0.087476
6117,50.975000,1.776792,0.154687,-0.090744
6118,50.983000,1.779451,0.154709,-0.093744
6119,50.992000,1.782548,0.154657,-0.096807
6120,51.000000,1.785750,0.154667,-0.099646
6121,51.008000,1.788810,0.154688,-0.101938
6122,51.017000,1.791787,0.154817,-0.104067
6123,51.025000,1.794655,0.154636,-0.105643
6124,51.033000,1.797075,0.154630,-0.107536
6125,51.042000,1.799070,0.154706,-0.109321
6126,51.050000,1.801100,0.154739,-0.111122
6127,51.058000,1.802965,0.154734,-0.113383
6128,51.067000,1.804330,0.154742,-0.115716
6129,51.075000,1.805708,0.155074,-0.118553
6130,51.083000,1.807816,0.154896,-0.121454
6131,51.092000,1.810331,0.155004,-0.124709
6132,51.100000,1.812523,0.154971,-0.127894
6133,51.108000,1.815366,0.155002,-0.131028
6134,51.117000,1.818140,0.155039,-0.134078
6135,51.125000,1.821096,0.155030,-0.136811
6136,51.133000,1.824371,0.155070,-0.139337
6137,51.142000,1.827481,0.154972,-0.141319
6138,51.150000,1.830317,0.154887,-0.143162
6139,51.158000,1.832761,0.154813,-0.144831
6140,51.167000,1.834911,0.154776,-0.146628
6141,51.175000,1.837062,0.154751,-0.148525
6142,51.183000,1.838698,0.154607,-0.150682
6143,51.192000,1.840559,0.154729,-0.153190
6144,51.200000,1.842215,0.154781,-0.155985
6145,51.208000,1.844290,0.154797,-0.158980
6146,51.217000,1.846636,0.154831,-0.161949
6147,51.225000,1.849070,0.154912,-0.165260
6148,51.233000,1.851923,0.154853,-0.168108
6149,51.242000,1.854831,0.154935,-0.171234
6150,51.250000,1.857776,0.154848,-0.174056
6151,51.258000,1.861013,0.154844,-0.176423
6152,51.267000,1.864295,0.154850,-0.178540
6153,51.275000,1.867066,0.154629,-0.180232
6154,51.283000,1.869584,0.154570,-0.181873
6155,51.292000,1.871767,0.154515,-0.183554
6156,51.300000,1.873801,0.154568,-0.185277
6157,51.308000,1.875682,0.154522,-0.187503
6158,51.317000,1.877440,0.154453,-0.189793
6159,51.325000,1.879033,0.154559,-0.192579
6160,51.333000,1.880993,0.154462,-0.195580
6161,51.342000,1.883320,0.154568,-0.198777
6162,51.350000,1.885496,0.154691,-0.201905
6163,51.358000,1.888569,0.154724,-0.205127
6164,51.367000,1.891410,0.154625,-0.207895
6165,51.375000,1.894349,0.154756,-0.210786
6166,51.383000,1.897494,0.154676,-0.213152
6167,51.392000,1.900740,0.154674,-0.215180
6168,51.400000,1.903333,0.154577,-0.217018
6169,51.408000,1.905899,0.154588,-0.218714
6170,51.417000,1.908000,0.154587,-0.220415
6171,51.425000,1.910133,0.154707,-0.222248
6172,51.433000,1.911911,0.154671,-0.224357
6173,51.442000,1.913728,0.154574,-0.226714
6174,51.450000,1.915340,0.154769,-0.229337
6175,51.458000,1.917136,0.154793,-0.232338
6176,51.467000,1.919504,0.154880,-0.235378
6177,51.475000,1.921716,0.155037,-0.238354
6178,51.483000,1.924618,0.154995,-0.241408
6179,51.492000,1.927547,0.155097,-0.244368
6180,51.500000,1.930502,0.155051,-0.247068
6181,51.508000,1.933853,0.155133,-0.249685
6182,51.517000,1.937052,0.155007,-0.251807
6183,51.525000,1.939996,0.154950,-0.253430
6184,51.533000,1.942530,0.154876,-0.254986
6185,51.542000,1.944944,0.154925,-0.256924
6186,51.550000,1.947006,0.154955,-0.258583
6187,51.558000,1.948887,0.154887,-0.260648
6188,51.567000,1.950706,0.154916,-0.263284
6189,51.575000,1.952624,0.154845,-0.265960
6190,51.583000,1.954675,0.154975,-0.268973
6191,51.592000,1.956697,0.154888,-0.272045
6192,51.600000,1.959191,0.154944,-0.275333
6193,51.608000,1.961916,0.154765,-0.278533
6194,51.617000,1.964648,0.154805,-0.281474
6195,51.625000,1.967683,0.154898,-0.284330
6196,51.633000,1.970860,0.154634,-0.286831
6197,51.642000,1.974085,0.154569,-0.289112
6198,51.650000,1.976849,0.154381,-0.290829
6199,51.658000,1.979650,0.154281,-0.292554
6200,51.667000,1.982036,0.154202,-0.294480
6201,51.675000,1.984434,0.154297,-0.296914
6202,51.683000,1.986574,0.154149,-0.299414
6203,51.692000,1.988446,0.154213,-0.302135
6204,51.700000,1.990153,0.154269,-0.305150
6205,51.708000,1.992461,0.154265,-0.308434
6206,51.717000,1.994723,0.154431,-0.311746
6207,51.725000,1.997299,0.154556,-0.315226
6208,51.733000,1.999983,0.154489,-0.318423
6209,51.742000,2.003060,0.154528,-0.321744
6210,51.750000,2.006146,0.154587,-0.325061
6211,51.758000,2.009277,0.154548,-0.327995
6212,51.767000,2.012252,0.154618,-0.330688
6213,51.775000,2.015074,0.154277,-0.332658
6214,51.783000,2.017624,0.154395,-0.334846
6215,51.792000,2.019437,0.154389,-0.337095
6216,51.800000,2.021338,0.154443,-0.339451
6217,51.808000,2.022791,0.154426,-0.341890
6218,51.817000,2.023904,0.154387,-0.344752
6219,51.825000,2.025324,0.154579,-0.348082
6220,51.833000,2.026675,0.154633,-0.351360
6221,51.842000,2.028237,0.154676,-0.355163
6222,51.850000,2.030010,0.154662,-0.358653
6223,51.858000,2.031964,0.154763,-0.362292
6224,51.867000,2.034100,0.154864,-0.365831
6225,51.875000,2.036358,0.154815,-0.369133
6226,51.883000,2.038905,0.154688,-0.372327
6227,51.892000,2.041249,0.154453,-0.374989
6228,51.900000,2.043713,0.154168,-0.377656
6229,51.908000,2.045092,0.154173,-0.379935
6230,51.917000,2.046258,0.154262,-0.382006
6231,51.925000,2.047679,0.154261,-0.384682
6232,51.933000,2.048622,0.154059,-0.387143
6233,51.942000,2.049351,0.154173,-0.390130
6234,51.950000,2.049797,0.154210,-0.393488
6235,51.958000,2.050372,0.154331,-0.397033
6236,51.967000,2.051617,0.154303,-0.400801
6237,51.975000,2.052782,0.154286,-0.404644
6238,51.983000,2.054373,0.154223,-0.408449
6239,51.992000,2.056009,0.154290,-0.412129
6240,52.000000,2.057956,0.154308,-0.415754
6241,52.008000,2.060130,0.154285,-0.419102
6242,52.017000,2.062138,0.154301,-0.422005
6243,52.025000,2.064018,0.154040,-0.424677
6244,52.033000,2.065257,0.154129,-0.427212
6245,52.042000,2.066284,0.154117,-0.429634
6246,52.050000,2.067296,0.154148,-0.432595
6247,52.058000,2.067849,0.154135,-0.435254
6248,52.067000,2.068327,0.153969,-0.438345
6249,52.075000,2.068685,0.154053,-0.441820
6250,52.083000,2.069162,0.154047,-0.445293
6251,52.092000,2.069990,0.154145,-0.449321
6252,52.100000,2.070863,0.154265,-0.453111
6253,52.108000,2.072222,0.154341,-0.457161
6254,52.117000,2.073627,0.154266,-0.460839
6255,52.125000,2.075116,0.154283,-0.464686
6256,52.133000,2.076633,0.154315,-0.468063
6257,52.142000,2.078380,0.154305,-0.471347
6258,52.150000,2.079937,0.154270,-0.474059
6259,52.158000,2.081169,0.154244,-0.476757
6260,52.167000,2.081952,0.154119,-0.479346
6261,52.175000,2.082516,0.154075,-0.481977
6262,52.183000,2.082990,0.154102,-0.484886
6263,52.192000,2.083002,0.153956,-0.488004
6264,52.200000,2.083001,0.153967,-0.491021
6265,52.208000,2.083246,0.153854,-0.494705
6266,52.217000,2.083497,0.153694,-0.498232
6267,52.225000,2.083771,0.153891,-0.502519
6268,52.233000,2.084224,0.154129,-0.506532
6269,52.242000,2.085184,0.154213,-0.510659
6270,52.250000,2.085983,0.154150,-0.514406
6271,52.258000,2.086982,0.154090,-0.517952
6272,52.267000,2.087917,0.154202,-0.521078
6273,52.275000,2.089122,0.154223,-0.524150
6274,52.283000,2.090033,0.154108,-0.527098
6275,52.292000,2.090323,0.154100,-0.529549
6276,52.300000,2.090363,0.153998,-0.532226
6277,52.308000,2.090360,0.153989,-0.535129
6278,52.317000,2.090036,0.153944,-0.538183
6279,52.325000,2.089634,0.154085,-0.541693
6280,52.333000,2.089234,0.154177,-0.545400
6281,52.342000,2.088900,0.154123,-0.549368
6282,52.350000,2.088885,0.154202,-0.553425
6283,52.358000,2.088874,0.154238,-0.557552
6284,52.367000,2.089175,0.154399,-0.561597
6285,52.375000,2.089775,0.154324,-0.565488
6286,52.383000,2.090447,0.154377,-0.569310
6287,52.392000,2.091435,0.154299,-0.572792
6288,52.400000,2.092346,0.154310,-0.575840
6289,52.408000,2.092755,0.154369,-0.578723
6290,52.417000,2.093000,0.154193,-0.581557
6291,52.425000,2.092889,0.154166,-0.584213
6292,52.433000,2.092610,0.154163,-0.587143
6293,52.442000,2.091954,0.154133,-0.590222
6294,52.450000,2.091166,0.154174,-0.593524
6295,52.458000,2.090344,0.154241,-0.597239
6296,52.467000,2.089606,0.154443,-0.601125
6297,52.475000,2.089000,0.154432,-0.605059
6298,52.483000,2.088655,0.154707,-0.609324
6299,52.492000,2.088698,0.154612,-0.613323
6300,52.500000,2.088835,0.154661,-0.617264
6301,52.508000,2.088778,0.154612,-0.621091
6302,52.517000,2.089049,0.154510,-0.624748
6303,52.525000,2.089392,0.154200,-0.628357
6304,52.533000,2.089553,0.153806,-0.631462
6305,52.542000,2.089259,0.153595,-0.634342
6306,52.550000,2.088636,0.153827,-0.636890
6307,52.558000,2.087872,0.154052,-0.639666
6308,52.567000,2.086999,0.153853,-0.642525
6309,52.575000,2.085527,0.153922,-0.645580
6310,52.583000,2.084093,0.153927,-0.648790
6311,52.592000,2.082975,0.154068,-0.652460
6312,52.600000,2.081842,0.154284,-0.656168
6313,52.608000,2.081003,0.154375,-0.660217
6314,52.617000,2.080409,0.154482,-0.664132
6315,52.625000,2.080036,0.154287,-0.667813
6316,52.633000,2.079682,0.154432,-0.671586
6317,52.642000,2.079584,0.154453,-0.675131
6318,52.650000,2.079627,0.154500,-0.678235
6319,52.658000,2.079597,0.154350,-0.681249
6320,52.667000,2.078926,0.154218,-0.683854
6321,52.675000,2.077755,0.154249,-0.686084
6322,52.683000,2.076438,0.154146,-0.688535
6323,52.692000,2.075039,0.154336,-0.691156
6324,52.700000,2.073285,0.154630,-0.694090
6325,52.708000,2.071679,0.154602,-0.697418
6326,52.717000,2.069889,0.154580,-0.701018
6327,52.725000,2.068276,0.154485,-0.704730
6328,52.733000,2.066925,0.154741,-0.708758
6329,52.742000,2.065958,0.154843,-0.712658
6330,52.750000,2.065098,0.154926,-0.716351
6331,52.758000,2.064481,0.154883,-0.720241
6332,52.767000,2.063740,0.154950,-0.723734
6333,52.775000,2.063193,0.154858,-0.726886
6334,52.783000,2.062739,0.154882,-0.729972
6335,52.792000,2.061744,0.154873,-0.732419
6336,52.800000,2.060502,0.154845,-0.734850
6337,52.808000,2.058887,0.154811,-0.737281
6338,52.817000,2.057201,0.154829,-0.739813
6339,52.825000,2.055281,0.154633,-0.742755
6340,52.833000,2.053138,0.154832,-0.745938
6341,52.842000,2.050978,0.154929,-0.749243
6342,52.850000,2.049167,0.154944,-0.752807
6343,52.858000,2.047560,0.154885,-0.756343
6344,52.867000,2.046010,0.154838,-0.760066
6345,52.875000,2.044362,0.155010,-0.763971
6346,52.883000,2.043130,0.155034,-0.767761
6347,52.892000,2.041954,0.155124,-0.771117
6348,52.900000,2.040956,0.155088,-0.774027
6349,52.908000,2.040212,0.155077,-0.776659
6350,52.917000,2.039018,0.154885,-0.779182
6351,52.925000,2.037303,0.154950,-0.781410
6352,52.933000,2.035416,0.155055,-0.783555
6353,52.942000,2.033359,0.154968,-0.786049
6354,52.950000,2.031116,0.154753,-0.788378
6355,52.958000,2.028562,0.154754,-0.791170
6356,52.967000,2.025851,0.154842,-0.794048
6357,52.975000,2.023390,0.154822,-0.797501
6358,52.983000,2.021138,0.154912,-0.800771
6359,52.992000,2.019268,0.154967,-0.804280
6360,53.000000,2.017732,0.155070,-0.807607
6361,53.008000,2.016450,0.155079,-0.811270
6362,53.017000,2.015125,0.155269,-0.814623
6363,53.025000,2.014268,0.155344,-0.817537
6364,53.033000,2.013186,0.155173,-0.820029
6365,53.042000,2.012157,0.155143,-0.822346
6366,53.050000,2.010508,0.155192,-0.824490
6367,53.058000,2.008756,0.155174,-0.826511
6368,53.067000,2.006573,0.155316,-0.828555
6369,53.075000,2.004299,0.155292,-0.830700
6370,53.083000,2.001945,0.155255,-0.833265
6371,53.092000,1.999600,0.155253,-0.835819
6372,53.100000,1.997103,0.155351,-0.838690
6373,53.108000,1.994814,0.155323,-0.841762
6374,53.117000,1.992678,0.155358,-0.844833
6375,53.125000,1.990963,0.155453,-0.847722
6376,53.133000,1.989446,0.155603,-0.850809
6377,53.142000,1.988210,0.155760,-0.853604
6378,53.150000,1.987151,0.155675,-0.856239
6379,53.158000,1.986198,0.155605,-0.858243
6380,53.167000,1.985095,0.155500,-0.860050
6381,53.175000,1.983632,0.155495,-0.861654
6382,53.183000,1.982009,0.155466,-0.863044
6383,53.192000,1.980092,0.155470,-0.864499
6384,53.200000,1.977981,0.155502,-0.865994
6385,53.208000,1.975732,0.155379,-0.867764
6386,53.217000,1.973420,0.155501,-0.869732
6387,53.225000,1.970997,0.155599,-0.871857
6388,53.233000,1.968827,0.155635,-0.874160
6389,53.242000,1.966737,0.155578,-0.876658
6390,53.250000,1.964867,0.155613,-0.879207
6391,53.258000,1.963367,0.155790,-0.881639
6392,53.267000,1.962059,0.155828,-0.884002
6393,53.275000,1.960779,0.155689,-0.886153
6394,53.283000,1.959680,0.155596,-0.888027
6395,53.292000,1.958332,0.155487,-0.889792
6396,53.300000,1.956658,0.155471,-0.891203
6397,53.308000,1.954837,0.155544,-0.892425
6398,53.317000,1.952693,0.155585,-0.893568
6399,53.325000,1.950453,0.155597,-0.894792
6400,53.333000,1.947890,0.155469,-0.896370
6401,53.342000,1.945135,0.155534,-0.898244
6402,53.350000,1.942467,0.155647,-0.900405
6403,53.358000,1.939927,0.155794,-0.902756
6404,53.367000,1.937382,0.155873,-0.905173
6405,53.375000,1.935026,0.155884,-0.907835
6406,53.383000,1.932924,0.155900,-0.910469
6407,53.392000,1.931100,0.155926,-0.913024
6408,53.400000,1.929460,0.155974,-0.915444
6409,53.408000,1.927974,0.156030,-0.917471
6410,53.417000,1.926301,0.156034,-0.919146
6411,53.425000,1.924336,0.155961,-0.920608
6412,53.433000,1.922166,0.155847,-0.921906
6413,53.442000,1.919596,0.155883,-0.923116
6414,53.450000,1.916808,0.156030,-0.924454
6415,53.458000,1.913861,0.156030,-0.926017
6416,53.467000,1.910801,0.156100,-0.927849
6417,53.475000,1.907614,0.156176,-0.929847
6418,53.483000,1.904666,0.156225,-0.932015
6419,53.492000,1.901731,0.156407,-0.934423
6420,53.500000,1.898935,0.156583,-0.936960
6421,53.508000,1.896441,0.156743,-0.939448
6422,53.517000,1.894302,0.156829,-0.941735
6423,53.525000,1.892349,0.156622,-0.944033
6424,53.533000,1.890583,0.156440,-0.946154
6425,53.542000,1.888679,0.156413,-0.947725
6426,53.550000,1.886617,0.156450,-0.948935
6427,53.558000,1.884325,0.156418,-0.950167
6428,53.567000,1.881706,0.156395,-0.951204
6429,53.575000,1.878842,0.156418,-0.952547
6430,53.583000,1.875779,0.156474,-0.953818
6431,53.592000,1.872479,0.156449,-0.955252
6432,53.600000,1.869075,0.156415,-0.957029
6433,53.608000,1.865778,0.156506,-0.959038
6434,53.617000,1.862612,0.156375,-0.961351
6435,53.625000,1.859464,0.156330,-0.963912
6436,53.633000,1.856710,0.156427,-0.966334
6437,53.642000,1.854491,0.156630,-0.968729
6438,53.650000,1.852314,0.156665,-0.970654
6439,53.658000,1.850476,0.156645,-0.972515
6440,53.667000,1.848508,0.156669,-0.973980
6441,53.675000,1.846480,0.156565,-0.975286
6442,53.683000,1.843809,0.156534,-0.976511
6443,53.692000,1.840880,0.156478,-0.977486
6444,53.700000,1.837921,0.156719,-0.978365
6445,53.708000,1.834793,0.156837,-0.979124
6446,53.717000,1.831510,0.156659,-0.980213
6447,53.725000,1.828165,0.156665,-0.981736
6448,53.733000,1.824670,0.156830,-0.983509
6449,53.742000,1.821289,0.157027,-0.985439
6450,53.750000,1.818003,0.157121,-0.987645
6451,53.758000,1.815026,0.157154,-0.989752
6452,53.767000,1.812420,0.157172,-0.991857
6453,53.775000,1.810136,0.157111,-0.993848
6454,53.783000,1.807924,0.157006,-0.995561
6455,53.792000,1.805653,0.157078,-0.996899
6456,53.800000,1.803536,0.157135,-0.997901
6457,53.808000,1.801006,0.157082,-0.998593
6458,53.817000,1.798218,0.157032,-0.999154
6459,53.825000,1.795142,0.157043,-0.999758
6460,53.833000,1.791973,0.157148,-1.000427
6461,53.842000,1.788479,0.157052,-1.001173
6462,53.850000,1.785027,0.157046,-1.002310
6463,53.858000,1.781430,0.157218,-1.003725
6464,53.867000,1.778129,0.157427,-1.005261
6465,53.875000,1.774864,0.157562,-1.006948
6466,53.883000,1.771798,0.157561,-1.008669
6467,53.892000,1.769102,0.157661,-1.010320
6468,53.900000,1.766812,0.157602,-1.011962
6469,53.908000,1.764531,0.157554,-1.013538
6470,53.917000,1.762377,0.157549,-1.014482
6471,53.925000,1.760075,0.157545,-1.015057
6472,53.933000,1.757659,0.157593,-1.015402
6473,53.942000,1.755180,0.157508,-1.015633
6474,53.950000,1.752286,0.157512,-1.015678
6475,53.958000,1.749224,0.157631,-1.015915
6476,53.967000,1.745981,0.157630,-1.016298
6477,53.975000,1.742659,0.157481,-1.017035
6478,53.983000,1.739091,0.157606,-1.017606
6479,53.992000,1.735447,0.157833,-1.018488
6480,54.000000,1.732046,0.157966,-1.019775
6481,54.008000,1.728755,0.157987,-1.021181
6482,54.017000,1.725919,0.158008,-1.022376
6483,54.025000,1.723384,0.158034,-1.023754
6484,54.033000,1.721088,0.157956,-1.024939
6485,54.042000,1.718608,0.158089,-1.025584
6486,54.050000,1.716280,0.158058,-1.025913
6487,54.058000,1.713801,0.157997,-1.026033
6488,54.067000,1.710958,0.157995,-1.025763
6489,54.075000,1.707895,0.158022,-1.025479
6490,54.083000,1.704712,0.158125,-1.025607
6491,54.092000,1.701069,0.158082,-1.025424
6492,54.100000,1.697306,0.158113,-1.025716
6493,54.108000,1.693558,0.158220,-1.026135
6494,54.117000,1.689959,0.158314,-1.026946
6495,54.125000,1.686244,0.158402,-1.027797
6496,54.133000,1.682724,0.158547,-1.028726
6497,54.142000,1.679587,0.158741,-1.029689
6498,54.150000,1.676875,0.158731,-1.030762
6499,54.158000,1.674371,0.158723,-1.031646
6500,54.167000,1.671745,0.158640,-1.032098
6501,54.175000,1.669501,0.158561,-1.032340
6502,54.183000,1.667072,0.158577,-1.032312
6503,54.192000,1.664344,0.158591,-1.031857
6504,54.200000,1.661440,0.158683,-1.031312
6505,54.208000,1.658097,0.158624,-1.030710
6506,54.217000,1.654695,0.158658,-1.030431
6507,54.225000,1.650943,0.158674,-1.030067
6508,54.233000,1.647133,0.158784,-1.030096
6509,54.242000,1.643276,0.158869,-1.030299
6510,54.250000,1.639623,0.158905,-1.030790
6511,54.258000,1.635972,0.158854,-1.031537
6512,54.267000,1.632719,0.159014,-1.032042
6513,54.275000,1.629667,0.158873,-1.032706
6514,54.283000,1.626846,0.158908,-1.033166
6515,54.292000,1.624524,0.158985,-1.033576
6516,54.300000,1.622340,0.159115,-1.033580
6517,54.308000,1.619853,0.159071,-1.033241
6518,54.317000,1.617123,0.158854,-1.032926
6519,54.325000,1.613995,0.158705,-1.032465
6520,54.333000,1.610325,0.158557,-1.031924
6521,54.342000,1.606711,0.158509,-1.031520
6522,54.350000,1.603115,0.158677,-1.030901
6523,54.358000,1.599485,0.158777,-1.030698
6524,54.367000,1.595750,0.158923,-1.030722
6525,54.375000,1.592014,0.158910,-1.031059
6526,54.383000,1.588504,0.159027,-1.031585
6527,54.392000,1.585136,0.159240,-1.031953
6528,54.400000,1.582140,0.159377,-1.032331
6529,54.408000,1.579578,0.159281,-1.032769
6530,54.417000,1.576991,0.159238,-1.032689
6531,54.425000,1.574546,0.159232,-1.032524
6532,54.433000,1.572155,0.159320,-1.032083
6533,54.442000,1.569309,0.159288,-1.031321
6534,54.450000,1.566517,0.159249,-1.030479
6535,54.458000,1.563424,0.159264,-1.029410
6536,54.467000,1.560120,0.159316,-1.028383
6537,54.475000,1.556420,0.159259,-1.027663
6538,54.483000,1.552660,0.159362,-1.027062
6539,54.492000,1.548815,0.159523,-1.026830
6540,54.500000,1.545072,0.159490,-1.026935
6541,54.508000,1.541482,0.159539,-1.027135
6542,54.517000,1.538056,0.159563,-1.027378
6543,54.525000,1.534930,0.159739,-1.027657
6544,54.533000,1.532236,0.159795,-1.028122
6545,54.542000,1.529790,0.159812,-1.028163
6546,54.550000,1.527457,0.159726,-1.028051
6547,54.558000,1.525248,0.159720,-1.027646
6548,54.567000,1.522718,0.159707,-1.026857
6549,54.575000,1.520127,0.159659,-1.026044
6550,54.583000,1.517108,0.159683,-1.024914
6551,54.592000,1.513914,0.159659,-1.024239
6552,54.600000,1.510525,0.159653,-1.023419
6553,54.608000,1.506940,0.159733,-1.022922
6554,54.617000,1.503353,0.159885,-1.022690
6555,54.625000,1.499734,0.159958,-1.022770
6556,54.633000,1.496234,0.159956,-1.023067
6557,54.642000,1.492998,0.160088,-1.023614
6558,54.650000,1.490009,0.160098,-1.024118
6559,54.658000,1.487265,0.160057,-1.024620
6560,54.667000,1.484830,0.160190,-1.025081
6561,54.675000,1.482653,0.160134,-1.025246
6562,54.683000,1.480264,0.160050,-1.025018
6563,54.692000,1.477962,0.159871,-1.024580
6564,54.700000,1.475384,0.159835,-1.023956
6565,54.708000,1.472581,0.159847,-1.023295
6566,54.717000,1.469349,0.159718,-1.023065
6567,54.725000,1.465955,0.159768,-1.022532
6568,54.733000,1.462364,0.159844,-1.022018
6569,54.742000,1.458487,0.159944,-1.021996
6570,54.750000,1.454673,0.160118,-1.022093
6571,54.758000,1.451295,0.160111,-1.022351
6572,54.767000,1.448011,0.160165,-1.023216
6573,54.775000,1.444859,0.160279,-1.023788
6574,54.783000,1.442027,0.160394,-1.024249
6575,54.792000,1.439595,0.160468,-1.024948
6576,54.800000,1.437215,0.160469,-1.025086
6577,54.808000,1.435073,0.160393,-1.025020
6578,54.817000,1.432802,0.160488,-1.024621
6579,54.825000,1.430374,0.160486,-1.024070
6580,54.833000,1.427402,0.160466,-1.023445
6581,54.842000,1.424317,0.160514,-1.022871
6582,54.850000,1.421049,0.160523,-1.022186
6583,54.858000,1.417523,0.160468,-1.021875
6584,54.867000,1.413775,0.160602,-1.021721
6585,54.875000,1.410064,0.160620,-1.022001
6586,54.883000,1.406487,0.160783,-1.022442
6587,54.892000,1.403200,0.160778,-1.023071
6588,54.900000,1.400268,0.160799,-1.023733
6589,54.908000,1.397712,0.160903,-1.024429
6590,54.917000,1.395272,0.160974,-1.025001
6591,54.925000,1.392835,0.160986,-1.025239
6592,54.933000,1.390717,0.161024,-1.025290
6593,54.942000,1.388546,0.161010,-1.024941
6594,54.950000,1.385970,0.160959,-1.024436
6595,54.958000,1.383082,0.160995,-1.023743
6596,54.967000,1.379826,0.160994,-1.023129
6597,54.975000,1.376461,0.161091,-1.022632
6598,54.983000,1.372842,0.160996,-1.022229
6599,54.992000,1.369075,0.161118,-1.022142
6600,55.000000,1.365321,0.161158,-1.022394
6601,55.008000,1.361627,0.161183,-1.023029
6602,55.017000,1.358107,0.161245,-1.023706
6603,55.025000,1.354908,0.161315,-1.024371
6604,55.033000,1.352210,0.161305,-1.025241
6605,55.042000,1.349539,0.161324,-1.025819
6606,55.050000,1.347013,0.161358,-1.026211
6607,55.058000,1.344559,0.161335,-1.026173
6608,55.067000,1.342159,0.161306,-1.025974
6609,55.075000,1.339530,0.161244,-1.025373
6610,55.083000,1.336426,0.161323,-1.024728
6611,55.092000,1.333102,0.161344,-1.024198
6612,55.100000,1.329632,0.161366,-1.023798
6613,55.108000,1.325998,0.161373,-1.023430
6614,55.117000,1.322122,0.161441,-1.023381
6615,55.125000,1.318143,0.161409,-1.023597
6616,55.133000,1.314147,0.161297,-1.023971
6617,55.142000,1.310225,0.161157,-1.024703
6618,55.150000,1.307282,0.161394,-1.025529
6619,55.158000,1.304680,0.161752,-1.025821
6620,55.167000,1.301936,0.161680,-1.026635
6621,55.175000,1.299499,0.161426,-1.026961
6622,55.183000,1.297399,0.161504,-1.026730
6623,55.192000,1.295233,0.161612,-1.026607
6624,55.200000,1.292534,0.161648,-1.026223
6625,55.208000,1.289575,0.161550,-1.025293
6626,55.217000,1.286541,0.161684,-1.024853
6627,55.225000,1.283115,0.161721,-1.024248
6628,55.233000,1.279345,0.161590,-1.023916
6629,55.242000,1.275579,0.161705,-1.023839
6630,55.250000,1.271941,0.161830,-1.024089
6631,55.258000,1.268368,0.161849,-1.024432
6632,55.267000,1.264826,0.161836,-1.025022
6633,55.275000,1.261696,0.161880,-1.025762
6634,55.283000,1.258892,0.161936,-1.026440
6635,55.292000,1.256146,0.161987,-1.027065
6636,55.300000,1.253596,0.161957,-1.027457
6637,55.308000,1.251258,0.161945,-1.027455
6638,55.317000,1.248897,0.161870,-1.027172
6639,55.325000,1.246146,0.161828,-1.026597
6640,55.333000,1.243171,0.161924,-1.026020
6641,55.342000,1.239942,0.161883,-1.025495
6642,55.350000,1.236361,0.161793,-1.024889
6643,55.358000,1.232610,0.161853,-1.024528
6644,55.367000,1.228753,0.161944,-1.024451
6645,55.375000,1.224986,0.161984,-1.024683
6646,55.383000,1.221369,0.162153,-1.025339
6647,55.392000,1.217995,0.162118,-1.026045
6648,55.400000,1.214830,0.162141,-1.026801
6649,55.408000,1.212025,0.162147,-1.027697
6650,55.417000,1.209480,0.162073,-1.028372
6651,55.425000,1.206923,0.162080,-1.028718
6652,55.433000,1.204646,0.162024,-1.028811
6653,55.442000,1.202181,0.162063,-1.028456
6654,55.450000,1.199576,0.161994,-1.027972
6655,55.458000,1.196615,0.161934,-1.027408
6656,55.467000,1.193459,0.161985,-1.026723
6657,55.475000,1.190069,0.161950,-1.026124
6658,55.483000,1.186451,0.161988,-1.025855
6659,55.492000,1.182623,0.162142,-1.025890
6660,55.500000,1.178899,0.162153,-1.026149
6661,55.508000,1.175291,0.162275,-1.026676
6662,55.517000,1.171866,0.162286,-1.027362
6663,55.525000,1.168784,0.162308,-1.028029
6664,55.533000,1.166130,0.162252,-1.028683
6665,55.542000,1.163788,0.162081,-1.029245
6666,55.550000,1.161499,0.162037,-1.029726
6667,55.558000,1.158863,0.162094,-1.029634
6668,55.567000,1.156221,0.162212,-1.029310
6669,55.575000,1.153621,0.162137,-1.029044
6670,55.583000,1.150592,0.162086,-1.028535
6671,55.592000,1.147390,0.161882,-1.027737
6672,55.600000,1.143997,0.162004,-1.027371
6673,55.608000,1.140146,0.162050,-1.026952
6674,55.617000,1.136299,0.162178,-1.026961
6675,55.625000,1.132491,0.162180,-1.027294
6676,55.633000,1.128909,0.162061,-1.027767
6677,55.642000,1.125376,0.162164,-1.028451
6678,55.650000,1.122030,0.162359,-1.029255
6679,55.658000,1.119038,0.162416,-1.029947
6680,55.667000,1.116540,0.162321,-1.030735
6681,55.675000,1.114130,0.162334,-1.031171
6682,55.683000,1.111875,0.162313,-1.031199
6683,55.692000,1.109435,0.162329,-1.030983
6684,55.700000,1.106860,0.162236,-1.030637
6685,55.708000,1.103939,0.162262,-1.030165
6686,55.717000,1.100774,0.162229,-1.029538
6687,55.725000,1.097304,0.162119,-1.029055
6688,55.733000,1.093633,0.162106,-1.028729
6689,55.742000,1.089915,0.162230,-1.028735
6690,55.750000,1.086048,0.162189,-1.029009
6691,55.758000,1.082475,0.162273,-1.029535
6692,55.767000,1.079135,0.162287,-1.030267
6693,55.775000,1.076002,0.162379,-1.031045
6694,55.783000,1.073266,0.162421,-1.031897
6695,55.792000,1.070704,0.162483,-1.032701
6696,55.800000,1.068341,0.162470,-1.033170
6697,55.808000,1.066005,0.162428,-1.033219
6698,55.817000,1.063765,0.162341,-1.032904
6699,55.825000,1.061226,0.162283,-1.032505
6700,55.833000,1.058293,0.162193,-1.031766
6701,55.842000,1.055004,0.162210,-1.031138
6702,55.850000,1.051492,0.162224,-1.030635
6703,55.858000,1.047783,0.162112,-1.030323
6704,55.867000,1.043993,0.162171,-1.030347
6705,55.875000,1.040082,0.162168,-1.030611
6706,55.883000,1.036379,0.162198,-1.031197
6707,55.892000,1.032826,0.162265,-1.031898
6708,55.900000,1.029660,0.162285,-1.032721
6709,55.908000,1.026708,0.162237,-1.033512
6710,55.917000,1.024085,0.162310,-1.034158
6711,55.925000,1.021594,0.162309,-1.034582
6712,55.933000,1.019121,0.162275,-1.034707
6713,55.942000,1.016714,0.162180,-1.034418
6714,55.950000,1.014001,0.162094,-1.033895
6715,55.958000,1.010914,0.161865,-1.033077
6716,55.967000,1.007394,0.161626,-1.032379
6717,55.975000,1.003576,0.161335,-1.031911
6718,55.983000,0.999457,0.161095,-1.032041
6719,55.992000,0.995175,0.161089,-1.031904
6720,56.000000,0.991424,0.161296,-1.032202
6721,56.008000,0.987479,0.161318,-1.033168
6722,56.017000,0.983715,0.161351,-1.033947
6723,56.025000,0.980466,0.161419,-1.034727
6724,56.033000,0.977710,0.161407,-1.035911
6725,56.042000,0.975111,0.161591,-1.036662
6726,56.050000,0.972530,0.161552,-1.037330
6727,56.058000,0.970047,0.161606,-1.037836
6728,56.067000,0.967745,0.161728,-1.037799
6729,56.075000,0.965127,0.161758,-1.037421
6730,56.083000,0.962225,0.161579,-1.037250
6731,56.092000,0.958881,0.161746,-1.036929
6732,56.100000,0.955340,0.161849,-1.036587
6733,56.108000,0.951604,0.161817,-1.036841
6734,56.117000,0.947671,0.161944,-1.037206
6735,56.125000,0.943956,0.161961,-1.037796
6736,56.133000,0.940245,0.161925,-1.039007
6737,56.142000,0.936591,0.161875,-1.040396
6738,56.150000,0.933353,0.161964,-1.041783
6739,56.158000,0.930480,0.161930,-1.043277
6740,56.167000,0.927887,0.161990,-1.044659
6741,56.175000,0.925292,0.162022,-1.045877
6742,56.183000,0.922800,0.161973,-1.046622
6743,56.192000,0.920412,0.161909,-1.047081
6744,56.200000,0.917984,0.161935,-1.047467
6745,56.208000,0.915254,0.162034,-1.047604
6746,56.217000,0.912128,0.162005,-1.047887
6747,56.225000,0.908767,0.162016,-1.048263
6748,56.233000,0.905235,0.162099,-1.048908
6749,56.242000,0.901661,0.162089,-1.049791
6750,56.250000,0.897952,0.162200,-1.051193
6751,56.258000,0.894644,0.162231,-1.052714
6752,56.267000,0.891534,0.162315,-1.054348
6753,56.275000,0.888653,0.162526,-1.056074
6754,56.283000,0.886268,0.162473,-1.057967
6755,56.292000,0.884039,0.162480,-1.059693
6756,56.300000,0.882070,0.162455,-1.061033
6757,56.308000,0.880296,0.162464,-1.062051
6758,56.317000,0.878672,0.162336,-1.062569
6759,56.325000,0.876856,0.162214,-1.062734
6760,56.333000,0.874826,0.162085,-1.062944
6761,56.342000,0.871906,0.162306,-1.063653
6762,56.350000,0.868296,0.162337,-1.064276
6763,56.358000,0.864652,0.162164,-1.065557
6764,56.367000,0.861095,0.162181,-1.067001
6765,56.375000,0.857747,0.162143,-1.068259
6766,56.383000,0.854525,0.162257,-1.069903
6767,56.392000,0.851379,0.162601,-1.071674
6768,56.400000,0.848342,0.162800,-1.073466
6769,56.408000,0.845701,0.162722,-1.075630
6770,56.417000,0.843188,0.162594,-1.077726
6771,56.425000,0.841210,0.162427,-1.079202
6772,56.433000,0.839204,0.162505,-1.080420
6773,56.442000,0.837116,0.162358,-1.081419
6774,56.450000,0.834684,0.162227,-1.082072
6775,56.458000,0.831996,0.162274,-1.082601
6776,56.467000,0.829037,0.162382,-1.083028
6777,56.475000,0.825480,0.162598,-1.083372
6778,56.483000,0.821698,0.162896,-1.083963
6779,56.492000,0.817906,0.162702,-1.084837
6780,56.500000,0.814229,0.162732,-1.086318
6781,56.508000,0.810912,0.162671,-1.087931
6782,56.517000,0.807604,0.162805,-1.089738
6783,56.525000,0.804627,0.162870,-1.091532
6784,56.533000,0.802047,0.162746,-1.093388
6785,56.542000,0.799644,0.162676,-1.095055
6786,56.550000,0.797321,0.162506,-1.096603
6787,56.558000,0.795101,0.162696,-1.097352
6788,56.567000,0.792923,0.162926,-1.097741
6789,56.575000,0.790282,0.162763,-1.098153
6790,56.583000,0.787425,0.162642,-1.098612
6791,56.592000,0.784390,0.162773,-1.098938
6792,56.600000,0.781069,0.162833,-1.099354
6793,56.608000,0.777421,0.162713,-1.100290
6794,56.617000,0.773877,0.162838,-1.101156
6795,56.625000,0.770171,0.162979,-1.102388
6796,56.633000,0.766745,0.163013,-1.103612
6797,56.642000,0.763415,0.163206,-1.105343
6798,56.650000,0.760630,0.163271,-1.106825
6799,56.658000,0.758071,0.163245,-1.108446
6800,56.667000,0.755944,0.163100,-1.110212
6801,56.675000,0.753805,0.163111,-1.111376
6802,56.683000,0.751713,0.163018,-1.112151
6803,56.692000,0.749455,0.163151,-1.112476
6804,56.700000,0.747072,0.163185,-1.112595
6805,56.708000,0.744302,0.163132,-1.112912
6806,56.717000,0.741195,0.163073,-1.113326
6807,56.725000,0.738050,0.163212,-1.113572
6808,56.733000,0.734550,0.163240,-1.114195
6809,56.742000,0.730907,0.163279,-1.115205
6810,56.750000,0.727604,0.163319,-1.116384
6811,56.758000,0.724422,0.163463,-1.117904
6812,56.767000,0.721329,0.163617,-1.119388
6813,56.775000,0.718671,0.163883,-1.121092
6814,56.783000,0.716489,0.163885,-1.122684
6815,56.792000,0.714251,0.163725,-1.124565
6816,56.800000,0.712171,0.163568,-1.125708
6817,56.808000,0.710123,0.163627,-1.126415
6818,56.817000,0.707972,0.163901,-1.126741
6819,56.825000,0.705469,0.163779,-1.127074
6820,56.833000,0.702673,0.163638,-1.127396
6821,56.842000,0.699575,0.163903,-1.127587
6822,56.850000,0.696389,0.163817,-1.128152
6823,56.858000,0.692913,0.163773,-1.128844
6824,56.867000,0.689223,0.164138,-1.129633
6825,56.875000,0.685764,0.164089,-1.130818
6826,56.883000,0.682415,0.164090,-1.132315
6827,56.892000,0.679157,0.164281,-1.133755
6828,56.900000,0.676145,0.164496,-1.135195
6829,56.908000,0.673549,0.164299,-1.137077
6830,56.917000,0.671089,0.164258,-1.138678
6831,56.925000,0.668989,0.163989,-1.140068
6832,56.933000,0.666834,0.164093,-1.140683
6833,56.942000,0.664544,0.164078,-1.141324
6834,56.950000,0.661905,0.164132,-1.141767
6835,56.958000,0.658960,0.164210,-1.142040
6836,56.967000,0.655858,0.164125,-1.142485
6837,56.975000,0.652530,0.164333,-1.142744
6838,56.983000,0.649019,0.164266,-1.143516
6839,56.992000,0.645379,0.164232,-1.144518
6840,57.000000,0.641734,0.164555,-1.145677
6841,57.008000,0.638207,0.164542,-1.147080
6842,57.017000,0.634976,0.164788,-1.148539
6843,57.025000,0.632185,0.164811,-1.150196
6844,57.033000,0.629576,0.164775,-1.151933
6845,57.042000,0.627270,0.164465,-1.153752
6846,57.050000,0.625056,0.164584,-1.155033
6847,57.058000,0.622841,0.164645,-1.155701
6848,57.067000,0.620528,0.164584,-1.156105
6849,57.075000,0.617907,0.164507,-1.156574
6850,57.083000,0.615077,0.164585,-1.156630
6851,57.092000,0.611899,0.164607,-1.156913
6852,57.100000,0.608541,0.164490,-1.157588
6853,57.108000,0.604839,0.164745,-1.158025
6854,57.117000,0.601185,0.164845,-1.159049
6855,57.125000,0.597856,0.164933,-1.160266
6856,57.133000,0.594460,0.164964,-1.161846
6857,57.142000,0.591167,0.165050,-1.163548
6858,57.150000,0.588260,0.165261,-1.165115
6859,57.158000,0.585887,0.165239,-1.166939
6860,57.167000,0.583433,0.165039,-1.169193
6861,57.175000,0.581109,0.165024,-1.170473
6862,57.183000,0.578983,0.165154,-1.171276
6863,57.192000,0.576685,0.165336,-1.171877
6864,57.200000,0.574151,0.165001,-1.172376
6865,57.208000,0.571437,0.164881,-1.172558
6866,57.217000,0.568179,0.165206,-1.172883
6867,57.225000,0.564879,0.165029,-1.173561
6868,57.233000,0.561430,0.165144,-1.174213
6869,57.242000,0.557817,0.165313,-1.175107
6870,57.250000,0.554429,0.165227,-1.176404
6871,57.258000,0.551087,0.165395,-1.177991
6872,57.267000,0.547807,0.165624,-1.179260
6873,57.275000,0.545018,0.165640,-1.181019
6874,57.283000,0.542515,0.165739,-1.182651
6875,57.292000,0.540163,0.165574,-1.184596
6876,57.300000,0.537968,0.165319,-1.185868
6877,57.308000,0.536038,0.165427,-1.186631
6878,57.317000,0.533929,0.165526,-1.187211
6879,57.325000,0.531691,0.165392,-1.187844
6880,57.333000,0.528887,0.165126,-1.188359
6881,57.342000,0.525583,0.165413,-1.188621
6882,57.350000,0.522312,0.165455,-1.188983
6883,57.358000,0.518728,0.165383,-1.189797
6884,57.367000,0.515132,0.165497,-1.190788
6885,57.375000,0.511861,0.165432,-1.192025
6886,57.383000,0.508391,0.165591,-1.193514
6887,57.392000,0.505211,0.165831,-1.194872
6888,57.400000,0.502364,0.165932,-1.196571
6889,57.408000,0.499894,0.165788,-1.198471
6890,57.417000,0.497512,0.165684,-1.200204
6891,57.425000,0.495435,0.165529,-1.201554
6892,57.433000,0.493173,0.165712,-1.202243
6893,57.442000,0.490934,0.165634,-1.202819
6894,57.450000,0.488526,0.165701,-1.202993
6895,57.458000,0.485741,0.165774,-1.203198
6896,57.467000,0.482322,0.165705,-1.203679
6897,57.475000,0.478821,0.165653,-1.204189
6898,57.483000,0.474909,0.165665,-1.204971
6899,57.492000,0.470996,0.165837,-1.206042
6900,57.500000,0.467386,0.165681,-1.207734
6901,57.508000,0.463579,0.165625,-1.209342
6902,57.517000,0.460001,0.165879,-1.211115
6903,57.525000,0.456988,0.165943,-1.212929
6904,57.533000,0.454185,0.166129,-1.214647
6905,57.542000,0.451699,0.166121,-1.216118
6906,57.550000,0.449368,0.166152,-1.217440
6907,57.558000,0.446928,0.166075,-1.218326
6908,57.567000,0.444387,0.166133,-1.218976
6909,57.575000,0.441779,0.166258,-1.219547
6910,57.583000,0.438797,0.166253,-1.219932
6911,57.592000,0.435486,0.166234,-1.220358
6912,57.600000,0.431820,0.166309,-1.220873
6913,57.608000,0.428100,0.166193,-1.221710
6914,57.617000,0.424237,0.166364,-1.222780
6915,57.625000,0.420228,0.166280,-1.223952
6916,57.633000,0.416327,0.166173,-1.225366
6917,57.642000,0.412740,0.166051,-1.226852
6918,57.650000,0.409415,0.166193,-1.228502
6919,57.658000,0.406694,0.166340,-1.230183
6920,57.667000,0.404247,0.166505,-1.231851
6921,57.675000,0.401958,0.166455,-1.233161
6922,57.683000,0.399798,0.166492,-1.234252
6923,57.692000,0.397528,0.166508,-1.235081
6924,57.700000,0.395014,0.166529,-1.235604
6925,57.708000,0.392122,0.166592,-1.236024
6926,57.717000,0.389049,0.166653,-1.236485
6927,57.725000,0.385590,0.166669,-1.236944
6928,57.733000,0.381788,0.166774,-1.237813
6929,57.742000,0.378182,0.166964,-1.238891
6930,57.750000,0.374344,0.166993,-1.240376
6931,57.758000,0.370825,0.167078,-1.241832
6932,57.767000,0.367411,0.166905,-1.243684
6933,57.775000,0.364219,0.166989,-1.245548
6934,57.783000,0.361499,0.167044,-1.247493
6935,57.792000,0.358954,0.167126,-1.249183
6936,57.800000,0.356707,0.167098,-1.250362
6937,57.808000,0.354580,0.167146,-1.251338
6938,57.817000,0.352285,0.167242,-1.251927
6939,57.825000,0.349655,0.167117,-1.252411
6940,57.833000,0.346674,0.167225,-1.252726
6941,57.842000,0.343512,0.167308,-1.253132
6942,57.850000,0.340191,0.167129,-1.253674
6943,57.858000,0.336775,0.167099,-1.254451
6944,57.867000,0.333126,0.167288,-1.255465
6945,57.875000,0.329189,0.167492,-1.256788
6946,57.883000,0.325667,0.167657,-1.258330
6947,57.892000,0.322242,0.167651,-1.260039
6948,57.900000,0.319237,0.167780,-1.261800
6949,57.908000,0.316429,0.167901,-1.263512
6950,57.917000,0.313849,0.167734,-1.265281
6951,57.925000,0.311545,0.167794,-1.266622
6952,57.933000,0.309530,0.167905,-1.267406
6953,57.942000,0.307155,0.167924,-1.268248
6954,57.950000,0.304449,0.167744,-1.268953
6955,57.958000,0.301254,0.167813,-1.269284
6956,57.967000,0.298230,0.167830,-1.269840
6957,57.975000,0.294690,0.167877,-1.270437
6958,57.983000,0.291111,0.167915,-1.271052
6959,57.992000,0.287477,0.167891,-1.272106
6960,58.000000,0.283625,0.167947,-1.273291
6961,58.008000,0.280030,0.167854,-1.274838
6962,58.017000,0.276644,0.167920,-1.276590
6963,58.025000,0.273479,0.168090,-1.278439
6964,58.033000,0.270634,0.168181,-1.280469
6965,58.042000,0.267935,0.168179,-1.282407
6966,58.050000,0.265571,0.168214,-1.283820
6967,58.058000,0.263301,0.168259,-1.284901
6968,58.067000,0.260877,0.168304,-1.285704
6969,58.075000,0.258209,0.168294,-1.286309
6970,58.083000,0.255162,0.168485,-1.286695
6971,58.092000,0.251887,0.168387,-1.287139
6972,58.100000,0.248321,0.168379,-1.287732
6973,58.108000,0.244677,0.168420,-1.288594
6974,58.117000,0.240911,0.168503,-1.289644
6975,58.125000,0.237127,0.168621,-1.291062
6976,58.133000,0.233425,0.168613,-1.292776
6977,58.142000,0.230020,0.168680,-1.294604
6978,58.150000,0.226933,0.168756,-1.296584
6979,58.158000,0.224168,0.168657,-1.298375
6980,58.167000,0.221769,0.168520,-1.300198
6981,58.175000,0.219139,0.168602,-1.301396
6982,58.183000,0.216478,0.168598,-1.302439
6983,58.192000,0.213585,0.168755,-1.303140
6984,58.200000,0.210624,0.168733,-1.303693
6985,58.208000,0.207365,0.168724,-1.304232
6986,58.217000,0.203810,0.168789,-1.304700
6987,58.225000,0.199784,0.168760,-1.305224
6988,58.233000,0.195810,0.168895,-1.306133
6989,58.242000,0.191868,0.169057,-1.307081
6990,58.250000,0.187815,0.169167,-1.308329
6991,58.258000,0.183872,0.169150,-1.309925
6992,58.267000,0.180085,0.169142,-1.311411
6993,58.275000,0.176573,0.169269,-1.312984
6994,58.283000,0.173397,0.169348,-1.314720
6995,58.292000,0.170482,0.169311,-1.316022
6996,58.300000,0.167829,0.169310,-1.317102
6997,58.308000,0.165191,0.169422,-1.317737
6998,58.317000,0.162525,0.169487,-1.318035
6999,58.325000,0.159532,0.169558,-1.318117
7000,58.333000,0.156392,0.169459,-1.317906
7001,58.342000,0.152986,0.169607,-1.317807
7002,58.350000,0.149260,0.169605,-1.317618
7003,58.358000,0.145360,0.169542,-1.317683
7004,58.367000,0.141385,0.169811,-1.317913
7005,58.375000,0.137414,0.169859,-1.318494
7006,58.383000,0.133559,0.169805,-1.319164
7007,58.392000,0.129840,0.169912,-1.319978
7008,58.400000,0.126616,0.169950,-1.320885
7009,58.408000,0.123727,0.170172,-1.321740
7010,58.417000,0.121145,0.170095,-1.322384
7011,58.425000,0.118678,0.170053,-1.322623
7012,58.433000,0.116218,0.170173,-1.322537
7013,58.442000,0.113822,0.170188,-1.322199
7014,58.450000,0.111017,0.170123,-1.321621
7015,58.458000,0.108207,0.170149,-1.320765
7016,58.467000,0.104952,0.170227,-1.319939
7017,58.475000,0.101568,0.170202,-1.319212
7018,58.483000,0.097909,0.170133,-1.318522
7019,58.492000,0.094219,0.170195,-1.318151
7020,58.500000,0.090781,0.170334,-1.318125
7021,58.508000,0.087242,0.170411,-1.318496
7022,58.517000,0.083804,0.170304,-1.319075
7023,58.525000,0.080460,0.170230,-1.319820
7024,58.533000,0.077659,0.170174,-1.320645
7025,58.542000,0.075432,0.170420,-1.321171
7026,58.550000,0.073340,0.170496,-1.321430
7027,58.558000,0.070994,0.170348,-1.321402
7028,58.567000,0.068874,0.170398,-1.321058
7029,58.575000,0.066620,0.170536,-1.320585
7030,58.583000,0.063815,0.170518,-1.320009
7031,58.592000,0.060707,0.170478,-1.319363
7032,58.600000,0.057521,0.170586,-1.318739
7033,58.608000,0.053903,0.170417,-1.318165
7034,58.617000,0.050125,0.170492,-1.318101
7035,58.625000,0.046241,0.170495,-1.318450
7036,58.633000,0.042422,0.170509,-1.319032
7037,58.642000,0.038832,0.170547,-1.319624
7038,58.650000,0.035543,0.170584,-1.320434
7039,58.658000,0.032431,0.170714,-1.321334
7040,58.667000,0.029721,0.170720,-1.322090
7041,58.675000,0.027107,0.170629,-1.322624
7042,58.683000,0.024610,0.170588,-1.322804
7043,58.692000,0.022143,0.170567,-1.322821
7044,58.700000,0.019437,0.170633,-1.322583
7045,58.708000,0.016574,0.170613,-1.322093
7046,58.717000,0.013256,0.170722,-1.321689
7047,58.725000,0.009738,0.170762,-1.321434
7048,58.733000,0.005909,0.170780,-1.321184
7049,58.742000,0.001992,0.170901,-1.321188
7050,58.750000,-0.001926,0.170959,-1.321527
7051,58.758000,-0.005963,0.170903,-1.322135
7052,58.767000,-0.009770,0.170929,-1.322913
7053,58.775000,-0.013345,0.170966,-1.323907
7054,58.783000,-0.016504,0.171088,-1.324869
7055,58.792000,-0.019358,0.171009,-1.326034
7056,58.800000,-0.022063,0.170988,-1.326751
7057,58.808000,-0.024689,0.171123,-1.327160
7058,58.817000,-0.027225,0.171145,-1.327283
7059,58.825000,-0.029858,0.171253,-1.327101
7060,58.833000,-0.032678,0.171207,-1.326741
7061,58.842000,-0.035953,0.171265,-1.326395
7062,58.850000,-0.039285,0.171330,-1.326066
7063,58.858000,-0.043078,0.171484,-1.325705
7064,58.867000,-0.046954,0.171390,-1.325755
7065,58.875000,-0.050796,0.171575,-1.325877
7066,58.883000,-0.054729,0.171679,-1.326479
7067,58.892000,-0.058499,0.171811,-1.327364
7068,58.900000,-0.062153,0.171954,-1.328307
7069,58.908000,-0.065131,0.172008,-1.329369
7070,58.917000,-0.067852,0.172083,-1.330587
7071,58.925000,-0.070355,0.171744,-1.331838
7072,58.933000,-0.072937,0.171763,-1.332386
7073,58.942000,-0.075678,0.172078,-1.332403
7074,58.950000,-0.078268,0.172113,-1.332378
7075,58.958000,-0.080922,0.172147,-1.332058
7076,58.967000,-0.083928,0.172069,-1.331663
7077,58.975000,-0.087426,0.172177,-1.331502
7078,58.983000,-0.091052,0.172373,-1.331280
7079,58.992000,-0.094880,0.172529,-1.331197
7080,59.000000,-0.098790,0.172756,-1.331551
7081,59.008000,-0.102591,0.172443,-1.332272
7082,59.017000,-0.106458,0.172776,-1.333119
7083,59.025000,-0.110081,0.172736,-1.334120
7084,59.033000,-0.113329,0.172826,-1.335027
7085,59.042000,-0.116007,0.172868,-1.336239
7086,59.050000,-0.118765,0.172792,-1.337245
7087,59.058000,-0.121143,0.172827,-1.337720
7088,59.067000,-0.123558,0.173026,-1.338046
7089,59.075000,-0.126125,0.172966,-1.338098
7090,59.083000,-0.128976,0.172807,-1.337657
7091,59.092000,-0.132178,0.173017,-1.337260
7092,59.100000,-0.135567,0.173022,-1.336859
7093,59.108000,-0.139257,0.173093,-1.336630
7094,59.117000,-0.143164,0.173128,-1.336751
7095,59.125000,-0.147002,0.173287,-1.337134
7096,59.133000,-0.151030,0.173254,-1.337870
7097,59.142000,-0.154799,0.173265,-1.338717
7098,59.150000,-0.158408,0.173473,-1.339691
7099,59.158000,-0.161567,0.173451,-1.340835
7100,59.167000,-0.164492,0.173579,-1.341982
7101,59.175000,-0.167182,0.173303,-1.343243
7102,59.183000,-0.169862,0.173124,-1.343943
7103,59.192000,-0.172453,0.173087,-1.344145
7104,59.200000,-0.174902,0.173181,-1.344090
7105,59.208000,-0.177798,0.173427,-1.343792
7106,59.217000,-0.180819,0.173462,-1.343531
7107,59.225000,-0.184108,0.173563,-1.343115
7108,59.233000,-0.187614,0.173777,-1.342874
7109,59.242000,-0.191648,0.173804,-1.343038
7110,59.250000,-0.195478,0.174097,-1.343349
7111,59.258000,-0.199324,0.173977,-1.344039
7112,59.267000,-0.203383,0.174098,-1.344833
7113,59.275000,-0.207246,0.173871,-1.345614
7114,59.283000,-0.210486,0.173855,-1.346474
7115,59.292000,-0.213186,0.174022,-1.347722
7116,59.300000,-0.216112,0.173985,-1.348567
7117,59.308000,-0.218670,0.173911,-1.349130
7118,59.317000,-0.221269,0.173979,-1.349604
7119,59.325000,-0.223952,0.173687,-1.349909
7120,59.333000,-0.226920,0.173593,-1.349721
7121,59.342000,-0.230170,0.173829,-1.349476
7122,59.350000,-0.233574,0.173943,-1.349335
7123,59.358000,-0.237295,0.173911,-1.349060
7124,59.367000,-0.241146,0.173823,-1.349313
7125,59.375000,-0.244912,0.174041,-1.349703
7126,59.383000,-0.248942,0.174203,-1.350215
7127,59.392000,-0.252809,0.174208,-1.351175
7128,59.400000,-0.256538,0.174350,-1.352148
7129,59.408000,-0.259470,0.174394,-1.353378
7130,59.417000,-0.262663,0.174509,-1.354599
7131,59.425000,-0.265426,0.174320,-1.355801
7132,59.433000,-0.267927,0.174402,-1.356312
7133,59.442000,-0.270515,0.174460,-1.356509
7134,59.450000,-0.273212,0.174274,-1.356839
7135,59.458000,-0.276072,0.174480,-1.356556
7136,59.467000,-0.279257,0.174359,-1.356363
7137,59.475000,-0.283027,0.174504,-1.356002
7138,59.483000,-0.286979,0.174309,-1.356069
7139,59.492000,-0.291262,0.174442,-1.356136
7140,59.500000,-0.295610,0.174597,-1.356494
7141,59.508000,-0.299653,0.174700,-1.357117
7142,59.517000,-0.303972,0.174719,-1.358124
7143,59.525000,-0.307925,0.174817,-1.359138
7144,59.533000,-0.311585,0.174843,-1.360373
7145,59.542000,-0.314774,0.175029,-1.361394
7146,59.550000,-0.318009,0.174821,-1.362174
7147,59.558000,-0.320869,0.174722,-1.362745
7148,59.567000,-0.323683,0.175050,-1.362810
7149,59.575000,-0.326670,0.174890,-1.362659
7150,59.583000,-0.330092,0.175032,-1.362215
7151,59.592000,-0.333623,0.174939,-1.361873
7152,59.600000,-0.337439,0.175062,-1.361250
7153,59.608000,-0.341443,0.175035,-1.360649
7154,59.617000,-0.345614,0.175153,-1.360455
7155,59.625000,-0.349973,0.175309,-1.360411
7156,59.633000,-0.354149,0.175345,-1.360564
7157,59.642000,-0.358213,0.175147,-1.360885
7158,59.650000,-0.361833,0.175255,-1.361110
7159,59.658000,-0.365185,0.175149,-1.361626
7160,59.667000,-0.368485,0.175158,-1.362182
7161,59.675000,-0.371513,0.174950,-1.362671
7162,59.683000,-0.373994,0.174826,-1.362258
7163,59.692000,-0.376496,0.175052,-1.361572
7164,59.700000,-0.379139,0.174940,-1.361031
7165,59.708000,-0.381951,0.174890,-1.360072
7166,59.717000,-0.384997,0.174886,-1.358814
7167,59.725000,-0.388319,0.174966,-1.357743
7168,59.733000,-0.391845,0.174971,-1.356688
7169,59.742000,-0.395571,0.174974,-1.355914
7170,59.750000,-0.399222,0.175070,-1.355464
7171,59.758000,-0.402955,0.174995,-1.355263
7172,59.767000,-0.406378,0.174965,-1.355205
7173,59.775000,-0.409833,0.175079,-1.355403
7174,59.783000,-0.412629,0.175219,-1.355748
7175,59.792000,-0.415312,0.175210,-1.356166
7176,59.800000,-0.417952,0.175039,-1.356517
7177,59.808000,-0.420141,0.175036,-1.356298
7178,59.817000,-0.422181,0.175096,-1.355893
7179,59.825000,-0.424571,0.175051,-1.355266
7180,59.833000,-0.427160,0.174891,-1.354339
7181,59.842000,-0.429978,0.174942,-1.353294
7182,59.850000,-0.433189,0.174992,-1.352321
7183,59.858000,-0.436516,0.174874,-1.351565
7184,59.867000,-0.440015,0.174831,-1.350871
7185,59.875000,-0.443644,0.175011,-1.350570
7186,59.883000,-0.447330,0.175014,-1.350570
7187,59.892000,-0.450889,0.175144,-1.350662
7188,59.900000,-0.454366,0.175059,-1.351061
7189,59.908000,-0.457254,0.175285,-1.351567
7190,59.917000,-0.460007,0.175392,-1.352288
7191,59.925000,-0.462442,0.175169,-1.352944
7192,59.933000,-0.464892,0.175281,-1.353041
7193,59.942000,-0.467049,0.175367,-1.352782
7194,59.950000,-0.469465,0.175158,-1.352548
7195,59.958000,-0.472055,0.175239,-1.351869
7196,59.967000,-0.475042,0.175200,-1.351034
7197,59.975000,-0.478345,0.175366,-1.350141
7198,59.983000,-0.482141,0.175306,-1.349355
7199,59.992000,-0.486402,0.175234,-1.348647
7200,60.000000,-0.490652,0.175261,-1.348173
7201,60.008000,-0.494781,0.175479,-1.348052
7202,60.017000,-0.498950,0.175394,-1.348182
7203,60.025000,-0.502890,0.175473,-1.348518
7204,60.033000,-0.506487,0.175420,-1.349008
7205,60.042000,-0.509619,0.175508,-1.349458
7206,60.050000,-0.512652,0.175307,-1.350045
7207,60.058000,-0.515796,0.175324,-1.350218
7208,60.067000,-0.518696,0.175131,-1.349859
7209,60.075000,-0.521491,0.175163,-1.349175
7210,60.083000,-0.524306,0.175126,-1.348146
7211,60.092000,-0.527833,0.174980,-1.347039
7212,60.100000,-0.531335,0.175049,-1.346145
7213,60.108000,-0.534918,0.175068,-1.344927
7214,60.117000,-0.538705,0.175136,-1.343958
7215,60.125000,-0.542711,0.175180,-1.343312
7216,60.133000,-0.546445,0.175225,-1.342856
7217,60.142000,-0.550142,0.175349,-1.342634
7218,60.150000,-0.553512,0.175463,-1.342622
7219,60.158000,-0.556963,0.175560,-1.342716
7220,60.167000,-0.559581,0.175615,-1.342971
7221,60.175000,-0.562435,0.175610,-1.343120
7222,60.183000,-0.564891,0.175512,-1.342996
7223,60.192000,-0.567016,0.175575,-1.342240
7224,60.200000,-0.569235,0.175600,-1.341487
7225,60.208000,-0.571645,0.175443,-1.340416
7226,60.217000,-0.574248,0.175443,-1.339206
7227,60.225000,-0.577366,0.175604,-1.337889
7228,60.233000,-0.580609,0.175519,-1.336897
7229,60.242000,-0.584226,0.175514,-1.335884
7230,60.250000,-0.587772,0.175641,-1.335209
7231,60.258000,-0.591505,0.175745,-1.334959
7232,60.267000,-0.595085,0.175808,-1.334836
7233,60.275000,-0.598645,0.175786,-1.334845
7234,60.283000,-0.601611,0.175753,-1.335092
7235,60.292000,-0.604527,0.176051,-1.335320
7236,60.300000,-0.607252,0.175900,-1.335517
7237,60.308000,-0.609661,0.175887,-1.335461
7238,60.317000,-0.612074,0.176018,-1.335074
7239,60.325000,-0.614418,0.176064,-1.334517
7240,60.333000,-0.616901,0.175958,-1.333535
7241,60.342000,-0.619985,0.176031,-1.332461
7242,60.350000,-0.623163,0.176057,-1.331235
7243,60.358000,-0.626726,0.176159,-1.330178
7244,60.367000,-0.630547,0.176101,-1.329443
7245,60.375000,-0.634512,0.176100,-1.328878
7246,60.383000,-0.638435,0.176195,-1.328551
7247,60.392000,-0.642494,0.176165,-1.328526
7248,60.400000,-0.646181,0.176283,-1.328468
7249,60.408000,-0.649679,0.176344,-1.328792
7250,60.417000,-0.652643,0.176373,-1.329109
7251,60.425000,-0.655464,0.176360,-1.329384
7252,60.433000,-0.658041,0.176326,-1.329570
7253,60.442000,-0.660261,0.176343,-1.329445
7254,60.450000,-0.662579,0.176374,-1.328869
7255,60.458000,-0.665378,0.176246,-1.327889
7256,60.467000,-0.668553,0.176282,-1.326793
7257,60.475000,-0.671838,0.176447,-1.325806
7258,60.483000,-0.675081,0.176447,-1.324642
7259,60.492000,-0.678623,0.176110,-1.323488
7260,60.500000,-0.682530,0.176057,-1.322935
7261,60.508000,-0.686586,0.176375,-1.322624
7262,60.517000,-0.690750,0.176545,-1.322565
7263,60.525000,-0.694683,0.176660,-1.322860
7264,60.533000,-0.698199,0.176548,-1.323346
7265,60.542000,-0.701032,0.176498,-1.323838
7266,60.550000,-0.704068,0.176525,-1.324010
7267,60.558000,-0.706838,0.176564,-1.324117
7268,60.567000,-0.709432,0.176688,-1.323731
7269,60.575000,-0.711979,0.176709,-1.323151
7270,60.583000,-0.714446,0.176579,-1.322258
7271,60.592000,-0.717417,0.176595,-1.321296
7272,60.600000,-0.720828,0.176848,-1.320259
7273,60.608000,-0.724401,0.176959,-1.319305
7274,60.617000,-0.728178,0.176869,-1.318459
7275,60.625000,-0.732067,0.176880,-1.317947
7276,60.633000,-0.736021,0.177024,-1.317722
7277,60.642000,-0.739956,0.177037,-1.317715
7278,60.650000,-0.743576,0.177165,-1.317862
7279,60.658000,-0.746972,0.177167,-1.318178
7280,60.667000,-0.750079,0.177262,-1.318550
7281,60.675000,-0.752832,0.177224,-1.318891
7282,60.683000,-0.755395,0.177207,-1.318833
7283,60.692000,-0.757813,0.177315,-1.318603
7284,60.700000,-0.760290,0.177374,-1.318073
7285,60.708000,-0.762949,0.177437,-1.317326
7286,60.717000,-0.765802,0.177414,-1.316330
7287,60.725000,-0.768968,0.177440,-1.315234
7288,60.733000,-0.772373,0.177425,-1.314298
7289,60.742000,-0.776169,0.177455,-1.313537
7290,60.750000,-0.779933,0.177545,-1.312876
7291,60.758000,-0.783888,0.177653,-1.312609
7292,60.767000,-0.787836,0.177563,-1.312550
7293,60.775000,-0.791612,0.177620,-1.312737
7294,60.783000,-0.795087,0.177686,-1.313000
7295,60.792000,-0.798158,0.177732,-1.313456
7296,60.800000,-0.801131,0.177801,-1.313745
7297,60.808000,-0.803690,0.177708,-1.313841
7298,60.817000,-0.806166,0.177829,-1.313539
7299,60.825000,-0.808648,0.177889,-1.313045
7300,60.833000,-0.811389,0.177823,-1.312334
7301,60.842000,-0.814545,0.177754,-1.311579
7302,60.850000,-0.817602,0.177917,-1.310286
7303,60.858000,-0.820855,0.178184,-1.309112
7304,60.867000,-0.824786,0.178118,-1.308532
7305,60.875000,-0.828835,0.178002,-1.307742
7306,60.883000,-0.832782,0.178032,-1.307172
7307,60.892000,-0.836626,0.178103,-1.307542
7308,60.900000,-0.840277,0.178347,-1.307649
7309,60.908000,-0.843960,0.178383,-1.307855
7310,60.917000,-0.846999,0.178321,-1.308480
7311,60.925000,-0.849736,0.178351,-1.308425
7312,60.933000,-0.852383,0.178388,-1.308368
7313,60.942000,-0.854864,0.178444,-1.308012
7314,60.950000,-0.857399,0.178475,-1.307299
7315,60.958000,-0.860029,0.178490,-1.306582
7316,60.967000,-0.862945,0.178444,-1.305783
7317,60.975000,-0.866113,0.178553,-1.304767
7318,60.983000,-0.869657,0.178551,-1.303823
7319,60.992000,-0.873476,0.178594,-1.303027
7320,61.000000,-0.877449,0.178638,-1.302533
7321,61.008000,-0.881428,0.178706,-1.302303
7322,61.017000,-0.885580,0.178702,-1.302428
7323,61.025000,-0.889388,0.178671,-1.302694
7324,61.033000,-0.892853,0.178777,-1.303142
7325,61.042000,-0.896063,0.178972,-1.303602
7326,61.050000,-0.899037,0.178761,-1.304185
7327,61.058000,-0.901800,0.178760,-1.304214
7328,61.067000,-0.904411,0.178797,-1.303897
7329,61.075000,-0.906967,0.178773,-1.303485
7330,61.083000,-0.909827,0.178730,-1.302773
7331,61.092000,-0.912819,0.178638,-1.301918
7332,61.100000,-0.916120,0.178788,-1.300914
7333,61.108000,-0.919744,0.178803,-1.299977
7334,61.117000,-0.923695,0.178778,-1.299281
7335,61.125000,-0.927568,0.178832,-1.298707
7336,61.133000,-0.931598,0.178980,-1.298599
7337,61.142000,-0.935571,0.178949,-1.298677
7338,61.150000,-0.939587,0.179038,-1.298848
7339,61.158000,-0.943210,0.179076,-1.299304
7340,61.167000,-0.946495,0.179153,-1.299715
7341,61.175000,-0.949747,0.179125,-1.299965
7342,61.183000,-0.952649,0.178961,-1.300029
7343,61.192000,-0.955683,0.179009,-1.299770
7344,61.200000,-0.958547,0.179069,-1.299119
7345,61.208000,-0.961501,0.178889,-1.298447
7346,61.217000,-0.964826,0.178855,-1.297448
7347,61.225000,-0.968498,0.179068,-1.296135
7348,61.233000,-0.972462,0.179373,-1.295101
7349,61.242000,-0.976667,0.179358,-1.294033
7350,61.250000,-0.980841,0.179244,-1.293232
7351,61.258000,-0.984813,0.179194,-1.292626
7352,61.267000,-0.988870,0.179098,-1.292424
7353,61.275000,-0.993200,0.179404,-1.292284
7354,61.283000,-0.997194,0.179563,-1.292069
7355,61.292000,-1.000631,0.179760,-1.292167
7356,61.300000,-1.003485,0.179440,-1.292172
7357,61.308000,-1.006247,0.179306,-1.291768
7358,61.317000,-1.009109,0.179476,-1.291122
7359,61.325000,-1.011844,0.179637,-1.289899
7360,61.333000,-1.014669,0.179640,-1.288607
7361,61.342000,-1.017578,0.179542,-1.287139
7362,61.350000,-1.020782,0.179397,-1.285572
7363,61.358000,-1.024268,0.179498,-1.283747
7364,61.367000,-1.027987,0.179626,-1.282094
7365,61.375000,-1.031918,0.179657,-1.280715
7366,61.383000,-1.035757,0.179661,-1.279712
7367,61.392000,-1.039656,0.179657,-1.278791
7368,61.400000,-1.043311,0.179698,-1.277961
7369,61.408000,-1.046708,0.179799,-1.277375
7370,61.417000,-1.049458,0.179789,-1.276928
7371,61.425000,-1.052163,0.179728,-1.276250
7372,61.433000,-1.054725,0.179658,-1.275571
7373,61.442000,-1.056906,0.179601,-1.274617
7374,61.450000,-1.059186,0.179698,-1.272997
7375,61.458000,-1.061397,0.179821,-1.271230
7376,61.467000,-1.063903,0.179650,-1.269296
7377,61.475000,-1.066827,0.179590,-1.267230
7378,61.483000,-1.069837,0.179553,-1.265058
7379,61.492000,-1.073181,0.179508,-1.262993
7380,61.500000,-1.076803,0.179530,-1.261101
7381,61.508000,-1.080476,0.179594,-1.259544
7382,61.517000,-1.084087,0.179659,-1.258311
7383,61.525000,-1.087508,0.179607,-1.257027
7384,61.533000,-1.090717,0.179705,-1.256113
7385,61.542000,-1.093420,0.179741,-1.255395
7386,61.550000,-1.096091,0.179773,-1.254359
7387,61.558000,-1.098531,0.179694,-1.253465
7388,61.567000,-1.100485,0.179806,-1.252155
7389,61.575000,-1.102267,0.179986,-1.250152
7390,61.583000,-1.104131,0.180128,-1.247905
7391,61.592000,-1.106492,0.180078,-1.245630
7392,61.600000,-1.109073,0.179984,-1.243345
7393,61.608000,-1.111794,0.180087,-1.240841
7394,61.617000,-1.114902,0.180131,-1.238482
7395,61.625000,-1.118169,0.180113,-1.236312
7396,61.633000,-1.121362,0.180132,-1.234307
7397,61.642000,-1.124566,0.180204,-1.232549
7398,61.650000,-1.127739,0.180303,-1.231001
7399,61.658000,-1.130710,0.180314,-1.229674
7400,61.667000,-1.133320,0.180382,-1.228396
7401,61.675000,-1.135631,0.180375,-1.227172
7402,61.683000,-1.137593,0.180309,-1.225729
7403,61.692000,-1.139572,0.180246,-1.224056
7404,61.700000,-1.141320,0.180235,-1.222004
7405,61.708000,-1.142884,0.180225,-1.219628
7406,61.717000,-1.144655,0.180186,-1.216988
7407,61.725000,-1.146917,0.180191,-1.214379
7408,61.733000,-1.149595,0.180205,-1.211685
7409,61.742000,-1.152079,0.180220,-1.208872
7410,61.750000,-1.154821,0.180244,-1.206232
7411,61.758000,-1.157763,0.180447,-1.203939
7412,61.767000,-1.160736,0.180531,-1.201708
7413,61.775000,-1.163644,0.180419,-1.199890
7414,61.783000,-1.166135,0.180453,-1.198335
7415,61.792000,-1.168443,0.180418,-1.196933
7416,61.800000,-1.170668,0.180472,-1.195461
7417,61.808000,-1.172605,0.180414,-1.193726
7418,61.817000,-1.174091,0.180259,-1.192003
7419,61.825000,-1.175515,0.180257,-1.189806
7420,61.833000,-1.176798,0.180299,-1.187253
7421,61.842000,-1.178353,0.180293,-1.184218
7422,61.850000,-1.180135,0.180155,-1.181341
7423,61.858000,-1.182174,0.180144,-1.178246
7424,61.867000,-1.184365,0.180135,-1.175052
7425,61.875000,-1.186809,0.180048,-1.172060
7426,61.883000,-1.189450,0.180237,-1.169367
7427,61.892000,-1.192145,0.180284,-1.167004
7428,61.900000,-1.194770,0.180279,-1.164728
7429,61.908000,-1.197347,0.180217,-1.162833
7430,61.917000,-1.199768,0.180315,-1.161003
7431,61.925000,-1.201560,0.180325,-1.158990
7432,61.933000,-1.203234,0.180309,-1.156713
7433,61.942000,-1.204699,0.180242,-1.154450
7434,61.950000,-1.205937,0.180215,-1.152074
7435,61.958000,-1.207053,0.180290,-1.149513
7436,61.967000,-1.208381,0.180115,-1.146361
7437,61.975000,-1.209964,0.180084,-1.143028
7438,61.983000,-1.211984,0.180240,-1.139831
7439,61.992000,-1.213932,0.180330,-1.136401
7440,62.000000,-1.216254,0.180207,-1.133091
7441,62.008000,-1.218812,0.180223,-1.130028
7442,62.017000,-1.221321,0.180336,-1.127241
7443,62.025000,-1.224004,0.180465,-1.124602
7444,62.033000,-1.226672,0.180436,-1.122420
7445,62.042000,-1.229048,0.180297,-1.120280
7446,62.050000,-1.230852,0.180215,-1.118324
7447,62.058000,-1.232366,0.180259,-1.115890
7448,62.067000,-1.233758,0.180328,-1.113542
7449,62.075000,-1.234928,0.180337,-1.111104
7450,62.083000,-1.235930,0.180155,-1.108285
7451,62.092000,-1.237008,0.180210,-1.105054
7452,62.100000,-1.238294,0.180299,-1.101657
7453,62.108000,-1.239703,0.180281,-1.098094
7454,62.117000,-1.241426,0.180310,-1.094439
7455,62.125000,-1.243321,0.180251,-1.090891
7456,62.133000,-1.245443,0.180108,-1.087618
7457,62.142000,-1.247653,0.180180,-1.084323
7458,62.150000,-1.249989,0.180228,-1.081389
7459,62.158000,-1.252307,0.180152,-1.078871
7460,62.167000,-1.254225,0.180145,-1.076575
7461,62.175000,-1.255782,0.180032,-1.074472
7462,62.183000,-1.257086,0.179949,-1.072327
7463,62.192000,-1.258093,0.180039,-1.069929
7464,62.200000,-1.258951,0.180022,-1.067531
7465,62.208000,-1.259634,0.179974,-1.064690
7466,62.217000,-1.260133,0.179877,-1.061750
7467,62.225000,-1.260961,0.179893,-1.058339
7468,62.233000,-1.261954,0.179888,-1.054877
7469,62.242000,-1.263436,0.179935,-1.051342
7470,62.250000,-1.264961,0.179956,-1.047672
7471,62.258000,-1.266889,0.179908,-1.044307
7472,62.267000,-1.268940,0.179908,-1.041255
7473,62.275000,-1.270837,0.179947,-1.038240
7474,62.283000,-1.272978,0.179887,-1.035558
7475,62.292000,-1.274904,0.179797,-1.033026
7476,62.300000,-1.276604,0.179704,-1.030715
7477,62.308000,-1.277763,0.179569,-1.028409
7478,62.317000,-1.278687,0.179504,-1.025878
7479,62.325000,-1.279514,0.179525,-1.023609
7480,62.333000,-1.280193,0.179612,-1.020963
7481,62.342000,-1.280884,0.179573,-1.017847
7482,62.350000,-1.281645,0.179545,-1.014651
7483,62.358000,-1.282456,0.179618,-1.011242
7484,62.367000,-1.283944,0.179606,-1.007955
7485,62.375000,-1.285597,0.179667,-1.004493
7486,62.383000,-1.287454,0.179767,-1.001174
7487,62.392000,-1.289635,0.179620,-0.998155
7488,62.400000,-1.291716,0.179716,-0.995377
7489,62.408000,-1.293968,0.179705,-0.992931
7490,62.417000,-1.295885,0.179668,-0.990718
7491,62.425000,-1.297606,0.179640,-0.988743
7492,62.433000,-1.299044,0.179525,-0.986904
7493,62.442000,-1.300241,0.179530,-0.984981
7494,62.450000,-1.301176,0.179536,-0.983116
7495,62.458000,-1.301899,0.179447,-0.980722
7496,62.467000,-1.302558,0.179522,-0.978084
7497,62.475000,-1.303338,0.179525,-0.975316
7498,62.483000,-1.304112,0.179434,-0.972016
7499,62.492000,-1.305210,0.179527,-0.968526
7500,62.500000,-1.306857,0.179445,-0.965076
7501,62.508000,-1.308697,0.179511,-0.961692
7502,62.517000,-1.310729,0.179462,-0.958429
7503,62.525000,-1.312916,0.179417,-0.955460
7504,62.533000,-1.315050,0.179348,-0.952666
7505,62.542000,-1.317109,0.179286,-0.950215
7506,62.550000,-1.318794,0.179269,-0.947872
7507,62.558000,-1.320072,0.179332,-0.945722
7508,62.567000,-1.320955,0.179211,-0.943355
7509,62.575000,-1.321574,0.179207,-0.940801
7510,62.583000,-1.321891,0.179099,-0.938232
7511,62.592000,-1.322041,0.179284,-0.935012
7512,62.600000,-1.322427,0.179232,-0.931781
7513,62.608000,-1.322928,0.179249,-0.928241
7514,62.617000,-1.323459,0.179207,-0.924625
7515,62.625000,-1.324339,0.179237,-0.921162
7516,62.633000,-1.325590,0.179223,-0.917616
7517,62.642000,-1.327060,0.179162,-0.914393
7518,62.650000,-1.328663,0.179323,-0.911386
7519,62.658000,-1.330343,0.179314,-0.908610
7520,62.667000,-1.331974,0.179230,-0.906127
7521,62.675000,-1.333301,0.179215,-0.903976
7522,62.683000,-1.334254,0.179261,-0.901994
7523,62.692000,-1.334850,0.179173,-0.899953
7524,62.700000,-1.335229,0.179128,-0.897750
7525,62.708000,-1.335556,0.179158,-0.895309
7526,62.717000,-1.335789,0.179076,-0.892387
7527,62.725000,-1.336230,0.179246,-0.889185
7528,62.733000,-1.336888,0.179019,-0.885807
7529,62.742000,-1.337615,0.178980,-0.882408
7530,62.750000,-1.338618,0.179111,-0.878841
7531,62.758000,-1.339946,0.179190,-0.875538
7532,62.767000,-1.341757,0.179191,-0.872301
7533,62.775000,-1.343524,0.179144,-0.869303
7534,62.783000,-1.345359,0.179230,-0.866712
7535,62.792000,-1.347294,0.179142,-0.864524
7536,62.800000,-1.348948,0.179232,-0.862402
7537,62.808000,-1.350328,0.179225,-0.860522
7538,62.817000,-1.351474,0.179096,-0.858543
7539,62.825000,-1.352294,0.179118,-0.856300
7540,62.833000,-1.352801,0.179116,-0.854254
7541,62.842000,-1.353432,0.179129,-0.851539
7542,62.850000,-1.353894,0.179139,-0.848693
7543,62.858000,-1.354678,0.179026,-0.845483
7544,62.867000,-1.355644,0.178989,-0.842180
7545,62.875000,-1.356865,0.179165,-0.838824
7546,62.883000,-1.358486,0.178920,-0.835611
7547,62.892000,-1.360245,0.178956,-0.832430
7548,62.900000,-1.362158,0.178918,-0.829621
7549,62.908000,-1.364118,0.178979,-0.827036
7550,62.917000,-1.366157,0.178910,-0.824839
7551,62.925000,-1.368021,0.178893,-0.822921
7552,62.933000,-1.369310,0.178864,-0.821216
7553,62.942000,-1.370437,0.178906,-0.819230
7554,62.950000,-1.371379,0.178937,-0.816942
7555,62.958000,-1.371995,0.178921,-0.814726
7556,62.967000,-1.372551,0.178841,-0.812132
7557,62.975000,-1.372924,0.178909,-0.809266
7558,62.983000,-1.373692,0.178907,-0.806127
7559,62.992000,-1.374790,0.178875,-0.802672
7560,63.000000,-1.376066,0.179008,-0.799210
7561,63.008000,-1.377588,0.178956,-0.795876
7562,63.017000,-1.379489,0.178890,-0.792603
7563,63.025000,-1.381304,0.179012,-0.789615
7564,63.033000,-1.383391,0.179022,-0.786912
7565,63.042000,-1.385592,0.178998,-0.784645
7566,63.050000,-1.387391,0.179004,-0.782413
7567,63.058000,-1.388825,0.179019,-0.780307
7568,63.067000,-1.389951,0.179022,-0.778375
7569,63.075000,-1.390895,0.179075,-0.776122
7570,63.083000,-1.391648,0.178927,-0.774000
7571,63.092000,-1.392338,0.178781,-0.771302
7572,63.100000,-1.392825,0.178883,-0.768453
7573,63.108000,-1.393392,0.178901,-0.765298
7574,63.117000,-1.394295,0.178881,-0.761987
7575,63.125000,-1.395519,0.178916,-0.758742
7576,63.133000,-1.397017,0.178942,-0.755489
7577,63.142000,-1.398919,0.178902,-0.752270
7578,63.150000,-1.400602,0.178808,-0.749474
7579,63.158000,-1.402583,0.178919,-0.746896
7580,63.167000,-1.404543,0.178769,-0.744794
7581,63.175000,-1.406150,0.178759,-0.743056
7582,63.183000,-1.407430,0.178821,-0.741440
7583,63.192000,-1.408494,0.178823,-0.739863
7584,63.200000,-1.409179,0.178731,-0.738149
7585,63.208000,-1.409635,0.178673,-0.736431
7586,63.217000,-1.409943,0.178878,-0.734229
7587,63.225000,-1.410134,0.178803,-0.731796
7588,63.233000,-1.410435,0.178753,-0.729209
7589,63.242000,-1.411048,0.178764,-0.726715
7590,63.250000,-1.411871,0.178776,-0.724162
7591,63.258000,-1.412984,0.178885,-0.721623
7592,63.267000,-1.414311,0.178884,-0.719644
7593,63.275000,-1.415822,0.178966,-0.717793
7594,63.283000,-1.417268,0.179094,-0.716214
7595,63.292000,-1.418763,0.179021,-0.715114
7596,63.300000,-1.420046,0.178997,-0.714265
7597,63.308000,-1.420815,0.178985,-0.713581
7598,63.317000,-1.421258,0.179022,-0.712868
7599,63.325000,-1.421405,0.178961,-0.712085
7600,63.333000,-1.421270,0.178964,-0.711223
7601,63.342000,-1.421059,0.178994,-0.709994
7602,63.350000,-1.420829,0.179062,-0.708611
7603,63.358000,-1.420635,0.178992,-0.707027
7604,63.367000,-1.420594,0.179053,-0.705336
7605,63.375000,-1.420861,0.179092,-0.703411
7606,63.383000,-1.421353,0.179047,-0.701883
7607,63.392000,-1.422139,0.179035,-0.700495
7608,63.400000,-1.423052,0.179073,-0.699265
7609,63.408000,-1.423905,0.179122,-0.698453
7610,63.417000,-1.424708,0.179136,-0.698080
7611,63.425000,-1.425335,0.179147,-0.697939
7612,63.433000,-1.425667,0.179171,-0.698006
7613,63.442000,-1.425689,0.179189,-0.698130
7614,63.450000,-1.425390,0.179147,-0.698156
7615,63.458000,-1.424949,0.179091,-0.698093
7616,63.467000,-1.424372,0.179049,-0.697695
7617,63.475000,-1.423760,0.179050,-0.697056
7618,63.483000,-1.423276,0.178991,-0.696125
7619,63.492000,-1.423129,0.178924,-0.695108
7620,63.500000,-1.423170,0.179015,-0.693987
7621,63.508000,-1.423483,0.179120,-0.693057
7622,63.517000,-1.424079,0.179180,-0.692220
7623,63.525000,-1.424757,0.179167,-0.691596
7624,63.533000,-1.425519,0.179159,-0.691271
7625,63.542000,-1.426302,0.179142,-0.691335
7626,63.550000,-1.426863,0.179148,-0.691689
7627,63.558000,-1.427045,0.179152,-0.692164
7628,63.567000,-1.427046,0.179155,-0.692650
7629,63.575000,-1.426864,0.179117,-0.692955
7630,63.583000,-1.426406,0.179113,-0.693189
7631,63.592000,-1.425671,0.179143,-0.693017
7632,63.600000,-1.424957,0.179203,-0.692453
7633,63.608000,-1.424406,0.179115,-0.691460
7634,63.617000,-1.423977,0.178998,-0.690041
7635,63.625000,-1.423819,0.179042,-0.688663
7636,63.633000,-1.424089,0.179149,-0.687358
7637,63.642000,-1.424716,0.179129,-0.685982
7638,63.650000,-1.425594,0.179060,-0.684800
7639,63.658000,-1.426506,0.179067,-0.683989
7640,63.667000,-1.427447,0.179065,-0.683389
7641,63.675000,-1.428223,0.178983,-0.682959
7642,63.683000,-1.428723,0.178952,-0.682685
7643,63.692000,-1.428819,0.178959,-0.682419
7644,63.700000,-1.428586,0.178943,-0.681934
7645,63.708000,-1.428158,0.178924,-0.681397
7646,63.717000,-1.427533,0.178962,-0.680493
7647,63.725000,-1.427039,0.179091,-0.679292
7648,63.733000,-1.426784,0.178977,-0.677826
7649,63.742000,-1.426610,0.178854,-0.676100
7650,63.750000,-1.426645,0.178944,-0.674316
7651,63.758000,-1.427224,0.178921,-0.672510
7652,63.767000,-1.428027,0.178763,-0.670790
7653,63.775000,-1.428784,0.178784,-0.669267
7654,63.783000,-1.429636,0.178890,-0.668033
7655,63.792000,-1.430445,0.178954,-0.667220
7656,63.800000,-1.431184,0.178977,-0.666632
7657,63.808000,-1.431690,0.178959,-0.666260
7658,63.817000,-1.431836,0.178917,-0.665759
7659,63.825000,-1.431695,0.178834,-0.664941
7660,63.833000,-1.431341,0.178828,-0.664119
7661,63.842000,-1.430618,0.178851,-0.662823
7662,63.850000,-1.429921,0.178952,-0.661239
7663,63.858000,-1.429543,0.178928,-0.659329
7664,63.867000,-1.429208,0.178884,-0.657200
7665,63.875000,-1.429171,0.178896,-0.654604
7666,63.883000,-1.429609,0.178848,-0.652032
7667,63.892000,-1.430459,0.178820,-0.649424
7668,63.900000,-1.431101,0.178853,-0.647060
7669,63.908000,-1.431934,0.178916,-0.645018
7670,63.917000,-1.432892,0.178966,-0.643375
7671,63.925000,-1.433866,0.178928,-0.642044
7672,63.933000,-1.434444,0.178947,-0.640898
7673,63.942000,-1.434606,0.178844,-0.639645
7674,63.950000,-1.434510,0.178794,-0.638363
7675,63.958000,-1.434185,0.178864,-0.636977
7676,63.967000,-1.433478,0.178890,-0.635343
7677,63.975000,-1.432895,0.178758,-0.633415
7678,63.983000,-1.432320,0.178786,-0.631257
7679,63.992000,-1.431924,0.178793,-0.628806
7680,64.000000,-1.431802,0.178751,-0.626341
7681,64.008000,-1.432081,0.178815,-0.623652
7682,64.017000,-1.432613,0.178716,-0.621153
7683,64.025000,-1.433303,0.178691,-0.618759
7684,64.033000,-1.434080,0.178666,-0.616691
7685,64.042000,-1.434848,0.178694,-0.614980
7686,64.050000,-1.435555,0.178630,-0.613739
7687,64.058000,-1.435981,0.178599,-0.612621
7688,64.067000,-1.436109,0.178610,-0.611399
7689,64.075000,-1.435835,0.178673,-0.610217
7690,64.083000,-1.435419,0.178640,-0.609057
7691,64.092000,-1.434843,0.178498,-0.607593
7692,64.100000,-1.434079,0.178490,-0.605758
7693,64.108000,-1.433395,0.178608,-0.603585
7694,64.117000,-1.432891,0.178495,-0.601231
7695,64.125000,-1.432530,0.178492,-0.598823
7696,64.133000,-1.432566,0.178650,-0.596268
7697,64.142000,-1.432902,0.178550,-0.593865
7698,64.150000,-1.433437,0.178592,-0.591456
7699,64.158000,-1.434164,0.178547,-0.589351
7700,64.167000,-1.434904,0.178491,-0.587748
7701,64.175000,-1.435537,0.178525,-0.586355
7702,64.183000,-1.435838,0.178539,-0.585018
7703,64.192000,-1.435868,0.178554,-0.583948
7704,64.200000,-1.435618,0.178575,-0.583052
7705,64.208000,-1.435145,0.178493,-0.581801
7706,64.217000,-1.434334,0.178312,-0.580237
7707,64.225000,-1.433518,0.178387,-0.578379
7708,64.233000,-1.432739,0.178439,-0.576222
7709,64.242000,-1.432154,0.178327,-0.573972
7710,64.250000,-1.431693,0.178317,-0.571475
7711,64.258000,-1.431644,0.178402,-0.568967
7712,64.267000,-1.431764,0.178330,-0.566452
7713,64.275000,-1.432145,0.178407,-0.564102
7714,64.283000,-1.432650,0.178328,-0.562132
7715,64.292000,-1.433300,0.178218,-0.560284
7716,64.300000,-1.433776,0.178178,-0.558908
7717,64.308000,-1.434076,0.178197,-0.557765
7718,64.317000,-1.434099,0.178296,-0.556728
7719,64.325000,-1.433818,0.178306,-0.555621
7720,64.333000,-1.433328,0.178253,-0.554305
7721,64.342000,-1.432541,0.178277,-0.553025
7722,64.350000,-1.431628,0.178460,-0.551351
7723,64.358000,-1.430686,0.178431,-0.549433
7724,64.367000,-1.429967,0.178390,-0.547264
7725,64.375000,-1.429359,0.178398,-0.544958
7726,64.383000,-1.429206,0.178285,-0.542559
7727,64.392000,-1.429423,0.178275,-0.540190
7728,64.400000,-1.429826,0.178211,-0.538090
7729,64.408000,-1.430133,0.178201,-0.536048
7730,64.417000,-1.430488,0.178219,-0.534228
7731,64.425000,-1.430946,0.178354,-0.532707
7732,64.433000,-1.431286,0.178354,-0.531540
7733,64.442000,-1.431266,0.178230,-0.530544
7734,64.450000,-1.430928,0.178126,-0.529422
7735,64.458000,-1.430394,0.178136,-0.528311
7736,64.467000,-1.429740,0.178087,-0.526907
7737,64.475000,-1.428946,0.178139,-0.525119
7738,64.483000,-1.428117,0.178128,-0.523253
7739,64.492000,-1.427421,0.178037,-0.521120
7740,64.500000,-1.426901,0.178036,-0.518577
7741,64.508000,-1.426688,0.178022,-0.516018
7742,64.517000,-1.426809,0.178080,-0.513568
7743,64.525000,-1.427197,0.178017,-0.511129
7744,64.533000,-1.427847,0.177968,-0.508896
7745,64.542000,-1.428513,0.177973,-0.507121
7746,64.550000,-1.429072,0.178033,-0.505493
7747,64.558000,-1.429631,0.177961,-0.504187
7748,64.567000,-1.429853,0.177901,-0.503152
7749,64.575000,-1.429716,0.177915,-0.502083
7750,64.583000,-1.429363,0.177848,-0.500768
7751,64.592000,-1.428772,0.177800,-0.499324
7752,64.600000,-1.428070,0.177843,-0.497595
7753,64.608000,-1.427358,0.177755,-0.495522
7754,64.617000,-1.426764,0.177714,-0.493196
7755,64.625000,-1.426433,0.177677,-0.490650
7756,64.633000,-1.426397,0.177734,-0.488226
7757,64.642000,-1.426723,0.177738,-0.485565
7758,64.650000,-1.427225,0.177761,-0.483138
7759,64.658000,-1.427968,0.177685,-0.480962
7760,64.667000,-1.428711,0.177721,-0.478963
7761,64.675000,-1.429549,0.177714,-0.477287
7762,64.683000,-1.430223,0.177651,-0.476057
7763,64.692000,-1.430627,0.177545,-0.474835
7764,64.700000,-1.430683,0.177599,-0.473677
7765,64.708000,-1.430392,0.177623,-0.472410
7766,64.717000,-1.429943,0.177543,-0.471092
7767,64.725000,-1.429286,0.177488,-0.469469
7768,64.733000,-1.428709,0.177539,-0.467534
7769,64.742000,-1.428253,0.177495,-0.465147
7770,64.750000,-1.427757,0.177457,-0.462740
7771,64.758000,-1.427746,0.177423,-0.460103
7772,64.767000,-1.428041,0.177497,-0.457450
7773,64.775000,-1.428615,0.177425,-0.455083
7774,64.783000,-1.429251,0.177436,-0.452808
7775,64.792000,-1.429988,0.177499,-0.450951
7776,64.800000,-1.430751,0.177493,-0.449453
7777,64.808000,-1.431571,0.177431,-0.448241
7778,64.817000,-1.431968,0.177360,-0.447186
7779,64.825000,-1.431967,0.177397,-0.446101
7780,64.833000,-1.431765,0.177428,-0.444840
7781,64.842000,-1.431411,0.177369,-0.443598
7782,64.850000,-1.430840,0.177379,-0.442103
7783,64.858000,-1.430130,0.177429,-0.440146
7784,64.867000,-1.429660,0.177424,-0.437825
7785,64.875000,-1.429254,0.177370,-0.435546
7786,64.883000,-1.429146,0.177303,-0.433034
7787,64.892000,-1.429472,0.177410,-0.430405
7788,64.900000,-1.429976,0.177357,-0.428077
7789,64.908000,-1.430717,0.177348,-0.425809
7790,64.917000,-1.431467,0.177385,-0.423933
7791,64.925000,-1.432353,0.177329,-0.422409
7792,64.933000,-1.433156,0.177265,-0.421143
7793,64.942000,-1.433527,0.177209,-0.419932
7794,64.950000,-1.433542,0.177194,-0.418814
7795,64.958000,-1.433341,0.177242,-0.417616
7796,64.967000,-1.432908,0.177212,-0.416242
7797,64.975000,-1.432353,0.177059,-0.414623
7798,64.983000,-1.431800,0.177117,-0.412600
7799,64.992000,-1.431301,0.177107,-0.410201
7800,65.000000,-1.430937,0.177014,-0.407816
7801,65.008000,-1.430912,0.177031,-0.405173
7802,65.017000,-1.431171,0.177111,-0.402632
7803,65.025000,-1.431647,0.177002,-0.400117
7804,65.033000,-1.432388,0.176938,-0.397837
7805,65.042000,-1.433113,0.176949,-0.395835
7806,65.050000,-1.433872,0.176910,-0.394183
7807,65.058000,-1.434675,0.176866,-0.392911
7808,65.067000,-1.435226,0.176985,-0.391922
7809,65.075000,-1.435405,0.177108,-0.390835
7810,65.083000,-1.435367,0.177087,-0.389611
7811,65.092000,-1.435090,0.176962,-0.388376
7812,65.100000,-1.434557,0.176849,-0.386718
7813,65.108000,-1.433884,0.176968,-0.384898
7814,65.117000,-1.433254,0.177160,-0.382638
7815,65.125000,-1.432782,0.176991,-0.380340
7816,65.133000,-1.432781,0.177013,-0.377805
7817,65.142000,-1.433017,0.177083,-0.375432
7818,65.150000,-1.433544,0.177012,-0.372969
7819,65.158000,-1.434312,0.177089,-0.370661
7820,65.167000,-1.435158,0.177120,-0.368634
7821,65.175000,-1.435909,0.177100,-0.367092
7822,65.183000,-1.436746,0.176919,-0.365710
7823,65.192000,-1.437197,0.176816,-0.364625
7824,65.200000,-1.437266,0.176962,-0.363659
7825,65.208000,-1.437050,0.177046,-0.362458
7826,65.217000,-1.436752,0.176927,-0.361093
7827,65.225000,-1.436296,0.176736,-0.359378
7828,65.233000,-1.435647,0.176870,-0.357528
7829,65.242000,-1.435203,0.176870,-0.355189
7830,65.250000,-1.434901,0.176730,-0.352776
7831,65.258000,-1.434832,0.176806,-0.350375
7832,65.267000,-1.435154,0.176827,-0.347887
7833,65.275000,-1.435620,0.176788,-0.345565
7834,65.283000,-1.436406,0.176841,-0.343382
7835,65.292000,-1.437231,0.176913,-0.341366
7836,65.300000,-1.438179,0.176822,-0.339836
7837,65.308000,-1.438914,0.176783,-0.338607
7838,65.317000,-1.439383,0.176816,-0.337473
7839,65.325000,-1.439459,0.176911,-0.336471
7840,65.333000,-1.439222,0.176936,-0.335410
7841,65.342000,-1.438836,0.176814,-0.334190
7842,65.350000,-1.438305,0.176680,-0.332680
7843,65.358000,-1.437706,0.176792,-0.330826
7844,65.367000,-1.437130,0.176815,-0.328582
7845,65.375000,-1.436811,0.176703,-0.326315
7846,65.383000,-1.436838,0.176731,-0.324012
7847,65.392000,-1.437055,0.176708,-0.321495
7848,65.400000,-1.437634,0.176716,-0.319144
7849,65.408000,-1.438323,0.176688,-0.317105
7850,65.417000,-1.439175,0.176697,-0.315248
7851,65.425000,-1.439830,0.176653,-0.313763
7852,65.433000,-1.440650,0.176593,-0.312666
7853,65.442000,-1.441165,0.176478,-0.311685
7854,65.450000,-1.441284,0.176509,-0.310758
7855,65.458000,-1.441098,0.176538,-0.309713
7856,65.467000,-1.440757,0.176483,-0.308616
7857,65.475000,-1.440175,0.176485,-0.307137
7858,65.483000,-1.439562,0.176501,-0.305473
7859,65.492000,-1.439006,0.176464,-0.303508
7860,65.500000,-1.438554,0.176446,-0.301278
7861,65.508000,-1.438434,0.176483,-0.298921
7862,65.517000,-1.438684,0.176463,-0.296684
7863,65.525000,-1.439132,0.176388,-0.294383
7864,65.533000,-1.439759,0.176480,-0.292256
7865,65.542000,-1.440663,0.176434,-0.290497
7866,65.550000,-1.441502,0.176461,-0.288960
7867,65.558000,-1.442337,0.176294,-0.287636
7868,65.567000,-1.442701,0.176269,-0.286679
7869,65.575000,-1.442811,0.176356,-0.285691
7870,65.583000,-1.442659,0.176373,-0.284614
7871,65.592000,-1.442276,0.176256,-0.283510
7872,65.600000,-1.441734,0.176157,-0.282110
7873,65.608000,-1.441118,0.176230,-0.280444
7874,65.617000,-1.440600,0.176328,-0.278307
7875,65.625000,-1.440305,0.176173,-0.275978
7876,65.633000,-1.440140,0.176192,-0.273538
7877,65.642000,-1.440471,0.176303,-0.271064
7878,65.650000,-1.441018,0.176219,-0.268812
7879,65.658000,-1.441766,0.176239,-0.266691
7880,65.667000,-1.442601,0.176292,-0.264816
7881,65.675000,-1.443450,0.176244,-0.263401
7882,65.683000,-1.444172,0.176141,-0.262107
7883,65.692000,-1.444703,0.176083,-0.261022
7884,65.700000,-1.444896,0.176093,-0.260035
7885,65.708000,-1.444712,0.176162,-0.259026
7886,65.717000,-1.444369,0.176157,-0.257794
7887,65.725000,-1.443819,0.176005,-0.256359
7888,65.733000,-1.443183,0.175985,-0.254601
7889,65.742000,-1.442629,0.175993,-0.252516
7890,65.750000,-1.442172,0.175908,-0.250256
7891,65.758000,-1.442194,0.175929,-0.247829
7892,65.767000,-1.442498,0.175974,-0.245366
7893,65.775000,-1.443071,0.176023,-0.242860
7894,65.783000,-1.443836,0.176000,-0.240745
7895,65.792000,-1.444767,0.176008,-0.238969
7896,65.800000,-1.445600,0.176026,-0.237528
7897,65.808000,-1.446460,0.176029,-0.236317
7898,65.817000,-1.446984,0.175974,-0.235334
7899,65.825000,-1.447166,0.175918,-0.234465
7900,65.833000,-1.446902,0.175882,-0.233541
7901,65.842000,-1.446526,0.175943,-0.232438
7902,65.850000,-1.445950,0.176004,-0.230959
7903,65.858000,-1.445212,0.176039,-0.229063
7904,65.867000,-1.444707,0.176004,-0.227027
7905,65.875000,-1.444313,0.175955,-0.224837
7906,65.883000,-1.444147,0.176010,-0.222448
7907,65.892000,-1.444520,0.176096,-0.220122
7908,65.900000,-1.445009,0.176031,-0.217850
7909,65.908000,-1.445647,0.176024,-0.215606
7910,65.917000,-1.446557,0.176001,-0.213674
7911,65.925000,-1.447323,0.176006,-0.212129
7912,65.933000,-1.448013,0.175897,-0.210770
7913,65.942000,-1.448533,0.175874,-0.209791
7914,65.950000,-1.448800,0.175930,-0.208842
7915,65.958000,-1.448668,0.175951,-0.207770
7916,65.967000,-1.448335,0.175880,-0.206621
7917,65.975000,-1.447839,0.175774,-0.205198
7918,65.983000,-1.447280,0.175823,-0.203435
7919,65.992000,-1.446767,0.175828,-0.201259
7920,66.000000,-1.446378,0.175786,-0.198938
7921,66.008000,-1.446302,0.175719,-0.196633
7922,66.017000,-1.446550,0.175792,-0.194175
7923,66.025000,-1.447042,0.175743,-0.191824
7924,66.033000,-1.447741,0.175715,-0.189751
7925,66.042000,-1.448598,0.175761,-0.187879
7926,66.050000,-1.449404,0.175821,-0.186241
7927,66.058000,-1.450173,0.175727,-0.184838
7928,66.067000,-1.450747,0.175578,-0.183768
7929,66.075000,-1.450869,0.175600,-0.182862
7930,66.083000,-1.450796,0.175665,-0.181820
7931,66.092000,-1.450542,0.175659,-0.180730
7932,66.100000,-1.449994,0.175599,-0.179318
7933,66.108000,-1.449453,0.175642,-0.177565
7934,66.117000,-1.448886,0.175669,-0.175705
7935,66.125000,-1.448539,0.175537,-0.173411
7936,66.133000,-1.448403,0.175599,-0.171001
7937,66.142000,-1.448722,0.175618,-0.168644
7938,66.150000,-1.449173,0.175599,-0.166310
7939,66.158000,-1.449879,0.175654,-0.164027
7940,66.167000,-1.450774,0.175589,-0.162255
7941,66.175000,-1.451602,0.175650,-0.160841
7942,66.183000,-1.452445,0.175542,-0.159613
7943,66.192000,-1.452965,0.175494,-0.158678
7944,66.200000,-1.453197,0.175545,-0.157833
7945,66.208000,-1.453108,0.175571,-0.156870
7946,66.217000,-1.452788,0.175573,-0.155907
7947,66.225000,-1.452324,0.175504,-0.154681
7948,66.233000,-1.451707,0.175486,-0.153106
7949,66.242000,-1.451215,0.175490,-0.151301
7950,66.250000,-1.450813,0.175454,-0.149148
7951,66.258000,-1.450660,0.175387,-0.147093
7952,66.267000,-1.450948,0.175437,-0.144891
7953,66.275000,-1.451361,0.175439,-0.142789
7954,66.283000,-1.452025,0.175363,-0.140810
7955,66.292000,-1.452890,0.175351,-0.139256
7956,66.300000,-1.453720,0.175410,-0.138120
7957,66.308000,-1.454564,0.175351,-0.137175
7958,66.317000,-1.455142,0.175292,-0.136536
7959,66.325000,-1.455351,0.175364,-0.136027
7960,66.333000,-1.455237,0.175442,-0.135450
7961,66.342000,-1.454909,0.175418,-0.134829
7962,66.350000,-1.454359,0.175296,-0.133928
7963,66.358000,-1.453728,0.175337,-0.132725
7964,66.367000,-1.453194,0.175385,-0.131350
7965,66.375000,-1.452766,0.175301,-0.129713
7966,66.383000,-1.452492,0.175250,-0.127915
7967,66.392000,-1.452702,0.175341,-0.126122
7968,66.400000,-1.453110,0.175347,-0.124571
7969,66.408000,-1.453731,0.175365,-0.123080
7970,66.417000,-1.454545,0.175371,-0.121897
7971,66.425000,-1.455372,0.175371,-0.121057
7972,66.433000,-1.456111,0.175312,-0.120436
7973,66.442000,-1.456556,0.175244,-0.120087
7974,66.450000,-1.456735,0.175280,-0.119926
7975,66.458000,-1.456582,0.175288,-0.119755
7976,66.467000,-1.456248,0.175261,-0.119527
7977,66.475000,-1.455643,0.175193,-0.119002
7978,66.483000,-1.454976,0.175260,-0.118178
7979,66.492000,-1.454404,0.175272,-0.117184
7980,66.500000,-1.453954,0.175212,-0.115881
7981,66.508000,-1.453664,0.175170,-0.114389
7982,66.517000,-1.453776,0.175227,-0.112915
7983,66.525000,-1.454208,0.175286,-0.111537
7984,66.533000,-1.454779,0.175161,-0.110337
7985,66.542000,-1.455508,0.175190,-0.109416
7986,66.550000,-1.456214,0.175170,-0.108820
7987,66.558000,-1.456947,0.175072,-0.108524
7988,66.567000,-1.457506,0.175007,-0.108510
7989,66.575000,-1.457658,0.175019,-0.108596
7990,66.583000,-1.457472,0.175022,-0.108616
7991,66.592000,-1.457126,0.174991,-0.108566
7992,66.600000,-1.456516,0.174949,-0.108263
7993,66.608000,-1.455872,0.175032,-0.107676
7994,66.617000,-1.455175,0.175128,-0.106712
7995,66.625000,-1.454648,0.175101,-0.105445
7996,66.633000,-1.454384,0.175074,-0.103922
7997,66.642000,-1.454450,0.175012,-0.102329
7998,66.650000,-1.454749,0.175073,-0.100829
7999,66.658000,-1.455311,0.175050,-0.099322
8000,66.667000,-1.455964,0.175087,-0.098074
8001,66.675000,-1.456789,0.175023,-0.097121
8002,66.683000,-1.457662,0.174980,-0.096518
8003,66.692000,-1.458187,0.174965,-0.096122
8004,66.700000,-1.458401,0.174966,-0.095754
8005,66.708000,-1.458270,0.174919,-0.095324
8006,66.717000,-1.457922,0.174850,-0.094806
8007,66.725000,-1.457300,0.174741,-0.094122
8008,66.733000,-1.456639,0.174807,-0.093098
8009,66.742000,-1.455962,0.174911,-0.091802
8010,66.750000,-1.455515,0.174908,-0.090340
8011,66.758000,-1.455275,0.174960,-0.088746
8012,66.767000,-1.455411,0.175008,-0.087034
8013,66.775000,-1.455802,0.175054,-0.085338
8014,66.783000,-1.456302,0.175092,-0.083772
8015,66.792000,-1.456832,0.175199,-0.082591
8016,66.800000,-1.457448,0.175290,-0.081951
8017,66.808000,-1.458153,0.175379,-0.081416
8018,66.817000,-1.458527,0.175356,-0.080987
8019,66.825000,-1.458530,0.175373,-0.080585
8020,66.833000,-1.458141,0.175445,-0.080169
8021,66.842000,-1.457473,0.175515,-0.079681
8022,66.850000,-1.456707,0.175505,-0.079019
8023,66.858000,-1.455907,0.175529,-0.077894
8024,66.867000,-1.455130,0.175588,-0.076477
8025,66.875000,-1.454575,0.175612,-0.074843
8026,66.883000,-1.454142,0.175620,-0.073089
8027,66.892000,-1.453938,0.175564,-0.071199
8028,66.900000,-1.454061,0.175594,-0.069339
8029,66.908000,-1.454297,0.175648,-0.067644
8030,66.917000,-1.454758,0.175615,-0.066228
8031,66.925000,-1.455251,0.175633,-0.065272
8032,66.933000,-1.455821,0.175591,-0.064523
8033,66.942000,-1.456155,0.175444,-0.064010
8034,66.950000,-1.456159,0.175475,-0.063691
8035,66.958000,-1.455813,0.175529,-0.063300
8036,66.967000,-1.455195,0.175559,-0.062825
8037,66.975000,-1.454349,0.175565,-0.062239
8038,66.983000,-1.453414,0.175634,-0.061317
8039,66.992000,-1.452412,0.175656,-0.059999
8040,67.000000,-1.451607,0.175543,-0.058520
8041,67.008000,-1.451010,0.175594,-0.057023
8042,67.017000,-1.450793,0.175682,-0.055362
8043,67.025000,-1.450829,0.175609,-0.053662
8044,67.033000,-1.451132,0.175623,-0.052070
8045,67.042000,-1.451513,0.175658,-0.050790
8046,67.050000,-1.451990,0.175698,-0.049846
8047,67.058000,-1.452441,0.175658,-0.049179
8048,67.067000,-1.452797,0.175586,-0.048762
8049,67.075000,-1.452850,0.175553,-0.048428
8050,67.083000,-1.452490,0.175567,-0.048045
8051,67.092000,-1.451812,0.175579,-0.047437
8052,67.100000,-1.450906,0.175556,-0.046747
8053,67.108000,-1.449904,0.175640,-0.045821
8054,67.117000,-1.448965,0.175692,-0.044692
8055,67.125000,-1.448091,0.175566,-0.043059
8056,67.133000,-1.447435,0.175542,-0.041226
8057,67.142000,-1.447017,0.175611,-0.039384
8058,67.150000,-1.446902,0.175619,-0.037399
8059,67.158000,-1.446957,0.175607,-0.035628
8060,67.167000,-1.447195,0.175655,-0.034090
8061,67.175000,-1.447615,0.175640,-0.032911
8062,67.183000,-1.447951,0.175647,-0.032092
8063,67.192000,-1.448227,0.175615,-0.031516
8064,67.200000,-1.448193,0.175617,-0.031037
8065,67.208000,-1.447740,0.175628,-0.030564
8066,67.217000,-1.446947,0.175541,-0.029930
8067,67.225000,-1.446049,0.175435,-0.029270
8068,67.233000,-1.445039,0.175457,-0.028300
8069,67.242000,-1.443960,0.175465,-0.026878
8070,67.250000,-1.442868,0.175512,-0.025226
8071,67.258000,-1.442084,0.175503,-0.023284
8072,67.267000,-1.441346,0.175378,-0.021253
8073,67.275000,-1.441180,0.175483,-0.019375
8074,67.283000,-1.441205,0.175528,-0.017470
8075,67.292000,-1.441396,0.175514,-0.015741
8076,67.300000,-1.441717,0.175495,-0.014366
8077,67.308000,-1.442124,0.175527,-0.013379
8078,67.317000,-1.442387,0.175441,-0.012561
8079,67.325000,-1.442240,0.175416,-0.011909
8080,67.333000,-1.441777,0.175451,-0.011384
8081,67.342000,-1.440967,0.175401,-0.010724
8082,67.350000,-1.440006,0.175329,-0.009956
8083,67.358000,-1.438907,0.175406,-0.008963
8084,67.367000,-1.437869,0.175505,-0.007600
8085,67.375000,-1.436894,0.175442,-0.005695
8086,67.383000,-1.435871,0.175463,-0.003878
8087,67.392000,-1.435158,0.175461,-0.002024
8088,67.400000,-1.434771,0.175512,0.000113
8089,67.408000,-1.434654,0.175446,0.001967
8090,67.417000,-1.434798,0.175495,0.003637
8091,67.425000,-1.435010,0.175482,0.005128
8092,67.433000,-1.435254,0.175454,0.006268
8093,67.442000,-1.435420,0.175424,0.007141
8094,67.450000,-1.435372,0.175399,0.007673
8095,67.458000,-1.434992,0.175417,0.008114
8096,67.467000,-1.434260,0.175426,0.008655
8097,67.475000,-1.433294,0.175358,0.009343
8098,67.483000,-1.432009,0.175251,0.010336
8099,67.492000,-1.430828,0.175263,0.011627
8100,67.500000,-1.429673,0.175316,0.013196
8101,67.508000,-1.428631,0.175279,0.014897
8102,67.517000,-1.427911,0.175317,0.016676
8103,67.525000,-1.427608,0.175376,0.018644
8104,67.533000,-1.427378,0.175225,0.020657
8105,67.542000,-1.427416,0.175328,0.022416
8106,67.550000,-1.427629,0.175305,0.023902
8107,67.558000,-1.427773,0.175249,0.025034
8108,67.567000,-1.427907,0.175149,0.025906
8109,67.575000,-1.427759,0.175025,0.026532
8110,67.583000,-1.427315,0.175031,0.027042
8111,67.592000,-1.426627,0.175010,0.027635
8112,67.600000,-1.425722,0.174972,0.028251
8113,67.608000,-1.424499,0.174940,0.029110
8114,67.617000,-1.423166,0.175043,0.030406
8115,67.625000,-1.422020,0.175104,0.031913
8116,67.633000,-1.420820,0.175005,0.033535
8117,67.642000,-1.419897,0.175041,0.035301
8118,67.650000,-1.419515,0.175075,0.037140
8119,67.658000,-1.419120,0.175058,0.039017
8120,67.667000,-1.419039,0.175054,0.040681
8121,67.675000,-1.419153,0.175077,0.042104
8122,67.683000,-1.419339,0.175138,0.043126
8123,67.692000,-1.419451,0.175144,0.044023
8124,67.700000,-1.419317,0.175192,0.044651
8125,67.708000,-1.418782,0.175246,0.045155
8126,67.717000,-1.417950,0.175225,0.045740
8127,67.725000,-1.416895,0.175164,0.046351
8128,67.733000,-1.415696,0.175127,0.047020
8129,67.742000,-1.414286,0.175146,0.048115
8130,67.750000,-1.413137,0.175191,0.049595
8131,67.758000,-1.412054,0.175230,0.051214
8132,67.767000,-1.410954,0.175229,0.053188
8133,67.775000,-1.410345,0.175243,0.054966
8134,67.783000,-1.409972,0.175266,0.056937
8135,67.792000,-1.409749,0.175312,0.058620
8136,67.800000,-1.409815,0.175316,0.060197
8137,67.808000,-1.410019,0.175317,0.061456
8138,67.817000,-1.410234,0.175300,0.062323
8139,67.825000,-1.410203,0.175232,0.062926
8140,67.833000,-1.409768,0.175216,0.063364
8141,67.842000,-1.408955,0.175219,0.063882
8142,67.850000,-1.407842,0.175199,0.064420
8143,67.858000,-1.406611,0.175094,0.065121
8144,67.867000,-1.405197,0.175070,0.066336
8145,67.875000,-1.403876,0.175183,0.067828
8146,67.883000,-1.402713,0.175248,0.069432
8147,67.892000,-1.401534,0.175137,0.071345
8148,67.900000,-1.400796,0.175286,0.073105
8149,67.908000,-1.400409,0.175203,0.075104
8150,67.917000,-1.400148,0.175256,0.077016
8151,67.925000,-1.400063,0.175211,0.078474
8152,67.933000,-1.400120,0.175168,0.079604
8153,67.942000,-1.400172,0.175164,0.080513
8154,67.950000,-1.400009,0.175116,0.081222
8155,67.958000,-1.399567,0.175116,0.081792
8156,67.967000,-1.398793,0.175193,0.082314
8157,67.975000,-1.397767,0.175196,0.082866
8158,67.983000,-1.396642,0.175115,0.083517
8159,67.992000,-1.395260,0.175056,0.084561
8160,68.000000,-1.393879,0.175142,0.085895
8161,68.008000,-1.392511,0.175220,0.087481
8162,68.017000,-1.391326,0.175192,0.089354
8163,68.025000,-1.390555,0.175271,0.091100
8164,68.033000,-1.390017,0.175271,0.092767
8165,68.042000,-1.389808,0.175220,0.094639
8166,68.050000,-1.389742,0.175254,0.096084
8167,68.058000,-1.389890,0.175273,0.097212
8168,68.067000,-1.389898,0.175335,0.098019
8169,68.075000,-1.389756,0.175257,0.098690
8170,68.083000,-1.389337,0.175205,0.099138
8171,68.092000,-1.388552,0.175239,0.099482
8172,68.100000,-1.387457,0.175301,0.099887
8173,68.108000,-1.386317,0.175218,0.100435
8174,68.117000,-1.384910,0.175201,0.101296
8175,68.125000,-1.383402,0.175129,0.102498
8176,68.133000,-1.382058,0.175223,0.103867
8177,68.142000,-1.380728,0.175232,0.105454
8178,68.150000,-1.379882,0.175278,0.107241
8179,68.158000,-1.379429,0.175318,0.108965
8180,68.167000,-1.379118,0.175290,0.110418
8181,68.175000,-1.379036,0.175236,0.111922
8182,68.183000,-1.379115,0.175193,0.113122
8183,68.192000,-1.379197,0.175249,0.113875
8184,68.200000,-1.379113,0.175214,0.114483
8185,68.208000,-1.378718,0.175208,0.114865
8186,68.217000,-1.377972,0.175266,0.115066
8187,68.225000,-1.376857,0.175224,0.115386
8188,68.233000,-1.375684,0.175116,0.115780
8189,68.242000,-1.374299,0.175090,0.116468
8190,68.250000,-1.372986,0.175138,0.117436
8191,68.258000,-1.371510,0.175130,0.118711
8192,68.267000,-1.370263,0.175107,0.120138
8193,68.275000,-1.369242,0.175128,0.121818
8194,68.283000,-1.368558,0.175227,0.123467
8195,68.292000,-1.368190,0.175134,0.124954
8196,68.300000,-1.368027,0.175152,0.126350
8197,68.308000,-1.367986,0.175091,0.127502
8198,68.317000,-1.367962,0.175068,0.128285
8199,68.325000,-1.367866,0.175097,0.128741
8200,68.333000,-1.367518,0.175073,0.128987
8201,68.342000,-1.366736,0.175071,0.129202
8202,68.350000,-1.365634,0.175093,0.129457
8203,68.358000,-1.364405,0.175027,0.129860
8204,68.367000,-1.362956,0.174991,0.130533
8205,68.375000,-1.361610,0.175079,0.131408
8206,68.383000,-1.360123,0.175117,0.132399
8207,68.392000,-1.358746,0.175006,0.133995
8208,68.400000,-1.357759,0.175089,0.135620
8209,68.408000,-1.356965,0.175129,0.137238
8210,68.417000,-1.356314,0.175101,0.138983
8211,68.425000,-1.356010,0.175036,0.140425
8212,68.433000,-1.355902,0.174997,0.141530
8213,68.442000,-1.355856,0.174980,0.142372
8214,68.450000,-1.355746,0.174989,0.142931
8215,68.458000,-1.355309,0.174892,0.143371
8216,68.467000,-1.354509,0.174869,0.143631
8217,68.475000,-1.353439,0.174879,0.143993
8218,68.483000,-1.352141,0.174851,0.144371
8219,68.492000,-1.350513,0.174823,0.145010
8220,68.500000,-1.348912,0.174808,0.145939
8221,68.508000,-1.347350,0.174873,0.147124
8222,68.517000,-1.345784,0.174793,0.148726
8223,68.525000,-1.344588,0.174786,0.150400
8224,68.533000,-1.343590,0.174843,0.152118
8225,68.542000,-1.342869,0.174889,0.153889
8226,68.550000,-1.342355,0.174893,0.155405
8227,68.558000,-1.342084,0.174882,0.156685
8228,68.567000,-1.341835,0.174911,0.157625
8229,68.575000,-1.341513,0.174902,0.158255
8230,68.583000,-1.340986,0.174830,0.158836
8231,68.592000,-1.340110,0.174833,0.159306
8232,68.600000,-1.338807,0.174864,0.159692
8233,68.608000,-1.337178,0.174825,0.160205
8234,68.617000,-1.335584,0.174753,0.160986
8235,68.625000,-1.333753,0.174809,0.162163
8236,68.633000,-1.331875,0.174875,0.163603
8237,68.642000,-1.330171,0.174877,0.165136
8238,68.650000,-1.328594,0.174757,0.167000
8239,68.658000,-1.327419,0.174754,0.168849
8240,68.667000,-1.326358,0.174812,0.170838
8241,68.675000,-1.325712,0.174744,0.172564
8242,68.683000,-1.325236,0.174729,0.174065
8243,68.692000,-1.324855,0.174665,0.175280
8244,68.700000,-1.324385,0.174632,0.176199
8245,68.708000,-1.323817,0.174534,0.176887
8246,68.717000,-1.322933,0.174551,0.177247
8247,68.725000,-1.321639,0.174633,0.177562
8248,68.733000,-1.320054,0.174544,0.178044
8249,68.742000,-1.318368,0.174539,0.178627
8250,68.750000,-1.316623,0.174577,0.179473
8251,68.758000,-1.314698,0.174628,0.180613
8252,68.767000,-1.312893,0.174644,0.182064
8253,68.775000,-1.311243,0.174500,0.183823
8254,68.783000,-1.309880,0.174538,0.185578
8255,68.792000,-1.308850,0.174606,0.187188
8256,68.800000,-1.308048,0.174619,0.188789
8257,68.808000,-1.307682,0.174669,0.190125
8258,68.817000,-1.307263,0.174698,0.191143
8259,68.825000,-1.306806,0.174675,0.191897
8260,68.833000,-1.306162,0.174624,0.192478
8261,68.842000,-1.305242,0.174682,0.192770
8262,68.850000,-1.304031,0.174779,0.192906
8263,68.858000,-1.302560,0.174760,0.193248
8264,68.867000,-1.300828,0.174583,0.193715
8265,68.875000,-1.299033,0.174653,0.194470
8266,68.883000,-1.297130,0.174764,0.195501
8267,68.892000,-1.295187,0.174645,0.196883
8268,68.900000,-1.293450,0.174576,0.198344
8269,68.908000,-1.291963,0.174565,0.200040
8270,68.917000,-1.290917,0.174683,0.201750
8271,68.925000,-1.290085,0.174720,0.203211
8272,68.933000,-1.289251,0.174695,0.204624
8273,68.942000,-1.288780,0.174633,0.205791
8274,68.950000,-1.288260,0.174586,0.206494
8275,68.958000,-1.287704,0.174554,0.207002
8276,68.967000,-1.286777,0.174500,0.207356
8277,68.975000,-1.285523,0.174505,0.207600
8278,68.983000,-1.284068,0.174484,0.207851
8279,68.992000,-1.282371,0.174478,0.208227
8280,69.000000,-1.280392,0.174476,0.208993
8281,69.008000,-1.278378,0.174565,0.210021
8282,69.017000,-1.276320,0.174417,0.211301
8283,69.025000,-1.274571,0.174410,0.212614
8284,69.033000,-1.273033,0.174478,0.214163
8285,69.042000,-1.271854,0.174426,0.215782
8286,69.050000,-1.270960,0.174486,0.217475
8287,69.058000,-1.270154,0.174400,0.218920
8288,69.067000,-1.269520,0.174297,0.220031
8289,69.075000,-1.268805,0.174285,0.220708
8290,69.083000,-1.268125,0.174250,0.221139
8291,69.092000,-1.267154,0.174194,0.221410
8292,69.100000,-1.265833,0.174151,0.221623
8293,69.108000,-1.264278,0.174236,0.221764
8294,69.117000,-1.262504,0.174250,0.221962
8295,69.125000,-1.260476,0.174145,0.222680
8296,69.133000,-1.258540,0.174182,0.223591
8297,69.142000,-1.256499,0.174235,0.224789
8298,69.150000,-1.254688,0.174313,0.226239
8299,69.158000,-1.253253,0.174293,0.227718
8300,69.167000,-1.252029,0.174248,0.229306
8301,69.175000,-1.251086,0.174229,0.230792
8302,69.183000,-1.250267,0.174237,0.232161
8303,69.192000,-1.249598,0.174230,0.233417
8304,69.200000,-1.248980,0.174255,0.234155
8305,69.208000,-1.248340,0.174252,0.234572
8306,69.217000,-1.247449,0.174211,0.234873
8307,69.225000,-1.246233,0.174251,0.235017
8308,69.233000,-1.244640,0.174246,0.235211
8309,69.242000,-1.242849,0.174172,0.235424
8310,69.250000,-1.241000,0.174105,0.235893
8311,69.258000,-1.238998,0.174097,0.236643
8312,69.267000,-1.236974,0.174231,0.237604
8313,69.275000,-1.235004,0.174146,0.238885
8314,69.283000,-1.233288,0.174104,0.240367
8315,69.292000,-1.231961,0.174203,0.241864
8316,69.300000,-1.230810,0.174228,0.243435
8317,69.308000,-1.229971,0.174179,0.244635
8318,69.317000,-1.229248,0.174131,0.245742
8319,69.325000,-1.228462,0.174111,0.246511
8320,69.333000,-1.227643,0.174164,0.246952
8321,69.342000,-1.226800,0.174104,0.247074
8322,69.350000,-1.225695,0.174079,0.247074
8323,69.358000,-1.224153,0.174120,0.247166
8324,69.367000,-1.222341,0.174182,0.247332
8325,69.375000,-1.220399,0.174115,0.247568
8326,69.383000,-1.218224,0.174154,0.248166
8327,69.392000,-1.215966,0.174222,0.249194
8328,69.400000,-1.213998,0.174182,0.250357
8329,69.408000,-1.212113,0.174076,0.251799
8330,69.417000,-1.210710,0.174054,0.253325
8331,69.425000,-1.209373,0.174141,0.254628
8332,69.433000,-1.208559,0.173975,0.256028
8333,69.442000,-1.207844,0.174026,0.257062
8334,69.450000,-1.207183,0.173963,0.257820
8335,69.458000,-1.206478,0.173892,0.258388
8336,69.467000,-1.205579,0.173852,0.258607
8337,69.475000,-1.204361,0.173926,0.258600
8338,69.483000,-1.202751,0.173950,0.258548
8339,69.492000,-1.200964,0.173966,0.258616
8340,69.500000,-1.198936,0.173953,0.258713
8341,69.508000,-1.197051,0.173972,0.259261
8342,69.517000,-1.194839,0.173954,0.260002
8343,69.525000,-1.192750,0.174026,0.261032
8344,69.533000,-1.190902,0.173997,0.262447
8345,69.542000,-1.189336,0.173930,0.263966
8346,69.550000,-1.188165,0.173949,0.265335
8347,69.558000,-1.187108,0.173826,0.266684
8348,69.567000,-1.186308,0.173788,0.267672
8349,69.575000,-1.185605,0.173777,0.268359
8350,69.583000,-1.184896,0.173772,0.268689
8351,69.592000,-1.184032,0.173702,0.268910
8352,69.600000,-1.182673,0.173640,0.268972
8353,69.608000,-1.181232,0.173617,0.268953
8354,69.617000,-1.179431,0.173571,0.269000
8355,69.625000,-1.177440,0.173471,0.269247
8356,69.633000,-1.175353,0.173527,0.269668
8357,69.642000,-1.173281,0.173614,0.270314
8358,69.650000,-1.171029,0.173485,0.271384
8359,69.658000,-1.169132,0.173437,0.272607
8360,69.667000,-1.167382,0.173430,0.273971
8361,69.675000,-1.166044,0.173513,0.275194
8362,69.683000,-1.165000,0.173504,0.276231
8363,69.692000,-1.164048,0.173394,0.277339
8364,69.700000,-1.163359,0.173273,0.278174
8365,69.708000,-1.162641,0.173353,0.278485
8366,69.717000,-1.161894,0.173336,0.278563
8367,69.725000,-1.160783,0.173332,0.278515
8368,69.733000,-1.159217,0.173353,0.278360
8369,69.742000,-1.157472,0.173334,0.278255
8370,69.750000,-1.155517,0.173251,0.278180
8371,69.758000,-1.153439,0.173319,0.278374
8372,69.767000,-1.151280,0.173343,0.278978
8373,69.775000,-1.149060,0.173331,0.279771
8374,69.783000,-1.147004,0.173352,0.280863
8375,69.792000,-1.145360,0.173411,0.282116
8376,69.800000,-1.144028,0.173500,0.283275
8377,69.808000,-1.142709,0.173399,0.284505
8378,69.817000,-1.141776,0.173338,0.285510
8379,69.825000,-1.141006,0.173346,0.286183
8380,69.833000,-1.140072,0.173360,0.286510
8381,69.842000,-1.139144,0.173288,0.286663
8382,69.850000,-1.138065,0.173202,0.286563
8383,69.858000,-1.136609,0.173251,0.286271
8384,69.867000,-1.134832,0.173287,0.286052
8385,69.875000,-1.132804,0.173179,0.286045
8386,69.883000,-1.130695,0.173172,0.286272
8387,69.892000,-1.128418,0.173216,0.286843
8388,69.900000,-1.125976,0.173242,0.287848
8389,69.908000,-1.123824,0.173284,0.288957
8390,69.917000,-1.121830,0.173246,0.290266
8391,69.925000,-1.120528,0.173313,0.291331
8392,69.933000,-1.119260,0.173242,0.292493
8393,69.942000,-1.118154,0.173127,0.293546
8394,69.950000,-1.117246,0.173069,0.294209
8395,69.958000,-1.116425,0.173043,0.294416
8396,69.967000,-1.115574,0.173050,0.294515
8397,69.975000,-1.114441,0.172951,0.294378
8398,69.983000,-1.112956,0.172982,0.294090
8399,69.992000,-1.111064,0.173027,0.293747
8400,70.000000,-1.109110,0.172939,0.293546
8401,70.008000,-1.106844,0.172822,0.293816
8402,70.017000,-1.104536,0.172890,0.294140
8403,70.025000,-1.102322,0.172993,0.294733
8404,70.033000,-1.100182,0.172966,0.295666
8405,70.042000,-1.098298,0.172988,0.296776
8406,70.050000,-1.096588,0.172998,0.298124
8407,70.058000,-1.095370,0.173020,0.299194
8408,70.067000,-1.094344,0.172993,0.300096
8409,70.075000,-1.093392,0.172901,0.300884
8410,70.083000,-1.092487,0.172905,0.301235
8411,70.092000,-1.091625,0.172914,0.301266
8412,70.100000,-1.090574,0.172892,0.301075
8413,70.108000,-1.089121,0.172835,0.300690
8414,70.117000,-1.087274,0.172792,0.300327
8415,70.125000,-1.085346,0.172769,0.300091
8416,70.133000,-1.083252,0.172795,0.300026
8417,70.142000,-1.080906,0.172776,0.300292
8418,70.150000,-1.078642,0.172824,0.300856
8419,70.158000,-1.076536,0.172857,0.301635
8420,70.167000,-1.074481,0.172748,0.302695
8421,70.175000,-1.072945,0.172741,0.303712
8422,70.183000,-1.071627,0.172794,0.304711
8423,70.192000,-1.070527,0.172806,0.305632
8424,70.200000,-1.069644,0.172824,0.306175
8425,70.208000,-1.068804,0.172819,0.306414
8426,70.217000,-1.067791,0.172770,0.306352
8427,70.225000,-1.066351,0.172731,0.306069
8428,70.233000,-1.064534,0.172761,0.305634
8429,70.242000,-1.062348,0.172804,0.305247
8430,70.250000,-1.059675,0.172634,0.305052
8431,70.258000,-1.056677,0.172475,0.305074
8432,70.267000,-1.053353,0.172387,0.305154
8433,70.275000,-1.049863,0.172513,0.305516
8434,70.283000,-1.046405,0.172485,0.306399
8435,70.292000,-1.043176,0.172432,0.307214
8436,70.300000,-1.040315,0.172283,0.308406
8437,70.308000,-1.037763,0.172306,0.309460
8438,70.317000,-1.035309,0.172297,0.310496
8439,70.325000,-1.032937,0.172305,0.311066
8440,70.333000,-1.030561,0.172259,0.311438
8441,70.342000,-1.028393,0.172148,0.311315
8442,70.350000,-1.025943,0.172043,0.311086
8443,70.358000,-1.023272,0.171932,0.310620
8444,70.367000,-1.020473,0.172018,0.309983
8445,70.375000,-1.017285,0.171991,0.309640
8446,70.383000,-1.014025,0.171954,0.309391
8447,70.392000,-1.010456,0.171864,0.309307
8448,70.400000,-1.006876,0.172021,0.309456
8449,70.408000,-1.003200,0.171928,0.310133
8450,70.417000,-0.999777,0.171900,0.310784
8451,70.425000,-0.996789,0.171856,0.311428
8452,70.433000,-0.994047,0.171840,0.312259
8453,70.442000,-0.991704,0.171843,0.313010
8454,70.450000,-0.989335,0.171772,0.313568
8455,70.458000,-0.987217,0.171746,0.313834
8456,70.467000,-0.985209,0.171714,0.313597
8457,70.475000,-0.982997,0.171733,0.313217
8458,70.483000,-0.980570,0.171677,0.312470
8459,70.492000,-0.978024,0.171676,0.311641
8460,70.500000,-0.975091,0.171698,0.310955
8461,70.508000,-0.972070,0.171668,0.310363
8462,70.517000,-0.968720,0.171603,0.309930
8463,70.525000,-0.965370,0.171626,0.309827
8464,70.533000,-0.962087,0.171614,0.310128
8465,70.542000,-0.958898,0.171569,0.310457
8466,70.550000,-0.956059,0.171570,0.311023
8467,70.558000,-0.953648,0.171566,0.311549
8468,70.567000,-0.951513,0.171497,0.312110
8469,70.575000,-0.949478,0.171449,0.312477
8470,70.583000,-0.947702,0.171449,0.312368
8471,70.592000,-0.945988,0.171376,0.311977
8472,70.600000,-0.944183,0.171300,0.311489
8473,70.608000,-0.942187,0.171183,0.310678
8474,70.617000,-0.940059,0.171241,0.309630
8475,70.625000,-0.937566,0.171332,0.308774
8476,70.633000,-0.934846,0.171225,0.308083
8477,70.642000,-0.931976,0.171135,0.307392
8478,70.650000,-0.929103,0.171249,0.307164
8479,70.658000,-0.926110,0.171253,0.307248
8480,70.667000,-0.923287,0.171195,0.307587
8481,70.675000,-0.920752,0.171062,0.308227
8482,70.683000,-0.918795,0.171173,0.308905
8483,70.692000,-0.916972,0.171186,0.309678
8484,70.700000,-0.915352,0.171074,0.310310
8485,70.708000,-0.913770,0.170933,0.310838
8486,70.717000,-0.912230,0.170846,0.311025
8487,70.725000,-0.910994,0.170967,0.310765
8488,70.733000,-0.909628,0.171027,0.310275
8489,70.742000,-0.907790,0.171072,0.309728
8490,70.750000,-0.905344,0.171065,0.309160
8491,70.758000,-0.902873,0.171084,0.308735
8492,70.767000,-0.900286,0.171107,0.308294
8493,70.775000,-0.897364,0.171189,0.308240
8494,70.783000,-0.894562,0.171221,0.308653
8495,70.792000,-0.891743,0.171101,0.309310
8496,70.800000,-0.889434,0.171152,0.309967
8497,70.808000,-0.887343,0.171125,0.310890
8498,70.817000,-0.885505,0.171073,0.311636
8499,70.825000,-0.883900,0.171074,0.312293
8500,70.833000,-0.882581,0.171062,0.312761
8501,70.842000,-0.881350,0.171080,0.312809
8502,70.850000,-0.880074,0.171044,0.312571
8503,70.858000,-0.878618,0.170961,0.312147
8504,70.867000,-0.876897,0.170971,0.311568
8505,70.875000,-0.874760,0.171026,0.311054
8506,70.883000,-0.872495,0.170974,0.310655
8507,70.892000,-0.870023,0.170984,0.310386
8508,70.900000,-0.867370,0.171106,0.310376
8509,70.908000,-0.864582,0.171113,0.310685
8510,70.917000,-0.861922,0.171121,0.311460
8511,70.925000,-0.859564,0.171156,0.312153
8512,70.933000,-0.857396,0.171118,0.313186
8513,70.942000,-0.855755,0.171154,0.314074
8514,70.950000,-0.854394,0.171056,0.314970
8515,70.958000,-0.853055,0.171087,0.315461
8516,70.967000,-0.851791,0.171085,0.315588
8517,70.975000,-0.850440,0.171092,0.315541
8518,70.983000,-0.848954,0.170953,0.315272
8519,70.992000,-0.847086,0.170972,0.314752
8520,71.000000,-0.844976,0.171069,0.314255
8521,71.008000,-0.842615,0.171128,0.313892
8522,71.017000,-0.839935,0.170939,0.313681
8523,71.025000,-0.837299,0.170969,0.313625
8524,71.033000,-0.834586,0.170953,0.313937
8525,71.042000,-0.832052,0.170932,0.314415
8526,71.050000,-0.829577,0.170803,0.315249
8527,71.058000,-0.827303,0.170846,0.316178
8528,71.067000,-0.825047,0.170807,0.317201
8529,71.075000,-0.823317,0.170769,0.318023
8530,71.083000,-0.821822,0.170830,0.318447
8531,71.092000,-0.820369,0.170857,0.318616
8532,71.100000,-0.818920,0.170798,0.318584
8533,71.108000,-0.817250,0.170658,0.318207
8534,71.117000,-0.815455,0.170680,0.317672
8535,71.125000,-0.813069,0.170695,0.317302
8536,71.133000,-0.810522,0.170626,0.317055
8537,71.142000,-0.807829,0.170615,0.316669
8538,71.150000,-0.804986,0.170671,0.316757
8539,71.158000,-0.802199,0.170660,0.317051
8540,71.167000,-0.799349,0.170624,0.317698
8541,71.175000,-0.796583,0.170675,0.318434
8542,71.183000,-0.794177,0.170741,0.319477
8543,71.192000,-0.792384,0.170746,0.320410
8544,71.200000,-0.790553,0.170569,0.321500
8545,71.208000,-0.789125,0.170585,0.321993
8546,71.217000,-0.787712,0.170637,0.322104
8547,71.225000,-0.786179,0.170581,0.322089
8548,71.233000,-0.784602,0.170400,0.321774
8549,71.242000,-0.782610,0.170394,0.321368
8550,71.250000,-0.780188,0.170419,0.321122
8551,71.258000,-0.777515,0.170489,0.321091
8552,71.267000,-0.774640,0.170581,0.320788
8553,71.275000,-0.771828,0.170607,0.320997
8554,71.283000,-0.769001,0.170605,0.321426
8555,71.292000,-0.766202,0.170502,0.322131
8556,71.300000,-0.763500,0.170537,0.322951
8557,71.308000,-0.761164,0.170494,0.323970
8558,71.317000,-0.759417,0.170559,0.324967
8559,71.325000,-0.757640,0.170380,0.326026
8560,71.333000,-0.756085,0.170353,0.326537
8561,71.342000,-0.754498,0.170576,0.326730
8562,71.350000,-0.753028,0.170593,0.326808
8563,71.358000,-0.751462,0.170410,0.326507
8564,71.367000,-0.749612,0.170279,0.325958
8565,71.375000,-0.747216,0.170395,0.325513
8566,71.383000,-0.744587,0.170439,0.325239
8567,71.392000,-0.741940,0.170317,0.324849
8568,71.400000,-0.738986,0.170389,0.324870
8569,71.408000,-0.736286,0.170393,0.325197
8570,71.417000,-0.733288,0.170405,0.325855
8571,71.425000,-0.730567,0.170531,0.326567
8572,71.433000,-0.728061,0.170582,0.327584
8573,71.442000,-0.726286,0.170599,0.328452
8574,71.450000,-0.724493,0.170467,0.329382
8575,71.458000,-0.723031,0.170500,0.329964
8576,71.467000,-0.721604,0.170545,0.330110
8577,71.475000,-0.720193,0.170492,0.330142
8578,71.483000,-0.718571,0.170373,0.329822
8579,71.492000,-0.716663,0.170369,0.329402
8580,71.500000,-0.714315,0.170518,0.328853
8581,71.508000,-0.711774,0.170579,0.328415
8582,71.517000,-0.709168,0.170513,0.328148
8583,71.525000,-0.706196,0.170465,0.328246
8584,71.533000,-0.703427,0.170558,0.328554
8585,71.542000,-0.700519,0.170596,0.329172
8586,71.550000,-0.697910,0.170571,0.329942
8587,71.558000,-0.695368,0.170580,0.330885
8588,71.567000,-0.693485,0.170563,0.331742
8589,71.575000,-0.691681,0.170555,0.332722
8590,71.583000,-0.690064,0.170504,0.333367
8591,71.592000,-0.688696,0.170522,0.333555
8592,71.600000,-0.687147,0.170487,0.333516
8593,71.608000,-0.685515,0.170298,0.333363
8594,71.617000,-0.683613,0.170245,0.332909
8595,71.625000,-0.681354,0.170308,0.332325
8596,71.633000,-0.678632,0.170306,0.331910
8597,71.642000,-0.675890,0.170285,0.331695
8598,71.650000,-0.672972,0.170138,0.331815
8599,71.658000,-0.670079,0.170243,0.331999
8600,71.667000,-0.667138,0.170311,0.332682
8601,71.675000,-0.664373,0.170348,0.333447
8602,71.683000,-0.661838,0.170394,0.334370
8603,71.692000,-0.659874,0.170528,0.335352
8604,71.700000,-0.657858,0.170389,0.336359
8605,71.708000,-0.656360,0.170460,0.336902
8606,71.717000,-0.655030,0.170446,0.337205
8607,71.725000,-0.653518,0.170455,0.337277
8608,71.733000,-0.651908,0.170312,0.337097
8609,71.742000,-0.650055,0.170265,0.336723
8610,71.750000,-0.647845,0.170363,0.336204
8611,71.758000,-0.645222,0.170440,0.335783
8612,71.767000,-0.642559,0.170370,0.335512
8613,71.775000,-0.639540,0.170404,0.335590
8614,71.783000,-0.636752,0.170419,0.335830
8615,71.792000,-0.633852,0.170451,0.336414
8616,71.800000,-0.631062,0.170378,0.337112
8617,71.808000,-0.628616,0.170418,0.338064
8618,71.817000,-0.626649,0.170349,0.338908
8619,71.825000,-0.624571,0.170137,0.340006
8620,71.833000,-0.623004,0.170196,0.340482
8621,71.842000,-0.621371,0.170095,0.340721
8622,71.850000,-0.619635,0.169938,0.340709
8623,71.858000,-0.617925,0.169717,0.340361
8624,71.867000,-0.616235,0.169719,0.339884
8625,71.875000,-0.613830,0.169839,0.339402
8626,71.883000,-0.611138,0.169862,0.339002
8627,71.892000,-0.608304,0.169654,0.338717
8628,71.900000,-0.605190,0.169506,0.338903
8629,71.908000,-0.602194,0.169491,0.339145
8630,71.917000,-0.599469,0.169663,0.339660
8631,71.925000,-0.596764,0.169722,0.340582
8632,71.933000,-0.594338,0.169823,0.341386
8633,71.942000,-0.592202,0.169755,0.342411
8634,71.950000,-0.590636,0.169748,0.343284
8635,71.958000,-0.589169,0.169752,0.343933
8636,71.967000,-0.587483,0.169686,0.344321
8637,71.975000,-0.585994,0.169672,0.344255
8638,71.983000,-0.584566,0.169547,0.344132
8639,71.992000,-0.582862,0.169531,0.343694
8640,72.000000,-0.580517,0.169503,0.343211
8641,72.008000,-0.578114,0.169582,0.342731
8642,72.017000,-0.575386,0.169595,0.342500
8643,72.025000,-0.572359,0.169495,0.342540
8644,72.033000,-0.569354,0.169420,0.342811
8645,72.042000,-0.566617,0.169571,0.343417
8646,72.050000,-0.563804,0.169523,0.344170
8647,72.058000,-0.561490,0.169644,0.345016
8648,72.067000,-0.559516,0.169464,0.346180
8649,72.075000,-0.557935,0.169533,0.347073
8650,72.083000,-0.556220,0.169521,0.347786
8651,72.092000,-0.554505,0.169512,0.348229
8652,72.100000,-0.553060,0.169610,0.348190
8653,72.108000,-0.551748,0.169409,0.347940
8654,72.117000,-0.549848,0.169288,0.347635
8655,72.125000,-0.547599,0.169351,0.347093
8656,72.133000,-0.545176,0.169470,0.346666
8657,72.142000,-0.542371,0.169373,0.346550
8658,72.150000,-0.539364,0.169301,0.346502
8659,72.158000,-0.536491,0.169304,0.346893
8660,72.167000,-0.533578,0.169361,0.347324
8661,72.175000,-0.530798,0.169236,0.348208
8662,72.183000,-0.528274,0.169453,0.348967
8663,72.192000,-0.526138,0.169332,0.349992
8664,72.200000,-0.524387,0.169271,0.350843
8665,72.208000,-0.522696,0.169209,0.351760
8666,72.217000,-0.521175,0.169203,0.352074
8667,72.225000,-0.519681,0.169190,0.352077
8668,72.233000,-0.518089,0.169007,0.351998
8669,72.242000,-0.516309,0.169002,0.351583
8670,72.250000,-0.514157,0.169067,0.351095
8671,72.258000,-0.511679,0.169023,0.350760
8672,72.267000,-0.509021,0.168803,0.350515
8673,72.275000,-0.506204,0.168825,0.350527
8674,72.283000,-0.503169,0.168841,0.350754
8675,72.292000,-0.500178,0.168859,0.351422
8676,72.300000,-0.497507,0.168829,0.352019
8677,72.308000,-0.495157,0.168842,0.353008
8678,72.317000,-0.493095,0.168724,0.353940
8679,72.325000,-0.491209,0.168709,0.354873
8680,72.333000,-0.489514,0.168736,0.355788
8681,72.342000,-0.487952,0.168730,0.356253
8682,72.350000,-0.486354,0.168725,0.356445
8683,72.358000,-0.484655,0.168611,0.356368
8684,72.367000,-0.482938,0.168575,0.355994
8685,72.375000,-0.480499,0.168487,0.355608
8686,72.383000,-0.477918,0.168469,0.355193
8687,72.392000,-0.475405,0.168376,0.354737
8688,72.400000,-0.472524,0.168267,0.354627
8689,72.408000,-0.469635,0.168166,0.355018
8690,72.417000,-0.466524,0.168212,0.355868
8691,72.425000,-0.463483,0.168286,0.356905
8692,72.433000,-0.460910,0.168473,0.357978
8693,72.442000,-0.458760,0.168325,0.359263
8694,72.450000,-0.457000,0.168190,0.360392
8695,72.458000,-0.455420,0.168158,0.361467
8696,72.467000,-0.453970,0.168098,0.362252
8697,72.475000,-0.452573,0.168001,0.362585
8698,72.483000,-0.450994,0.167840,0.362695
8699,72.492000,-0.449056,0.167942,0.362695
8700,72.500000,-0.446797,0.168008,0.362607
8701,72.508000,-0.444254,0.167999,0.362588
8702,72.517000,-0.441704,0.167988,0.362636
8703,72.525000,-0.438766,0.167872,0.363054
8704,72.533000,-0.435821,0.168015,0.363765
8705,72.542000,-0.432884,0.168058,0.364914
8706,72.550000,-0.430032,0.168050,0.366149
8707,72.558000,-0.427704,0.168069,0.367450
8708,72.567000,-0.425565,0.167859,0.368993
8709,72.575000,-0.423764,0.167833,0.370326
8710,72.583000,-0.422159,0.167851,0.371800
8711,72.592000,-0.420885,0.167886,0.372681
8712,72.600000,-0.419472,0.167858,0.373264
8713,72.608000,-0.418006,0.167695,0.373802
8714,72.617000,-0.416311,0.167676,0.374018
8715,72.625000,-0.414302,0.167695,0.374209
8716,72.633000,-0.411947,0.167606,0.374565
8717,72.642000,-0.409374,0.167605,0.375070
8718,72.650000,-0.406595,0.167565,0.375662
8719,72.658000,-0.403880,0.167538,0.376788
8720,72.667000,-0.401360,0.167573,0.378149
8721,72.675000,-0.398719,0.167585,0.379735
8722,72.683000,-0.396570,0.167684,0.381470
8723,72.692000,-0.394787,0.167601,0.383209
8724,72.700000,-0.393309,0.167443,0.384827
8725,72.708000,-0.391939,0.167468,0.386497
8726,72.717000,-0.390797,0.167603,0.387533
8727,72.725000,-0.389549,0.167495,0.388357
8728,72.733000,-0.388267,0.167303,0.388973
8729,72.742000,-0.386709,0.167256,0.389310
8730,72.750000,-0.384828,0.167335,0.389655
8731,72.758000,-0.382825,0.167349,0.390010
8732,72.767000,-0.380440,0.167326,0.390553
8733,72.775000,-0.377877,0.167299,0.391527
8734,72.783000,-0.375409,0.167283,0.392682
8735,72.792000,-0.372941,0.167297,0.394151
8736,72.800000,-0.370465,0.167355,0.395919
8737,72.808000,-0.368523,0.167360,0.397523
8738,72.817000,-0.366835,0.167272,0.399464
8739,72.825000,-0.365480,0.167252,0.401166
8740,72.833000,-0.364184,0.167218,0.402987
8741,72.842000,-0.363147,0.167166,0.404115
8742,72.850000,-0.362054,0.167249,0.404927
8743,72.858000,-0.360773,0.167037,0.405660
8744,72.867000,-0.359449,0.166937,0.406193
8745,72.875000,-0.357580,0.166985,0.406573
8746,72.883000,-0.355321,0.166987,0.407124
8747,72.892000,-0.353104,0.166899,0.407896
8748,72.900000,-0.350531,0.166906,0.408935
8749,72.908000,-0.347863,0.166936,0.410292
8750,72.917000,-0.345459,0.166892,0.411942
8751,72.925000,-0.343100,0.166902,0.413786
8752,72.933000,-0.341189,0.166874,0.415602
8753,72.942000,-0.339566,0.166955,0.417749
8754,72.950000,-0.338463,0.166923,0.419628
8755,72.958000,-0.337532,0.166918,0.421298
8756,72.967000,-0.336664,0.166935,0.422677
8757,72.975000,-0.335735,0.166977,0.423663
8758,72.983000,-0.334515,0.166923,0.424444
8759,72.992000,-0.332859,0.166927,0.425154
8760,73.000000,-0.330880,0.166946,0.425759
8761,73.008000,-0.328533,0.166902,0.426315
8762,73.017000,-0.326165,0.166934,0.426992
8763,73.025000,-0.323920,0.166887,0.428188
8764,73.033000,-0.321472,0.166838,0.429695
8765,73.042000,-0.318839,0.166810,0.431475
8766,73.050000,-0.316245,0.166886,0.433598
8767,73.058000,-0.314337,0.166883,0.435560
8768,73.067000,-0.312623,0.166773,0.437792
8769,73.075000,-0.311141,0.166668,0.439764
8770,73.083000,-0.309883,0.166561,0.441689
8771,73.092000,-0.308786,0.166665,0.443092
8772,73.100000,-0.307551,0.166581,0.444279
8773,73.108000,-0.306209,0.166543,0.445299
8774,73.117000,-0.304644,0.166546,0.445970
8775,73.125000,-0.302550,0.166616,0.446652
8776,73.133000,-0.300261,0.166572,0.447436
8777,73.142000,-0.297639,0.166505,0.448629
8778,73.150000,-0.294860,0.166661,0.449964
8779,73.158000,-0.292292,0.166599,0.451539
8780,73.167000,-0.289798,0.166632,0.453384
8781,73.175000,-0.287434,0.166615,0.455537
8782,73.183000,-0.285445,0.166579,0.457626
8783,73.192000,-0.283707,0.166571,0.459788
8784,73.200000,-0.282347,0.166507,0.461713
8785,73.208000,-0.280977,0.166528,0.463494
8786,73.217000,-0.279831,0.166475,0.464739
8787,73.225000,-0.278591,0.166448,0.465798
8788,73.233000,-0.277093,0.166260,0.466697
8789,73.242000,-0.275424,0.166270,0.467418
8790,73.250000,-0.273283,0.166208,0.468025
8791,73.258000,-0.270845,0.166235,0.468698
8792,73.267000,-0.268227,0.166263,0.469493
8793,73.275000,-0.265590,0.166479,0.470319
8794,73.283000,-0.262877,0.166585,0.471422
8795,73.292000,-0.260393,0.166535,0.472878
8796,73.300000,-0.257960,0.166372,0.474675
8797,73.308000,-0.255943,0.166261,0.476611
8798,73.317000,-0.254394,0.166286,0.478624
8799,73.325000,-0.252914,0.166193,0.480428
8800,73.333000,-0.251864,0.166155,0.481864
8801,73.342000,-0.250867,0.166232,0.482696
8802,73.350000,-0.249661,0.166176,0.483497
8803,73.358000,-0.248271,0.166054,0.484187
8804,73.367000,-0.246626,0.166087,0.484573
8805,73.375000,-0.244655,0.166124,0.484980
8806,73.383000,-0.242319,0.166153,0.485472
8807,73.392000,-0.239703,0.166094,0.486343
8808,73.400000,-0.237251,0.166100,0.487259
8809,73.408000,-0.234634,0.166138,0.488588
8810,73.417000,-0.232166,0.166116,0.490246
8811,73.425000,-0.229919,0.166100,0.491994
8812,73.433000,-0.227952,0.166139,0.493913
8813,73.442000,-0.226470,0.166023,0.495700
8814,73.450000,-0.225087,0.165899,0.497321
8815,73.458000,-0.224019,0.165884,0.498788
8816,73.467000,-0.223048,0.165997,0.499744
8817,73.475000,-0.221892,0.166042,0.500508
8818,73.483000,-0.220540,0.165950,0.501092
8819,73.492000,-0.218971,0.165963,0.501519
8820,73.500000,-0.216908,0.166031,0.501995
8821,73.508000,-0.214740,0.166026,0.502630
8822,73.517000,-0.212328,0.165985,0.503349
8823,73.525000,-0.209936,0.165974,0.504350
8824,73.533000,-0.207608,0.165968,0.505764
8825,73.542000,-0.205333,0.166023,0.507322
8826,73.550000,-0.203213,0.166097,0.509045
8827,73.558000,-0.201640,0.166114,0.510782
8828,73.567000,-0.200284,0.165991,0.512666
8829,73.575000,-0.199191,0.165953,0.514280
8830,73.583000,-0.198185,0.166009,0.515725
8831,73.592000,-0.197209,0.165977,0.516638
8832,73.600000,-0.196169,0.165939,0.517389
8833,73.608000,-0.194998,0.165876,0.517992
8834,73.617000,-0.193433,0.165846,0.518447
8835,73.625000,-0.191589,0.165863,0.518923
8836,73.633000,-0.189513,0.165877,0.519470
8837,73.642000,-0.187216,0.165800,0.520334
8838,73.650000,-0.184899,0.165821,0.521640
8839,73.658000,-0.182439,0.165923,0.523217
8840,73.667000,-0.180051,0.165926,0.524966
8841,73.675000,-0.177904,0.165858,0.526905
8842,73.683000,-0.176186,0.165815,0.529030
8843,73.692000,-0.174707,0.165814,0.531181
8844,73.700000,-0.173543,0.165725,0.533032
8845,73.708000,-0.172595,0.165704,0.534692
8846,73.717000,-0.171484,0.165696,0.536175
8847,73.725000,-0.170584,0.165693,0.537225
8848,73.733000,-0.169358,0.165582,0.538099
8849,73.742000,-0.167790,0.165560,0.538994
8850,73.750000,-0.166033,0.165575,0.539706
8851,73.758000,-0.163927,0.165587,0.540688
8852,73.767000,-0.161783,0.165600,0.541903
8853,73.775000,-0.159395,0.165513,0.543454
8854,73.783000,-0.157112,0.165666,0.545194
8855,73.792000,-0.154852,0.165653,0.547167
8856,73.800000,-0.152638,0.165622,0.549357
8857,73.808000,-0.150897,0.165690,0.551448
8858,73.817000,-0.149247,0.165760,0.553838
8859,73.825000,-0.148097,0.165798,0.555820
8860,73.833000,-0.147210,0.165785,0.557659
8861,73.842000,-0.146419,0.165785,0.559166
8862,73.850000,-0.145774,0.165716,0.560401
8863,73.858000,-0.144749,0.165716,0.561558
8864,73.867000,-0.143439,0.165785,0.562514
8865,73.875000,-0.141822,0.165778,0.563560
8866,73.883000,-0.139905,0.165593,0.564634
8867,73.892000,-0.137930,0.165628,0.565914
8868,73.900000,-0.135711,0.165662,0.567675
8869,73.908000,-0.133590,0.165794,0.569508
8870,73.917000,-0.131608,0.165709,0.571647
8871,73.925000,-0.129851,0.165724,0.574006
8872,73.933000,-0.128498,0.165674,0.576548
8873,73.942000,-0.127483,0.165567,0.578927
8874,73.950000,-0.126877,0.165576,0.581201
8875,73.958000,-0.126549,0.165742,0.583073
8876,73.967000,-0.125979,0.165758,0.584612
8877,73.975000,-0.125586,0.165741,0.586029
8878,73.983000,-0.125074,0.165703,0.587082
8879,73.992000,-0.124164,0.165698,0.587962
8880,74.000000,-0.122848,0.165719,0.589046
8881,74.008000,-0.121312,0.165744,0.590334
8882,74.017000,-0.119636,0.165744,0.591797
8883,74.025000,-0.117849,0.165711,0.593544
8884,74.033000,-0.116051,0.165771,0.595587
8885,74.042000,-0.114412,0.165785,0.597976
8886,74.050000,-0.113026,0.165843,0.600474
8887,74.058000,-0.112020,0.165748,0.603143
8888,74.067000,-0.111264,0.165741,0.605692
8889,74.075000,-0.110704,0.165730,0.608116
8890,74.083000,-0.110448,0.165828,0.610142
8891,74.092000,-0.110013,0.165816,0.611828
8892,74.100000,-0.109426,0.165751,0.613580
8893,74.108000,-0.108725,0.165646,0.615114
8894,74.117000,-0.107663,0.165623,0.616519
8895,74.125000,-0.106267,0.165610,0.617805
8896,74.133000,-0.104788,0.165679,0.619145
8897,74.142000,-0.103038,0.165779,0.620827
8898,74.150000,-0.101344,0.165734,0.623086
8899,74.158000,-0.099617,0.165652,0.625537
8900,74.167000,-0.098004,0.165748,0.628199
8901,74.175000,-0.096723,0.165775,0.630970
8902,74.183000,-0.095945,0.165750,0.633649
8903,74.192000,-0.095271,0.165805,0.636519
8904,74.200000,-0.094870,0.165782,0.639017
8905,74.208000,-0.094704,0.165755,0.641269
8906,74.217000,-0.094383,0.165729,0.643301
8907,74.225000,-0.094022,0.165631,0.645078
8908,74.233000,-0.093622,0.165509,0.646573
8909,74.242000,-0.092734,0.165616,0.647845
8910,74.250000,-0.091504,0.165666,0.649218
8911,74.258000,-0.090143,0.165589,0.650867
8912,74.267000,-0.088435,0.165598,0.653060
8913,74.275000,-0.086790,0.165519,0.655311
8914,74.283000,-0.085266,0.165527,0.657802
8915,74.292000,-0.083956,0.165565,0.660383
8916,74.300000,-0.082792,0.165597,0.663089
8917,74.308000,-0.082269,0.165462,0.665958
8918,74.317000,-0.081794,0.165478,0.668885
8919,74.325000,-0.081660,0.165437,0.671494
8920,74.333000,-0.081551,0.165375,0.673649
8921,74.342000,-0.081488,0.165443,0.675542
8922,74.350000,-0.081182,0.165353,0.677238
8923,74.358000,-0.080843,0.165316,0.678735
8924,74.367000,-0.080134,0.165398,0.680125
8925,74.375000,-0.079102,0.165365,0.681423
8926,74.383000,-0.077794,0.165297,0.683093
8927,74.392000,-0.076449,0.165317,0.685093
8928,74.400000,-0.075070,0.165359,0.687407
8929,74.408000,-0.073761,0.165370,0.690090
8930,74.417000,-0.072714,0.165468,0.693178
8931,74.425000,-0.072080,0.165464,0.696207
8932,74.433000,-0.071533,0.165339,0.699339
8933,74.442000,-0.071503,0.165327,0.702191
8934,74.450000,-0.071520,0.165390,0.704672
8935,74.458000,-0.071428,0.165339,0.706902
8936,74.467000,-0.071541,0.165247,0.708782
8937,74.475000,-0.071516,0.165137,0.710373
8938,74.483000,-0.071090,0.165213,0.711769
8939,74.492000,-0.070366,0.165261,0.713094
8940,74.500000,-0.069506,0.165221,0.714649
8941,74.508000,-0.068275,0.165252,0.716218
8942,74.517000,-0.067004,0.165330,0.718152
8943,74.525000,-0.065852,0.165346,0.720487
8944,74.533000,-0.064368,0.165421,0.723120
8945,74.542000,-0.063066,0.165501,0.725842
8946,74.550000,-0.062286,0.165431,0.728890
8947,74.558000,-0.061760,0.165480,0.731813
8948,74.567000,-0.061637,0.165385,0.734558
8949,74.575000,-0.061781,0.165294,0.737256
8950,74.583000,-0.061935,0.165373,0.739438
8951,74.592000,-0.062150,0.165308,0.741350
8952,74.600000,-0.062197,0.165238,0.743034
8953,74.608000,-0.061819,0.165262,0.744513
8954,74.617000,-0.061029,0.165284,0.746146
8955,74.625000,-0.059981,0.165292,0.747830
8956,74.633000,-0.058521,0.165273,0.749679
8957,74.642000,-0.057148,0.165135,0.751955
8958,74.650000,-0.055839,0.165254,0.754390
8959,74.658000,-0.054674,0.165205,0.757158
8960,74.667000,-0.053645,0.165169,0.759939
8961,74.675000,-0.053020,0.165204,0.763049
8962,74.683000,-0.052664,0.165173,0.766016
8963,74.692000,-0.052462,0.165138,0.768821
8964,74.700000,-0.052510,0.165223,0.771471
8965,74.708000,-0.052723,0.165073,0.773685
8966,74.717000,-0.052746,0.165074,0.775473
8967,74.725000,-0.052515,0.164988,0.777169
8968,74.733000,-0.051956,0.165054,0.778786
8969,74.742000,-0.051050,0.165108,0.780283
8970,74.750000,-0.049928,0.165043,0.781950
8971,74.758000,-0.048561,0.164983,0.783836
8972,74.767000,-0.047208,0.165030,0.786158
8973,74.775000,-0.045726,0.165017,0.788779
8974,74.783000,-0.044422,0.164976,0.791398
8975,74.792000,-0.043317,0.164928,0.794244
8976,74.800000,-0.042498,0.165095,0.797383
8977,74.808000,-0.041806,0.164887,0.800307
8978,74.817000,-0.041451,0.164882,0.802882
8979,74.825000,-0.041222,0.164990,0.805288
8980,74.833000,-0.041034,0.164983,0.807156
8981,74.842000,-0.041004,0.164918,0.808905
8982,74.850000,-0.040768,0.164916,0.810290
8983,74.858000,-0.040227,0.165023,0.811517
8984,74.867000,-0.039214,0.165109,0.812867
8985,74.875000,-0.038075,0.165041,0.814263
8986,74.883000,-0.036712,0.165103,0.815855
8987,74.892000,-0.035154,0.165029,0.817891
8988,74.900000,-0.033602,0.165080,0.820267
8989,74.908000,-0.032264,0.165193,0.822822
8990,74.917000,-0.031196,0.165151,0.825210
8991,74.925000,-0.030442,0.165203,0.828060
8992,74.933000,-0.030016,0.165164,0.830692
8993,74.942000,-0.029836,0.165090,0.833200
8994,74.950000,-0.029649,0.165019,0.835532
8995,74.958000,-0.029562,0.165030,0.837362
8996,74.967000,-0.029342,0.164957,0.838835
8997,74.975000,-0.028942,0.164930,0.840237
8998,74.983000,-0.028339,0.164889,0.841419
8999,74.992000,-0.027336,0.164898,0.842520
9000,75.000000,-0.026339,0.164889,0.843737
9001,75.008000,-0.025243,0.165019,0.845146
9002,75.017000,-0.024089,0.165340,0.846788
9003,75.025000,-0.022991,0.165455,0.848688
9004,75.033000,-0.021874,0.165356,0.850849
9005,75.042000,-0.020985,0.165515,0.853073
9006,75.050000,-0.020639,0.165528,0.855444
9007,75.058000,-0.020371,0.165548,0.857933
9008,75.067000,-0.020355,0.165502,0.860361
9009,75.075000,-0.020611,0.165430,0.862333
9010,75.083000,-0.020791,0.165514,0.863976
9011,75.092000,-0.020946,0.165490,0.865335
9012,75.100000,-0.020863,0.165429,0.866463
9013,75.108000,-0.020447,0.165427,0.867554
9014,75.117000,-0.019719,0.165506,0.868637
9015,75.125000,-0.018849,0.165493,0.869757
9016,75.133000,-0.017685,0.165534,0.871391
9017,75.142000,-0.016497,0.165529,0.873416
9018,75.150000,-0.015374,0.165545,0.875564
9019,75.158000,-0.014194,0.165524,0.878177
9020,75.167000,-0.013451,0.165517,0.880796
9021,75.175000,-0.013154,0.165621,0.883567
9022,75.183000,-0.012949,0.165497,0.886501
9023,75.192000,-0.013122,0.165424,0.889139
9024,75.200000,-0.013463,0.165532,0.891488
9025,75.208000,-0.013872,0.165464,0.893626
9026,75.217000,-0.014298,0.165352,0.895491
9027,75.225000,-0.014420,0.165216,0.897193
9028,75.233000,-0.014253,0.165299,0.898629
9029,75.242000,-0.013692,0.165412,0.900021
9030,75.250000,-0.013033,0.165301,0.901713
9031,75.258000,-0.012178,0.165377,0.903633
9032,75.267000,-0.011318,0.165372,0.905964
9033,75.275000,-0.010378,0.165393,0.908354
9034,75.283000,-0.009604,0.165390,0.911176
9035,75.292000,-0.009135,0.165391,0.914063
9036,75.300000,-0.008997,0.165465,0.917090
9037,75.308000,-0.009184,0.165480,0.919947
9038,75.317000,-0.009827,0.165373,0.922504
9039,75.325000,-0.010529,0.165419,0.924943
9040,75.333000,-0.011328,0.165445,0.927027
9041,75.342000,-0.011942,0.165330,0.928848
9042,75.350000,-0.012332,0.165233,0.930532
9043,75.358000,-0.012429,0.165278,0.931976
9044,75.367000,-0.012187,0.165286,0.933601
9045,75.375000,-0.011639,0.165219,0.935232
9046,75.383000,-0.011041,0.165186,0.937165
9047,75.392000,-0.010408,0.165284,0.939442
9048,75.400000,-0.009738,0.165278,0.941988
9049,75.408000,-0.009205,0.165234,0.944799
9050,75.417000,-0.008799,0.165146,0.948028
9051,75.425000,-0.008763,0.165003,0.951396
9052,75.433000,-0.009024,0.165104,0.954565
9053,75.442000,-0.009352,0.165194,0.957427
9054,75.450000,-0.010042,0.165227,0.960005
9055,75.458000,-0.010701,0.165266,0.962273
9056,75.467000,-0.011443,0.165157,0.964222
9057,75.475000,-0.011975,0.165060,0.966107
9058,75.483000,-0.012121,0.165086,0.967722
9059,75.492000,-0.011905,0.165148,0.969445
9060,75.500000,-0.011450,0.165159,0.971406
9061,75.508000,-0.010883,0.165149,0.973698
9062,75.517000,-0.010622,0.165223,0.976438
9063,75.525000,-0.010323,0.165393,0.979711
9064,75.533000,-0.009765,0.165554,0.982949
9065,75.542000,-0.009586,0.165509,0.985918
9066,75.550000,-0.009878,0.165537,0.988997
9067,75.558000,-0.010065,0.165307,0.991894
9068,75.567000,-0.010556,0.165354,0.994793
9069,75.575000,-0.011491,0.165612,0.997348
9070,75.583000,-0.012199,0.165647,0.999483
9071,75.592000,-0.012733,0.165468,1.001210
9072,75.600000,-0.013289,0.165453,1.002597
9073,75.608000,-0.013380,0.165611,1.004035
9074,75.617000,-0.013081,0.165705,1.005561
9075,75.625000,-0.012550,0.165631,1.007138
9076,75.633000,-0.011968,0.165571,1.008753
9077,75.642000,-0.011323,0.165557,1.010668
9078,75.650000,-0.010799,0.165639,1.013111
9079,75.658000,-0.010216,0.165559,1.015909
9080,75.667000,-0.010088,0.165476,1.018560
9081,75.675000,-0.010320,0.165536,1.021355
9082,75.683000,-0.010804,0.165480,1.023925
9083,75.692000,-0.011501,0.165335,1.026284
9084,75.700000,-0.012334,0.165321,1.028290
9085,75.708000,-0.013186,0.165441,1.030111
9086,75.717000,-0.013962,0.165368,1.031510
9087,75.725000,-0.014453,0.165294,1.032719
9088,75.733000,-0.014597,0.165263,1.033667
9089,75.742000,-0.014518,0.165347,1.034640
9090,75.750000,-0.014082,0.165390,1.036189
9091,75.758000,-0.013539,0.165370,1.037848
9092,75.767000,-0.012940,0.165562,1.039663
9093,75.775000,-0.012616,0.165528,1.041839
9094,75.783000,-0.012319,0.165440,1.044003
9095,75.792000,-0.012327,0.165532,1.046551
9096,75.800000,-0.012594,0.165435,1.049229
9097,75.808000,-0.013220,0.165349,1.051615
9098,75.817000,-0.014152,0.165275,1.053963
9099,75.825000,-0.015105,0.165426,1.055977
9100,75.833000,-0.016166,0.165456,1.057678
9101,75.842000,-0.017178,0.165256,1.059256
9102,75.850000,-0.017761,0.165196,1.060577
9103,75.858000,-0.017974,0.165299,1.061659
9104,75.867000,-0.018082,0.165372,1.063092
9105,75.875000,-0.017745,0.165341,1.064766
9106,75.883000,-0.017216,0.165388,1.066816
9107,75.892000,-0.016777,0.165428,1.069389
9108,75.900000,-0.016442,0.165302,1.072112
9109,75.908000,-0.016149,0.165242,1.074779
9110,75.917000,-0.016314,0.165316,1.077548
9111,75.925000,-0.017005,0.165273,1.080478
9112,75.933000,-0.017948,0.165069,1.083280
9113,75.942000,-0.018997,0.165216,1.085796
9114,75.950000,-0.020355,0.165170,1.087976
9115,75.958000,-0.021583,0.165054,1.089757
9116,75.967000,-0.022364,0.164877,1.091339
9117,75.975000,-0.022998,0.164945,1.092795
9118,75.983000,-0.023301,0.165046,1.094327
9119,75.992000,-0.023266,0.165030,1.095697
9120,76.000000,-0.023085,0.164963,1.097453
9121,76.008000,-0.022779,0.164854,1.099358
9122,76.017000,-0.022469,0.165073,1.101562
9123,76.025000,-0.022226,0.165182,1.103984
9124,76.033000,-0.022148,0.165108,1.106622
9125,76.042000,-0.022487,0.165066,1.109278
9126,76.050000,-0.023014,0.165165,1.112213
9127,76.058000,-0.023786,0.165004,1.114990
9128,76.067000,-0.024793,0.164903,1.117575
9129,76.075000,-0.025795,0.164941,1.119708
9130,76.083000,-0.026925,0.164913,1.121556
9131,76.092000,-0.027806,0.164747,1.122973
9132,76.100000,-0.028586,0.164711,1.124124
9133,76.108000,-0.028947,0.164904,1.125174
9134,76.117000,-0.028939,0.164927,1.126449
9135,76.125000,-0.028680,0.164810,1.127937
9136,76.133000,-0.028324,0.164735,1.129627
9137,76.142000,-0.028007,0.164834,1.131599
9138,76.150000,-0.027751,0.164883,1.133751
9139,76.158000,-0.027626,0.164830,1.136175
9140,76.167000,-0.027889,0.164861,1.138464
9141,76.175000,-0.028374,0.164930,1.140832
9142,76.183000,-0.029320,0.164799,1.143212
9143,76.192000,-0.030323,0.164834,1.145407
9144,76.200000,-0.031255,0.164797,1.146963
9145,76.208000,-0.032305,0.164772,1.148391
9146,76.217000,-0.033310,0.164633,1.149619
9147,76.225000,-0.033948,0.164664,1.150633
9148,76.233000,-0.034249,0.164947,1.151573
9149,76.242000,-0.034265,0.164975,1.152489
9150,76.250000,-0.034064,0.164880,1.153657
9151,76.258000,-0.033821,0.164796,1.155016
9152,76.267000,-0.033626,0.164734,1.156781
9153,76.275000,-0.033538,0.164838,1.158871
9154,76.283000,-0.033536,0.164689,1.160957
9155,76.292000,-0.034074,0.164573,1.163298
9156,76.300000,-0.034800,0.164588,1.165670
9157,76.308000,-0.035644,0.164682,1.167800
9158,76.317000,-0.036739,0.164820,1.169924
9159,76.325000,-0.038084,0.164780,1.171578
9160,76.333000,-0.039432,0.164762,1.173073
9161,76.342000,-0.040516,0.164675,1.174281
9162,76.350000,-0.041281,0.164684,1.175524
9163,76.358000,-0.041583,0.164748,1.176833
9164,76.367000,-0.041602,0.164714,1.178059
9165,76.375000,-0.041538,0.164751,1.179353
9166,76.383000,-0.041492,0.164735,1.180986
9167,76.392000,-0.041494,0.164808,1.182902
9168,76.400000,-0.041643,0.164767,1.185183
9169,76.408000,-0.042015,0.164827,1.187623
9170,76.417000,-0.042659,0.164870,1.190177
9171,76.425000,-0.043530,0.164787,1.192752
9172,76.433000,-0.044525,0.164818,1.195309
9173,76.442000,-0.045694,0.164903,1.197507
9174,76.450000,-0.047085,0.164800,1.199369
9175,76.458000,-0.048506,0.164719,1.200786
9176,76.467000,-0.049783,0.164583,1.202137
9177,76.475000,-0.050473,0.164528,1.203088
9178,76.483000,-0.051070,0.164611,1.204227
9179,76.492000,-0.051336,0.164601,1.205597
9180,76.500000,-0.051258,0.164530,1.207201
9181,76.508000,-0.051094,0.164570,1.208943
9182,76.517000,-0.051025,0.164427,1.211015
9183,76.525000,-0.051103,0.164476,1.213521
9184,76.533000,-0.051407,0.164578,1.216100
9185,76.542000,-0.052079,0.164526,1.218673
9186,76.550000,-0.052908,0.164437,1.221261
9187,76.558000,-0.053882,0.164601,1.223682
9188,76.567000,-0.055079,0.164597,1.225824
9189,76.575000,-0.056292,0.164553,1.227615
9190,76.583000,-0.057556,0.164465,1.229073
9191,76.592000,-0.058595,0.164409,1.230333
9192,76.600000,-0.059313,0.164376,1.231505
9193,76.608000,-0.059644,0.164438,1.232484
9194,76.617000,-0.059779,0.164492,1.233716
9195,76.625000,-0.059571,0.164603,1.235238
9196,76.633000,-0.059379,0.164467,1.236878
9197,76.642000,-0.059124,0.164467,1.238960
9198,76.650000,-0.058994,0.164534,1.241135
9199,76.658000,-0.059116,0.164519,1.243700
9200,76.667000,-0.059587,0.164492,1.246263
9201,76.675000,-0.060396,0.164342,1.248625
9202,76.683000,-0.061214,0.164358,1.251018
9203,76.692000,-0.062211,0.164448,1.253067
9204,76.700000,-0.063492,0.164380,1.254838
9205,76.708000,-0.064629,0.164265,1.256302
9206,76.717000,-0.065652,0.164288,1.257577
9207,76.725000,-0.066389,0.164360,1.258539
9208,76.733000,-0.066707,0.164330,1.259419
9209,76.742000,-0.066774,0.164226,1.260566
9210,76.750000,-0.066559,0.164269,1.261969
9211,76.758000,-0.066185,0.164342,1.263621
9212,76.767000,-0.065918,0.164419,1.265676
9213,76.775000,-0.065784,0.164319,1.267845
9214,76.783000,-0.065836,0.164325,1.270181
9215,76.792000,-0.066208,0.164361,1.272702
9216,76.800000,-0.066813,0.164407,1.275044
9217,76.808000,-0.067579,0.164295,1.277401
9218,76.817000,-0.068598,0.164232,1.279453
9219,76.825000,-0.069757,0.164329,1.281119
9220,76.833000,-0.070847,0.164248,1.282585
9221,76.842000,-0.071812,0.164278,1.283716
9222,76.850000,-0.072437,0.164340,1.284540
9223,76.858000,-0.072784,0.164335,1.285420
9224,76.867000,-0.072867,0.164234,1.286473
9225,76.875000,-0.072619,0.164158,1.287626
9226,76.883000,-0.072308,0.164240,1.289064
9227,76.892000,-0.071973,0.164290,1.291114
9228,76.900000,-0.071746,0.164511,1.293073
9229,76.908000,-0.071650,0.164406,1.295384
9230,76.917000,-0.071920,0.164391,1.297831
9231,76.925000,-0.072432,0.164432,1.300185
9232,76.933000,-0.073173,0.164421,1.302431
9233,76.942000,-0.074254,0.164417,1.304188
9234,76.950000,-0.075464,0.164343,1.305703
9235,76.958000,-0.076528,0.164331,1.306770
9236,76.967000,-0.077543,0.164230,1.307681
9237,76.975000,-0.078135,0.164293,1.308419
9238,76.983000,-0.078332,0.164346,1.309072
9239,76.992000,-0.078233,0.164321,1.309760
9240,77.000000,-0.077831,0.164332,1.310711
9241,77.008000,-0.077422,0.164369,1.312015
9242,77.017000,-0.077128,0.164356,1.313604
9243,77.025000,-0.076922,0.164397,1.315324
9244,77.033000,-0.076864,0.164402,1.317513
9245,77.042000,-0.077305,0.164326,1.319602
9246,77.050000,-0.077863,0.164356,1.321625
9247,77.058000,-0.078553,0.164375,1.323535
9248,77.067000,-0.079516,0.164393,1.325188
9249,77.075000,-0.080614,0.164410,1.326368
9250,77.083000,-0.081639,0.164261,1.327421
9251,77.092000,-0.082444,0.164209,1.328199
9252,77.100000,-0.083029,0.164272,1.328704
9253,77.108000,-0.083228,0.164322,1.329153
9254,77.117000,-0.083129,0.164259,1.329749
9255,77.125000,-0.082822,0.164259,1.330613
9256,77.133000,-0.082316,0.164361,1.331750
9257,77.142000,-0.081805,0.164466,1.333239
9258,77.150000,-0.081568,0.164403,1.334980
9259,77.158000,-0.081470,0.164375,1.336914
9260,77.167000,-0.081791,0.164352,1.338980
9261,77.175000,-0.082328,0.164404,1.340924
9262,77.183000,-0.083161,0.164447,1.342838
9263,77.192000,-0.084060,0.164403,1.344349
9264,77.200000,-0.085247,0.164330,1.345647
9265,77.208000,-0.086300,0.164190,1.346569
9266,77.217000,-0.087130,0.164183,1.347301
9267,77.225000,-0.087746,0.164162,1.347944
9268,77.233000,-0.087978,0.164235,1.348483
9269,77.242000,-0.087900,0.164278,1.349072
9270,77.250000,-0.087605,0.164362,1.349905
9271,77.258000,-0.087245,0.164388,1.351063
9272,77.267000,-0.086841,0.164447,1.352544
9273,77.275000,-0.086711,0.164364,1.354225
9274,77.283000,-0.086580,0.164351,1.356219
9275,77.292000,-0.086817,0.164452,1.358196
9276,77.300000,-0.087310,0.164470,1.360188
9277,77.308000,-0.088083,0.164386,1.362050
9278,77.317000,-0.089062,0.164335,1.363708
9279,77.325000,-0.090117,0.164294,1.365004
9280,77.333000,-0.091250,0.164215,1.365960
9281,77.342000,-0.092160,0.164207,1.366803
9282,77.350000,-0.092788,0.164204,1.367447
9283,77.358000,-0.093089,0.164270,1.367988
9284,77.367000,-0.093041,0.164326,1.368513
9285,77.375000,-0.092667,0.164393,1.369374
9286,77.383000,-0.092249,0.164349,1.370638
9287,77.392000,-0.091874,0.164353,1.372106
9288,77.400000,-0.091604,0.164305,1.373827
9289,77.408000,-0.091561,0.164305,1.375826
9290,77.417000,-0.091770,0.164371,1.377887
9291,77.425000,-0.092313,0.164373,1.379832
9292,77.433000,-0.093107,0.164207,1.381793
9293,77.442000,-0.094112,0.164216,1.383517
9294,77.450000,-0.095157,0.164210,1.384800
9295,77.458000,-0.096188,0.164211,1.385638
9296,77.467000,-0.097108,0.164161,1.386315
9297,77.475000,-0.097644,0.164241,1.386844
9298,77.483000,-0.097753,0.164319,1.387352
9299,77.492000,-0.097688,0.164336,1.387905
9300,77.500000,-0.097405,0.164317,1.388773
9301,77.508000,-0.097108,0.164283,1.389922
9302,77.517000,-0.096862,0.164318,1.391170
9303,77.525000,-0.096594,0.164364,1.392924
9304,77.533000,-0.096557,0.164328,1.394681
9305,77.542000,-0.096754,0.164322,1.396777
9306,77.550000,-0.097140,0.164341,1.398585
9307,77.558000,-0.097789,0.164307,1.400561
9308,77.567000,-0.098687,0.164378,1.402129
9309,77.575000,-0.099751,0.164318,1.403413
9310,77.583000,-0.100829,0.164318,1.404428
9311,77.592000,-0.101765,0.164255,1.405236
9312,77.600000,-0.102301,0.164231,1.405835
9313,77.608000,-0.102577,0.164223,1.406370
9314,77.617000,-0.102612,0.164175,1.406927
9315,77.625000,-0.102322,0.164164,1.407691
9316,77.633000,-0.101967,0.164211,1.408629
9317,77.642000,-0.101455,0.164195,1.409908
9318,77.650000,-0.101109,0.164216,1.411537
9319,77.658000,-0.100835,0.164191,1.413363
9320,77.667000,-0.101002,0.164100,1.415057
9321,77.675000,-0.101460,0.164054,1.416841
9322,77.683000,-0.102120,0.164035,1.418561
9323,77.692000,-0.103001,0.164101,1.419980
9324,77.700000,-0.104227,0.164134,1.420978
9325,77.708000,-0.105388,0.164123,1.421691
9326,77.717000,-0.106279,0.164137,1.422167
9327,77.725000,-0.106791,0.164169,1.422454
9328,77.733000,-0.106937,0.164197,1.422568
9329,77.742000,-0.106835,0.164202,1.422746
9330,77.750000,-0.106518,0.164184,1.423125
9331,77.758000,-0.106085,0.164146,1.423686
9332,77.767000,-0.105625,0.164070,1.424598
9333,77.775000,-0.105281,0.164013,1.425921
9334,77.783000,-0.105128,0.163941,1.427455
9335,77.792000,-0.105142,0.163940,1.429138
9336,77.800000,-0.105390,0.163986,1.430916
9337,77.808000,-0.105855,0.163974,1.432436
9338,77.817000,-0.106557,0.163961,1.433826
9339,77.825000,-0.107450,0.164004,1.434743
9340,77.833000,-0.108499,0.164017,1.435395
9341,77.842000,-0.109423,0.164023,1.435831
9342,77.850000,-0.110072,0.164035,1.436114
9343,77.858000,-0.110294,0.164076,1.436365
9344,77.867000,-0.110228,0.164124,1.436690
9345,77.875000,-0.109908,0.164119,1.437230
9346,77.883000,-0.109420,0.164110,1.438018
9347,77.892000,-0.108896,0.164133,1.439036
9348,77.900000,-0.108481,0.164217,1.440405
9349,77.908000,-0.108410,0.164203,1.441999
9350,77.917000,-0.108632,0.164139,1.443657
9351,77.925000,-0.109007,0.164172,1.445339
9352,77.933000,-0.109648,0.164157,1.447077
9353,77.942000,-0.110416,0.164268,1.448561
9354,77.950000,-0.111307,0.164242,1.449726
9355,77.958000,-0.112268,0.164214,1.450646
9356,77.967000,-0.113198,0.164168,1.451214
9357,77.975000,-0.113920,0.164255,1.451503
9358,77.983000,-0.114326,0.164307,1.451761
9359,77.992000,-0.114412,0.164278,1.452063
9360,78.000000,-0.114092,0.164254,1.452473
9361,78.008000,-0.113643,0.164255,1.453233
9362,78.017000,-0.113170,0.164221,1.454524
9363,78.025000,-0.112729,0.164101,1.456218
9364,78.033000,-0.112575,0.164034,1.458242
9365,78.042000,-0.112755,0.163965,1.460305
9366,78.050000,-0.113330,0.163935,1.462181
9367,78.058000,-0.114031,0.164068,1.463694
9368,78.067000,-0.114959,0.164089,1.465278
9369,78.075000,-0.116012,0.164011,1.466575
9370,78.083000,-0.117000,0.164003,1.467623
9371,78.092000,-0.117926,0.163894,1.468520
9372,78.100000,-0.118352,0.163998,1.469010
9373,78.108000,-0.118560,0.164105,1.469456
9374,78.117000,-0.118481,0.164143,1.469956
9375,78.125000,-0.118010,0.164085,1.471056
9376,78.133000,-0.117517,0.164015,1.472122
9377,78.142000,-0.117056,0.163991,1.473234
9378,78.150000,-0.116552,0.164015,1.474725
9379,78.158000,-0.116270,0.163988,1.476559
9380,78.167000,-0.116193,0.163974,1.478386
9381,78.175000,-0.116439,0.164085,1.480286
9382,78.183000,-0.116885,0.164108,1.482103
9383,78.192000,-0.117587,0.164132,1.483693
9384,78.200000,-0.118377,0.164176,1.484896
9385,78.208000,-0.119175,0.164104,1.485859
9386,78.217000,-0.119921,0.163992,1.486719
9387,78.225000,-0.120411,0.163956,1.487209
9388,78.233000,-0.120441,0.164040,1.487562
9389,78.242000,-0.120124,0.164077,1.487958
9390,78.250000,-0.119551,0.164107,1.488459
9391,78.258000,-0.118895,0.164148,1.489202
9392,78.267000,-0.118214,0.164165,1.490293
9393,78.275000,-0.117654,0.164254,1.491720
9394,78.283000,-0.117143,0.164276,1.493256
9395,78.292000,-0.116956,0.164189,1.495143
9396,78.300000,-0.116991,0.164220,1.496771
9397,78.308000,-0.117314,0.164251,1.498410
9398,78.317000,-0.117808,0.164324,1.499965
9399,78.325000,-0.118419,0.164282,1.501151
9400,78.333000,-0.119232,0.164170,1.502194
9401,78.342000,-0.119961,0.164014,1.502864
9402,78.350000,-0.120317,0.164100,1.503304
9403,78.358000,-0.120379,0.164107,1.503663
9404,78.367000,-0.120141,0.164101,1.504080
9405,78.375000,-0.119699,0.163937,1.504728
9406,78.383000,-0.119078,0.163834,1.505682
9407,78.392000,-0.118453,0.163807,1.506781
9408,78.400000,-0.117792,0.163861,1.508110
9409,78.408000,-0.117271,0.163854,1.509584
9410,78.417000,-0.116890,0.164034,1.511411
9411,78.425000,-0.116639,0.164073,1.513397
9412,78.433000,-0.116788,0.164165,1.515059
9413,78.442000,-0.117137,0.164210,1.516630
9414,78.450000,-0.117779,0.164229,1.517956
9415,78.458000,-0.118486,0.164195,1.518845
9416,78.467000,-0.119149,0.164171,1.519497
9417,78.475000,-0.119610,0.164209,1.519930
9418,78.483000,-0.119698,0.164261,1.520258
9419,78.492000,-0.119442,0.164239,1.520602
9420,78.500000,-0.118886,0.164146,1.521118
9421,78.508000,-0.118083,0.164143,1.521854
9422,78.517000,-0.117197,0.164375,1.522856
9423,78.525000,-0.116416,0.164309,1.524209
9424,78.533000,-0.115883,0.164326,1.525704
9425,78.542000,-0.115510,0.164330,1.527359
9426,78.550000,-0.115499,0.164284,1.529257
9427,78.558000,-0.115746,0.164282,1.530971
9428,78.567000,-0.116128,0.164323,1.532674
9429,78.575000,-0.116651,0.164244,1.533977
9430,78.583000,-0.117361,0.164176,1.534995
9431,78.592000,-0.118057,0.164095,1.535789
9432,78.600000,-0.118374,0.164095,1.536294
9433,78.608000,-0.118493,0.164093,1.536656
9434,78.617000,-0.118254,0.164051,1.537046
9435,78.625000,-0.117766,0.164035,1.537534
9436,78.633000,-0.116995,0.164168,1.538306
9437,78.642000,-0.116204,0.164132,1.539427
9438,78.650000,-0.115429,0.164220,1.540662
9439,78.658000,-0.114708,0.164267,1.542215
9440,78.667000,-0.114222,0.164171,1.543988
9441,78.675000,-0.114062,0.164107,1.545717
9442,78.683000,-0.114186,0.164072,1.547667
9443,78.692000,-0.114483,0.164126,1.549273
9444,78.700000,-0.114983,0.164130,1.550652
9445,78.708000,-0.115672,0.164098,1.551731
9446,78.717000,-0.116230,0.164044,1.552395
9447,78.725000,-0.116684,0.164011,1.552875
9448,78.733000,-0.116837,0.163988,1.553226
9449,78.742000,-0.116599,0.164032,1.553612
9450,78.750000,-0.116021,0.163968,1.554168
9451,78.758000,-0.115252,0.163926,1.554867
9452,78.767000,-0.114426,0.163942,1.555623
9453,78.775000,-0.113503,0.164034,1.556834
9454,78.783000,-0.112856,0.163964,1.558406
9455,78.792000,-0.112284,0.163982,1.560053
9456,78.800000,-0.112073,0.164018,1.562010
9457,78.808000,-0.112139,0.163928,1.563606
9458,78.817000,-0.112429,0.163839,1.565321
9459,78.825000,-0.112854,0.163903,1.566788
9460,78.833000,-0.113475,0.163954,1.567853
9461,78.842000,-0.114095,0.163875,1.568568
9462,78.850000,-0.114578,0.163828,1.569071
9463,78.858000,-0.114701,0.163896,1.569410
9464,78.867000,-0.114421,0.163928,1.569737
9465,78.875000,-0.113838,0.163924,1.570168
9466,78.883000,-0.112974,0.163839,1.570806
9467,78.892000,-0.112102,0.163896,1.571677
9468,78.900000,-0.111310,0.163874,1.572873
9469,78.908000,-0.110534,0.163826,1.574294
9470,78.917000,-0.109954,0.163886,1.575841
9471,78.925000,-0.109787,0.163812,1.577657
9472,78.933000,-0.109762,0.163762,1.579123
9473,78.942000,-0.109949,0.163735,1.580817
9474,78.950000,-0.110377,0.163808,1.582169
9475,78.958000,-0.111016,0.163719,1.583299
9476,78.967000,-0.111593,0.163608,1.584207
9477,78.975000,-0.111941,0.163557,1.584750
9478,78.983000,-0.112040,0.163553,1.585067
9479,78.992000,-0.111845,0.163576,1.585293
9480,79.000000,-0.111403,0.163629,1.585573
9481,79.008000,-0.110605,0.163746,1.586052
9482,79.017000,-0.109834,0.163770,1.586720
9483,79.025000,-0.108951,0.163765,1.587826
9484,79.033000,-0.108124,0.163794,1.589098
9485,79.042000,-0.107372,0.163808,1.590714
9486,79.050000,-0.106969,0.163756,1.592462
9487,79.058000,-0.106827,0.163813,1.594259
9488,79.067000,-0.106959,0.163683,1.595964
9489,79.075000,-0.107245,0.163737,1.597509
9490,79.083000,-0.107673,0.163773,1.598785
9491,79.092000,-0.108179,0.163737,1.599754
9492,79.100000,-0.108576,0.163777,1.600367
9493,79.108000,-0.108705,0.163831,1.600722
9494,79.117000,-0.108543,0.163856,1.601021
9495,79.125000,-0.108019,0.163840,1.601352
9496,79.133000,-0.107198,0.163796,1.601844
9497,79.142000,-0.106196,0.163699,1.602618
9498,79.150000,-0.105073,0.163729,1.603557
9499,79.158000,-0.104115,0.163771,1.604740
9500,79.167000,-0.103332,0.163852,1.606331
9501,79.175000,-0.102913,0.163936,1.607968
9502,79.183000,-0.102806,0.163840,1.609653
9503,79.192000,-0.102923,0.163885,1.611135
9504,79.200000,-0.103220,0.163920,1.612386
9505,79.208000,-0.103750,0.163806,1.613321
9506,79.217000,-0.104422,0.163749,1.613930
9507,79.225000,-0.104811,0.163702,1.614182
9508,79.233000,-0.104970,0.163711,1.614169
9509,79.242000,-0.104865,0.163761,1.614061
9510,79.250000,-0.104435,0.163793,1.613876
9511,79.258000,-0.103717,0.163834,1.613973
9512,79.267000,-0.102934,0.163843,1.614395
9513,79.275000,-0.102175,0.163899,1.615039
9514,79.283000,-0.101346,0.163977,1.616028
9515,79.292000,-0.100490,0.163910,1.617371
9516,79.300000,-0.099969,0.163914,1.618670
9517,79.308000,-0.099749,0.163916,1.620160
9518,79.317000,-0.099865,0.163918,1.621522
9519,79.325000,-0.100169,0.163899,1.622647
9520,79.333000,-0.100682,0.163912,1.623530
9521,79.342000,-0.101193,0.163873,1.624119
9522,79.350000,-0.101612,0.163797,1.624474
9523,79.358000,-0.101805,0.163775,1.624625
9524,79.367000,-0.101693,0.163802,1.624665
9525,79.375000,-0.101238,0.163805,1.624653
9526,79.383000,-0.100523,0.163787,1.624841
9527,79.392000,-0.099675,0.163790,1.625203
9528,79.400000,-0.098821,0.163767,1.625811
9529,79.408000,-0.097878,0.163828,1.626685
9530,79.417000,-0.096969,0.163915,1.627887
9531,79.425000,-0.096408,0.163910,1.629334
9532,79.433000,-0.096235,0.163887,1.630809
9533,79.442000,-0.096233,0.163853,1.632179
9534,79.450000,-0.096484,0.163879,1.633408
9535,79.458000,-0.097002,0.163889,1.634372
9536,79.467000,-0.097530,0.163817,1.635062
9537,79.475000,-0.098014,0.163777,1.635455
9538,79.483000,-0.098195,0.163816,1.635688
9539,79.492000,-0.098045,0.163818,1.635739
9540,79.500000,-0.097593,0.163847,1.635718
9541,79.508000,-0.096817,0.163793,1.635845
9542,79.517000,-0.095897,0.163838,1.636276
9543,79.525000,-0.094893,0.163898,1.637029
9544,79.533000,-0.093842,0.163835,1.638132
9545,79.542000,-0.092936,0.163942,1.639575
9546,79.550000,-0.092131,0.164016,1.641323
9547,79.558000,-0.091762,0.163879,1.642954
9548,79.567000,-0.091598,0.163793,1.644691
9549,79.575000,-0.091671,0.163787,1.646096
9550,79.583000,-0.091988,0.163810,1.647333
9551,79.592000,-0.092335,0.163822,1.648292
9552,79.600000,-0.092615,0.163746,1.649042
9553,79.608000,-0.092661,0.163768,1.649584
9554,79.617000,-0.092405,0.163795,1.649934
9555,79.625000,-0.091887,0.163848,1.650182
9556,79.633000,-0.091092,0.163840,1.650624
9557,79.642000,-0.090046,0.163768,1.651437
9558,79.650000,-0.088780,0.163722,1.652527
9559,79.658000,-0.087539,0.163720,1.653745
9560,79.667000,-0.086509,0.163774,1.655553
9561,79.675000,-0.085640,0.163777,1.657414
9562,79.683000,-0.085032,0.163749,1.659623
9563,79.692000,-0.084688,0.163747,1.661503
9564,79.700000,-0.084616,0.163684,1.663346
9565,79.708000,-0.084644,0.163724,1.664877
9566,79.717000,-0.084912,0.163676,1.666242
9567,79.725000,-0.085174,0.163609,1.667276
9568,79.733000,-0.085132,0.163677,1.667930
9569,79.742000,-0.084816,0.163686,1.668487
9570,79.750000,-0.084152,0.163665,1.669094
9571,79.758000,-0.083092,0.163625,1.669776
9572,79.767000,-0.081804,0.163652,1.670598
9573,79.775000,-0.080514,0.163707,1.671713
9574,79.783000,-0.079208,0.163660,1.673148
9575,79.792000,-0.077963,0.163614,1.674906
9576,79.800000,-0.076923,0.163644,1.676982
9577,79.808000,-0.076195,0.163679,1.679184
9578,79.817000,-0.075794,0.163615,1.681268
9579,79.825000,-0.075452,0.163552,1.683284
9580,79.833000,-0.075380,0.163544,1.685009
9581,79.842000,-0.075532,0.163535,1.686399
9582,79.850000,-0.075528,0.163532,1.687450
9583,79.858000,-0.075454,0.163466,1.688419
9584,79.867000,-0.075046,0.163537,1.689151
9585,79.875000,-0.074270,0.163612,1.689731
9586,79.883000,-0.073229,0.163550,1.690396
9587,79.892000,-0.072006,0.163434,1.691256
9588,79.900000,-0.070726,0.163502,1.692202
9589,79.908000,-0.069460,0.163494,1.693617
9590,79.917000,-0.068101,0.163600,1.695282
9591,79.925000,-0.066818,0.163539,1.697281
9592,79.933000,-0.065880,0.163606,1.699328
9593,79.942000,-0.065281,0.163494,1.701475
9594,79.950000,-0.064916,0.163411,1.703307
9595,79.958000,-0.064857,0.163433,1.705133
9596,79.967000,-0.064859,0.163515,1.706413
9597,79.975000,-0.065017,0.163481,1.707731
9598,79.983000,-0.064853,0.163439,1.708703
9599,79.992000,-0.064459,0.163378,1.709393
9600,80.000000,-0.063746,0.163399,1.709898
9601,80.008000,-0.062712,0.163484,1.710441
9602,80.017000,-0.061467,0.163480,1.711113
9603,80.025000,-0.060054,0.163506,1.711929
9604,80.033000,-0.058692,0.163573,1.712905
9605,80.042000,-0.057321,0.163523,1.714261
9606,80.050000,-0.055970,0.163485,1.715921
9607,80.058000,-0.054982,0.163458,1.717749
9608,80.067000,-0.054347,0.163518,1.719718
9609,80.075000,-0.053955,0.163431,1.721371
9610,80.083000,-0.053736,0.163442,1.722959
9611,80.092000,-0.053753,0.163440,1.724274
9612,80.100000,-0.053672,0.163482,1.725044
9613,80.108000,-0.053563,0.163474,1.725694
9614,80.117000,-0.053200,0.163499,1.726183
9615,80.125000,-0.052466,0.163482,1.726515
9616,80.133000,-0.051462,0.163427,1.726828
9617,80.142000,-0.050263,0.163423,1.727378
9618,80.150000,-0.048962,0.163410,1.728016
9619,80.158000,-0.047578,0.163597,1.728903
9620,80.167000,-0.046350,0.163541,1.730141
9621,80.175000,-0.044998,0.163549,1.731745
9622,80.183000,-0.043967,0.163512,1.733451
9623,80.192000,-0.043235,0.163479,1.735439
9624,80.200000,-0.042596,0.163481,1.737093
9625,80.208000,-0.042288,0.163437,1.738602
9626,80.217000,-0.042238,0.163453,1.739832
9627,80.225000,-0.042295,0.163351,1.740706
9628,80.233000,-0.042243,0.163270,1.741436
9629,80.242000,-0.041933,0.163285,1.741922
9630,80.250000,-0.041230,0.163293,1.742292
9631,80.258000,-0.040188,0.163308,1.742643
9632,80.267000,-0.038886,0.163320,1.743063
9633,80.275000,-0.037466,0.163349,1.743665
9634,80.283000,-0.035985,0.163243,1.744579
9635,80.292000,-0.034523,0.163361,1.745772
9636,80.300000,-0.033127,0.163449,1.747334
9637,80.308000,-0.031847,0.163419,1.749114
9638,80.317000,-0.030899,0.163248,1.751027
9639,80.325000,-0.030274,0.163234,1.752728
9640,80.333000,-0.029856,0.163200,1.754305
9641,80.342000,-0.029715,0.163212,1.755564
9642,80.350000,-0.029776,0.163171,1.756574
9643,80.358000,-0.029791,0.163164,1.757207
9644,80.367000,-0.029591,0.163192,1.757619
9645,80.375000,-0.029012,0.163195,1.758054
9646,80.383000,-0.028025,0.163209,1.758435
9647,80.392000,-0.026622,0.163230,1.758846
9648,80.400000,-0.025073,0.163167,1.759412
9649,80.408000,-0.023534,0.163135,1.760341
9650,80.417000,-0.022014,0.163178,1.761362
9651,80.425000,-0.020521,0.163278,1.762743
9652,80.433000,-0.019266,0.163281,1.764488
9653,80.442000,-0.018332,0.163256,1.766217
9654,80.450000,-0.017548,0.163162,1.768211
9655,80.458000,-0.016954,0.163108,1.769772
9656,80.467000,-0.016552,0.163122,1.771142
9657,80.475000,-0.016361,0.163041,1.772179
9658,80.483000,-0.016247,0.162992,1.772837
9659,80.492000,-0.015874,0.162994,1.773294
9660,80.500000,-0.015253,0.163017,1.773604
9661,80.508000,-0.014304,0.163006,1.773914
9662,80.517000,-0.013077,0.162966,1.774283
9663,80.525000,-0.011564,0.162962,1.774825
9664,80.533000,-0.009992,0.162944,1.775596
9665,80.542000,-0.008350,0.162969,1.776718
9666,80.550000,-0.006672,0.163047,1.778010
9667,80.558000,-0.005314,0.162929,1.779595
9668,80.567000,-0.004286,0.162917,1.781352
9669,80.575000,-0.003627,0.162915,1.783097
9670,80.583000,-0.003054,0.162940,1.784638
9671,80.592000,-0.002693,0.162897,1.786010
9672,80.600000,-0.002609,0.162881,1.786975
9673,80.608000,-0.002560,0.162885,1.787613
9674,80.617000,-0.002261,0.162882,1.787964
9675,80.625000,-0.001732,0.162902,1.788160
9676,80.633000,-0.000870,0.162892,1.788313
9677,80.642000,0.000325,0.162823,1.788460
9678,80.650000,0.001659,0.162775,1.788814
9679,80.658000,0.003160,0.162804,1.789486
9680,80.667000,0.004789,0.162872,1.790371
9681,80.675000,0.006414,0.162900,1.791460
9682,80.683000,0.007811,0.162921,1.792869
9683,80.692000,0.008757,0.162853,1.794465
9684,80.700000,0.009599,0.162866,1.796075
9685,80.708000,0.009978,0.162792,1.797532
9686,80.717000,0.010221,0.162785,1.798867
9687,80.725000,0.010268,0.162774,1.799905
9688,80.733000,0.010309,0.162783,1.800567
9689,80.742000,0.010606,0.162734,1.801021
9690,80.750000,0.011166,0.162773,1.801283
9691,80.758000,0.012067,0.162817,1.801446
9692,80.767000,0.013207,0.162797,1.801576
9693,80.775000,0.014577,0.162772,1.801947
9694,80.783000,0.016072,0.162770,1.802570
9695,80.792000,0.017531,0.162878,1.803463
9696,80.800000,0.019143,0.162969,1.804564
9697,80.808000,0.020566,0.162844,1.806088
9698,80.817000,0.021641,0.162817,1.807680
9699,80.825000,0.022463,0.162805,1.809429
9700,80.833000,0.023121,0.162755,1.810935
9701,80.842000,0.023520,0.162747,1.812399
9702,80.850000,0.023793,0.162739,1.813493
9703,80.858000,0.023995,0.162701,1.814225
9704,80.867000,0.024406,0.162711,1.814781
9705,80.875000,0.024926,0.162734,1.815015
9706,80.883000,0.025733,0.162752,1.815077
9707,80.892000,0.026943,0.162699,1.815157
9708,80.900000,0.028449,0.162663,1.815530
9709,80.908000,0.030074,0.162713,1.816031
9710,80.917000,0.031692,0.162742,1.816834
9711,80.925000,0.033224,0.162796,1.817856
9712,80.933000,0.034659,0.162725,1.819298
9713,80.942000,0.035843,0.162769,1.820914
9714,80.950000,0.036700,0.162784,1.822490
9715,80.958000,0.037411,0.162771,1.824008
9716,80.967000,0.037855,0.162759,1.825347
9717,80.975000,0.038127,0.162732,1.826401
9718,80.983000,0.038322,0.162730,1.827119
9719,80.992000,0.038646,0.162695,1.827641
9720,81.000000,0.039164,0.162711,1.827861
9721,81.008000,0.039911,0.162688,1.827991
9722,81.017000,0.041120,0.162662,1.828105
9723,81.025000,0.042588,0.162640,1.828328
9724,81.033000,0.044286,0.162728,1.828826
9725,81.042000,0.045936,0.162751,1.829514
9726,81.050000,0.047545,0.162714,1.830463
9727,81.058000,0.049110,0.162751,1.831826
9728,81.067000,0.050449,0.162789,1.833288
9729,81.075000,0.051328,0.162695,1.834904
9730,81.083000,0.052019,0.162669,1.836422
9731,81.092000,0.052617,0.162678,1.837698
9732,81.100000,0.053013,0.162627,1.838881
9733,81.108000,0.053216,0.162611,1.839624
9734,81.117000,0.053521,0.162544,1.840061
9735,81.125000,0.054076,0.162519,1.840400
9736,81.133000,0.054891,0.162528,1.840666
9737,81.142000,0.056102,0.162552,1.840854
9738,81.150000,0.057605,0.162496,1.841057
9739,81.158000,0.059240,0.162463,1.841484
9740,81.167000,0.060806,0.162450,1.842124
9741,81.175000,0.062641,0.162477,1.843039
9742,81.183000,0.064340,0.162414,1.844265
9743,81.192000,0.065710,0.162391,1.845753
9744,81.200000,0.066677,0.162375,1.847357
9745,81.208000,0.067459,0.162238,1.848743
9746,81.217000,0.068074,0.162305,1.850172
9747,81.225000,0.068441,0.162260,1.851346
9748,81.233000,0.068628,0.162190,1.852132
9749,81.242000,0.068959,0.162157,1.852598
9750,81.250000,0.069459,0.162103,1.852822
9751,81.258000,0.070211,0.162126,1.852866
9752,81.267000,0.071310,0.162142,1.852905
9753,81.275000,0.072656,0.162096,1.853063
9754,81.283000,0.074297,0.161981,1.853518
9755,81.292000,0.076006,0.162025,1.854181
9756,81.300000,0.077757,0.162107,1.854868
9757,81.308000,0.079390,0.162164,1.855941
9758,81.317000,0.080707,0.162144,1.857331
9759,81.325000,0.081933,0.162175,1.858794
9760,81.333000,0.082741,0.162084,1.860196
9761,81.342000,0.083431,0.162072,1.861403
9762,81.350000,0.083817,0.162077,1.862466
9763,81.358000,0.084085,0.162021,1.863114
9764,81.367000,0.084410,0.161962,1.863476
9765,81.375000,0.084867,0.161912,1.863671
9766,81.383000,0.085577,0.161906,1.863744
9767,81.392000,0.086673,0.161944,1.863712
9768,81.400000,0.088035,0.162010,1.863702
9769,81.408000,0.089577,0.161989,1.863893
9770,81.417000,0.091250,0.161950,1.864345
9771,81.425000,0.093025,0.162003,1.865026
9772,81.433000,0.094789,0.162073,1.866061
9773,81.442000,0.096420,0.162102,1.867380
9774,81.450000,0.097563,0.162024,1.868802
9775,81.458000,0.098506,0.161956,1.870223
9776,81.467000,0.099178,0.161874,1.871415
9777,81.475000,0.099674,0.161865,1.872477
9778,81.483000,0.099886,0.161853,1.873285
9779,81.492000,0.100252,0.161831,1.873667
9780,81.500000,0.100795,0.161795,1.873824
9781,81.508000,0.101531,0.161815,1.873851
9782,81.517000,0.102611,0.161805,1.873811
9783,81.525000,0.103968,0.161767,1.873704
9784,81.533000,0.105660,0.161750,1.873880
9785,81.542000,0.107459,0.161842,1.874316
9786,81.550000,0.109362,0.161845,1.874916
9787,81.558000,0.111193,0.161783,1.875822
9788,81.567000,0.112852,0.161833,1.877104
9789,81.575000,0.114164,0.161901,1.878505
9790,81.583000,0.115118,0.161775,1.879770
9791,81.592000,0.115915,0.161738,1.881070
9792,81.600000,0.116497,0.161704,1.882056
9793,81.608000,0.116830,0.161659,1.882694
9794,81.617000,0.117170,0.161576,1.882975
9795,81.625000,0.117681,0.161535,1.883060
9796,81.633000,0.118420,0.161612,1.883080
9797,81.642000,0.119526,0.161683,1.882967
9798,81.650000,0.120881,0.161587,1.882879
9799,81.658000,0.122471,0.161536,1.882910
9800,81.667000,0.124154,0.161579,1.883255
9801,81.675000,0.125980,0.161601,1.883685
9802,81.683000,0.127789,0.161657,1.884489
9803,81.692000,0.129471,0.161626,1.885597
9804,81.700000,0.130857,0.161576,1.886938
9805,81.708000,0.131970,0.161548,1.888241
9806,81.717000,0.132733,0.161508,1.889409
9807,81.725000,0.133294,0.161576,1.890432
9808,81.733000,0.133551,0.161537,1.891232
9809,81.742000,0.133825,0.161513,1.891690
9810,81.750000,0.134278,0.161455,1.891866
9811,81.758000,0.134995,0.161451,1.891790
9812,81.767000,0.136043,0.161409,1.891594
9813,81.775000,0.137348,0.161356,1.891364
9814,81.783000,0.139025,0.161448,1.891319
9815,81.792000,0.140760,0.161434,1.891557
9816,81.800000,0.142550,0.161371,1.891977
9817,81.808000,0.144407,0.161462,1.892738
9818,81.817000,0.146145,0.161526,1.893761
9819,81.825000,0.147529,0.161540,1.894975
9820,81.833000,0.148528,0.161364,1.896259
9821,81.842000,0.149379,0.161288,1.897439
9822,81.850000,0.150099,0.161261,1.898442
9823,81.858000,0.150496,0.161235,1.899232
9824,81.867000,0.150854,0.161209,1.899658
9825,81.875000,0.151300,0.161146,1.899773
9826,81.883000,0.151980,0.161178,1.899736
9827,81.892000,0.152974,0.161277,1.899595
9828,81.900000,0.154188,0.161267,1.899387
9829,81.908000,0.155722,0.161185,1.899273
9830,81.917000,0.157431,0.161209,1.899407
9831,81.925000,0.159331,0.161234,1.899750
9832,81.933000,0.161145,0.161175,1.900339
9833,81.942000,0.163012,0.161208,1.901411
9834,81.950000,0.164611,0.161268,1.902570
9835,81.958000,0.165790,0.161240,1.903887
9836,81.967000,0.166650,0.161139,1.905139
9837,81.975000,0.167315,0.161106,1.906196
9838,81.983000,0.167773,0.161085,1.906951
9839,81.992000,0.168203,0.161055,1.907460
9840,82.000000,0.168754,0.160959,1.907614
9841,82.008000,0.169539,0.160997,1.907491
9842,82.017000,0.170543,0.160928,1.907297
9843,82.025000,0.171816,0.160979,1.907064
9844,82.033000,0.173465,0.160954,1.906999
9845,82.042000,0.175291,0.160876,1.907131
9846,82.050000,0.177155,0.160871,1.907417
9847,82.058000,0.178978,0.160967,1.907977
9848,82.067000,0.180639,0.160943,1.908733
9849,82.075000,0.182184,0.160973,1.909915
9850,82.083000,0.183398,0.160904,1.911043
9851,82.092000,0.184377,0.160837,1.912143
9852,82.100000,0.185111,0.160781,1.913133
9853,82.108000,0.185577,0.160727,1.913966
9854,82.117000,0.185983,0.160679,1.914318
9855,82.125000,0.186421,0.160641,1.914441
9856,82.133000,0.187076,0.160675,1.914352
9857,82.142000,0.187967,0.160726,1.914159
9858,82.150000,0.189203,0.160632,1.913795
9859,82.158000,0.190871,0.160664,1.913531
9860,82.167000,0.192634,0.160705,1.913499
9861,82.175000,0.194629,0.160692,1.913627
9862,82.183000,0.196605,0.160726,1.913992
9863,82.192000,0.198507,0.160792,1.914771
9864,82.200000,0.200080,0.160777,1.915862
9865,82.208000,0.201378,0.160742,1.916956
9866,82.217000,0.202356,0.160766,1.918070
9867,82.225000,0.203157,0.160673,1.919012
9868,82.233000,0.203716,0.160649,1.919725
9869,82.242000,0.204223,0.160690,1.920065
9870,82.250000,0.204758,0.160658,1.920185
9871,82.258000,0.205433,0.160697,1.920069
9872,82.267000,0.206305,0.160722,1.919773
9873,82.275000,0.207529,0.160653,1.919421
9874,82.283000,0.209087,0.160589,1.919178
9875,82.292000,0.210874,0.160661,1.919139
9876,82.300000,0.212746,0.160657,1.919187
9877,82.308000,0.214718,0.160704,1.919556
9878,82.317000,0.216637,0.160725,1.920145
9879,82.325000,0.218293,0.160688,1.921200
9880,82.333000,0.219661,0.160654,1.922242
9881,82.342000,0.220754,0.160606,1.923338
9882,82.350000,0.221680,0.160578,1.924291
9883,82.358000,0.222315,0.160637,1.925081
9884,82.367000,0.222831,0.160574,1.925439
9885,82.375000,0.223334,0.160500,1.925567
9886,82.383000,0.223997,0.160466,1.925432
9887,82.392000,0.224845,0.160486,1.925063
9888,82.400000,0.226050,0.160440,1.924623
9889,82.408000,0.227505,0.160404,1.924246
9890,82.417000,0.229234,0.160407,1.924001
9891,82.425000,0.231119,0.160368,1.924002
9892,82.433000,0.232982,0.160416,1.924230
9893,82.442000,0.234886,0.160482,1.924717
9894,82.450000,0.236566,0.160454,1.925620
9895,82.458000,0.237952,0.160375,1.926658
9896,82.467000,0.238988,0.160334,1.927568
9897,82.475000,0.239955,0.160258,1.928539
9898,82.483000,0.240698,0.160253,1.929256
9899,82.492000,0.241195,0.160267,1.929562
9900,82.500000,0.241604,0.160238,1.929643
9901,82.508000,0.242148,0.160196,1.929460
9902,82.517000,0.242908,0.160150,1.929093
9903,82.525000,0.244018,0.160130,1.928622
9904,82.533000,0.245434,0.160234,1.928174
9905,82.542000,0.247145,0.160218,1.927873
9906,82.550000,0.248961,0.160148,1.927791
9907,82.558000,0.250861,0.160228,1.927975
9908,82.567000,0.252762,0.160259,1.928384
9909,82.575000,0.254581,0.160284,1.929146
9910,82.583000,0.256105,0.160224,1.930072
9911,82.592000,0.257255,0.160219,1.931114
9912,82.600000,0.258234,0.160174,1.931997
9913,82.608000,0.259008,0.160201,1.932722
9914,82.617000,0.259521,0.160160,1.933135
9915,82.625000,0.259988,0.160113,1.933250
9916,82.633000,0.260634,0.160022,1.933108
9917,82.642000,0.261484,0.159987,1.932753
9918,82.650000,0.262605,0.159982,1.932257
9919,82.658000,0.264019,0.160046,1.931779
9920,82.667000,0.265764,0.159943,1.931414
9921,82.675000,0.267657,0.159941,1.931282
9922,82.683000,0.269635,0.159916,1.931334
9923,82.692000,0.271611,0.159935,1.931666
9924,82.700000,0.273523,0.159950,1.932366
9925,82.708000,0.275147,0.159880,1.933298
9926,82.717000,0.276334,0.159776,1.934162
9927,82.725000,0.277305,0.159685,1.935106
9928,82.733000,0.278081,0.159675,1.935813
9929,82.742000,0.278737,0.159676,1.936217
9930,82.750000,0.279249,0.159631,1.936215
9931,82.758000,0.279801,0.159619,1.935962
9932,82.767000,0.280637,0.159623,1.935559
9933,82.775000,0.281686,0.159562,1.935023
9934,82.783000,0.283031,0.159597,1.934408
9935,82.792000,0.284614,0.159630,1.933926
9936,82.800000,0.286395,0.159544,1.933617
9937,82.808000,0.288308,0.159583,1.933526
9938,82.817000,0.290285,0.159623,1.933646
9939,82.825000,0.292236,0.159581,1.934169
9940,82.833000,0.293937,0.159579,1.934936
9941,82.842000,0.295125,0.159535,1.935717
9942,82.850000,0.296062,0.159438,1.936524
9943,82.858000,0.296864,0.159395,1.937177
9944,82.867000,0.297422,0.159379,1.937581
9945,82.875000,0.297888,0.159318,1.937580
9946,82.883000,0.298464,0.159223,1.937284
9947,82.892000,0.299216,0.159299,1.936747
9948,82.900000,0.300188,0.159315,1.936109
9949,82.908000,0.301426,0.159268,1.935362
9950,82.917000,0.303033,0.159182,1.934675
9951,82.925000,0.304755,0.159227,1.934391
9952,82.933000,0.306614,0.159252,1.934249
9953,82.942000,0.308404,0.159275,1.934308
9954,82.950000,0.310172,0.159342,1.934887
9955,82.958000,0.311739,0.159340,1.935602
9956,82.967000,0.313008,0.159305,1.936381
9957,82.975000,0.314022,0.159270,1.937232
9958,82.983000,0.314742,0.159203,1.937843
9959,82.992000,0.315353,0.159159,1.938184
9960,83.000000,0.315873,0.159107,1.938270
9961,83.008000,0.316417,0.159041,1.938084
9962,83.017000,0.317072,0.159071,1.937642
9963,83.025000,0.317979,0.159098,1.937051
9964,83.033000,0.319228,0.159147,1.936452
9965,83.042000,0.320825,0.159094,1.935882
9966,83.050000,0.322699,0.158970,1.935589
9967,83.058000,0.324696,0.159014,1.935384
9968,83.067000,0.326616,0.159152,1.935451
9969,83.075000,0.328420,0.159058,1.935703
9970,83.083000,0.330134,0.159180,1.936318
9971,83.092000,0.331469,0.159167,1.937019
9972,83.100000,0.332495,0.159134,1.937774
9973,83.108000,0.333356,0.159075,1.938302
9974,83.117000,0.333853,0.159167,1.938645
9975,83.125000,0.334295,0.159097,1.938719
9976,83.133000,0.334840,0.158989,1.938513
9977,83.142000,0.335514,0.158965,1.938101
9978,83.150000,0.336359,0.159055,1.937541
9979,83.158000,0.337638,0.159087,1.936757
9980,83.167000,0.339215,0.159092,1.936077
9981,83.175000,0.340969,0.159147,1.935572
9982,83.183000,0.342934,0.159099,1.935106
9983,83.192000,0.344841,0.159248,1.934946
9984,83.200000,0.346840,0.159155,1.935203
9985,83.208000,0.348635,0.159167,1.935741
9986,83.217000,0.350118,0.159228,1.936447
9987,83.225000,0.351253,0.159206,1.937158
9988,83.233000,0.352106,0.159089,1.937759
9989,83.242000,0.352782,0.159095,1.938074
9990,83.250000,0.353296,0.159084,1.938104
9991,83.258000,0.353768,0.158998,1.937840
9992,83.267000,0.354476,0.158948,1.937255
9993,83.275000,0.355374,0.158945,1.936535
9994,83.283000,0.356645,0.158906,1.935728
9995,83.292000,0.358174,0.158900,1.934859
9996,83.300000,0.359890,0.158923,1.934288
9997,83.308000,0.361736,0.158910,1.933860
9998,83.317000,0.363711,0.159023,1.933729
9999,83.325000,0.365583,0.158993,1.933878
10000,83.333000,0.367401,0.158998,1.934341
10001,83.342000,0.369002,0.158997,1.934886
10002,83.350000,0.370245,0.159027,1.935510
10003,83.358000,0.371100,0.158997,1.936045
10004,83.367000,0.371746,0.159024,1.936491
10005,83.375000,0.372206,0.158970,1.936626
10006,83.383000,0.372620,0.158914,1.936355
10007,83.392000,0.373289,0.158879,1.935815
10008,83.400000,0.374215,0.158994,1.935022
10009,83.408000,0.375322,0.158975,1.934201
10010,83.417000,0.376752,0.158911,1.933273
10011,83.425000,0.378377,0.158866,1.932606
10012,83.433000,0.380179,0.158972,1.932132
10013,83.442000,0.382078,0.159002,1.931843
10014,83.450000,0.384051,0.158966,1.931917
10015,83.458000,0.385959,0.158949,1.932258
10016,83.467000,0.387519,0.158981,1.932733
10017,83.475000,0.388807,0.159024,1.933259
10018,83.483000,0.389836,0.158954,1.933842
10019,83.492000,0.390535,0.158947,1.934214
10020,83.500000,0.390980,0.158900,1.934325
10021,83.508000,0.391383,0.158867,1.934111
10022,83.517000,0.391970,0.158772,1.933636
10023,83.525000,0.392757,0.158797,1.932896
10024,83.533000,0.393765,0.158746,1.932050
10025,83.542000,0.395026,0.158779,1.931152
10026,83.550000,0.396595,0.158711,1.930390
10027,83.558000,0.398373,0.158730,1.929784
10028,83.567000,0.400330,0.158711,1.929440
10029,83.575000,0.402334,0.158756,1.929317
10030,83.583000,0.404239,0.158765,1.929619
10031,83.592000,0.405831,0.158784,1.930002
10032,83.600000,0.407230,0.158766,1.930576
10033,83.608000,0.408381,0.158706,1.931019
10034,83.617000,0.409295,0.158638,1.931318
10035,83.625000,0.409914,0.158625,1.931343
10036,83.633000,0.410409,0.158568,1.931097
10037,83.642000,0.410998,0.158531,1.930632
10038,83.650000,0.411760,0.158562,1.929878
10039,83.658000,0.412853,0.158538,1.929007
10040,83.667000,0.414274,0.158390,1.927965
10041,83.675000,0.415949,0.158490,1.927175
10042,83.683000,0.417950,0.158451,1.926377
10043,83.692000,0.419955,0.158464,1.925826
10044,83.700000,0.422102,0.158521,1.925593
10045,83.708000,0.424027,0.158510,1.925654
10046,83.717000,0.425773,0.158467,1.925968
10047,83.725000,0.427253,0.158445,1.926476
10048,83.733000,0.428402,0.158407,1.926980
10049,83.742000,0.429328,0.158351,1.927325
10050,83.750000,0.430046,0.158304,1.927390
10051,83.758000,0.430637,0.158255,1.927080
10052,83.767000,0.431222,0.158155,1.926530
10053,83.775000,0.431981,0.158162,1.925663
10054,83.783000,0.432973,0.158223,1.924681
10055,83.792000,0.434358,0.158171,1.923660
10056,83.800000,0.436043,0.158117,1.922738
10057,83.808000,0.438052,0.158108,1.921859
10058,83.817000,0.439935,0.158113,1.921201
10059,83.825000,0.441955,0.158249,1.920873
10060,83.833000,0.443944,0.158121,1.920844
10061,83.842000,0.445665,0.158062,1.921112
10062,83.850000,0.447168,0.158090,1.921612
10063,83.858000,0.448350,0.158070,1.921995
10064,83.867000,0.449333,0.157972,1.922279
10065,83.875000,0.449959,0.157919,1.922353
10066,83.883000,0.450441,0.157836,1.922109
10067,83.892000,0.450955,0.157769,1.921557
10068,83.900000,0.451645,0.157812,1.920793
10069,83.908000,0.452576,0.157852,1.919811
10070,83.917000,0.453901,0.157792,1.918621
10071,83.925000,0.455504,0.157841,1.917538
10072,83.933000,0.457370,0.157979,1.916483
10073,83.942000,0.459349,0.158005,1.915788
10074,83.950000,0.461392,0.158012,1.915227
10075,83.958000,0.463299,0.158057,1.915107
10076,83.967000,0.465008,0.158052,1.915298
10077,83.975000,0.466407,0.157954,1.915520
10078,83.983000,0.467647,0.157962,1.915844
10079,83.992000,0.468595,0.157866,1.916137
10080,84.000000,0.469293,0.157887,1.916021
10081,84.008000,0.469867,0.157865,1.915635
10082,84.017000,0.470456,0.157815,1.915064
10083,84.025000,0.471368,0.157759,1.914263
10084,84.033000,0.472479,0.157837,1.913203
10085,84.042000,0.473761,0.157800,1.912143
10086,84.050000,0.475300,0.157788,1.911107
10087,84.058000,0.477086,0.157765,1.910089
10088,84.067000,0.479013,0.157765,1.909333
10089,84.075000,0.481024,0.157864,1.908755
10090,84.083000,0.483052,0.157856,1.908511
10091,84.092000,0.484944,0.157876,1.908614
10092,84.100000,0.486526,0.157854,1.908905
10093,84.108000,0.487848,0.157791,1.909235
10094,84.117000,0.488840,0.157859,1.909518
10095,84.125000,0.489577,0.157879,1.909532
10096,84.133000,0.490153,0.157799,1.909325
10097,84.142000,0.490674,0.157751,1.908749
10098,84.150000,0.491394,0.157670,1.907865
10099,84.158000,0.492275,0.157721,1.906775
10100,84.167000,0.493415,0.157754,1.905626
10101,84.175000,0.494974,0.157652,1.904447
10102,84.183000,0.496622,0.157608,1.903380
10103,84.192000,0.498514,0.157784,1.902490
10104,84.200000,0.500598,0.157760,1.901882
10105,84.208000,0.502556,0.157781,1.901534
10106,84.217000,0.504421,0.157786,1.901479
10107,84.225000,0.506023,0.157815,1.901703
10108,84.233000,0.507386,0.157745,1.901921
10109,84.242000,0.508370,0.157661,1.902105
10110,84.250000,0.509191,0.157654,1.902197
10111,84.258000,0.509749,0.157618,1.902003
10112,84.267000,0.510179,0.157593,1.901391
10113,84.275000,0.510836,0.157607,1.900515
10114,84.283000,0.511839,0.157624,1.899394
10115,84.292000,0.513016,0.157590,1.898204
10116,84.300000,0.514330,0.157609,1.896879
10117,84.308000,0.516096,0.157637,1.895779
10118,84.317000,0.518021,0.157617,1.894739
10119,84.325000,0.520009,0.157583,1.893913
10120,84.333000,0.521991,0.157698,1.893502
10121,84.342000,0.523918,0.157589,1.893400
10122,84.350000,0.525457,0.157594,1.893470
10123,84.358000,0.526740,0.157549,1.893696
10124,84.367000,0.527750,0.157538,1.893838
10125,84.375000,0.528508,0.157528,1.893756
10126,84.383000,0.529056,0.157477,1.893459
10127,84.392000,0.529498,0.157467,1.892882
10128,84.400000,0.530018,0.157422,1.892015
10129,84.408000,0.530828,0.157345,1.890788
10130,84.417000,0.531887,0.157330,1.889581
10131,84.425000,0.533162,0.157339,1.888232
10132,84.433000,0.534791,0.157304,1.886946
10133,84.442000,0.536722,0.157373,1.885794
10134,84.450000,0.538622,0.157348,1.884978
10135,84.458000,0.540499,0.157298,1.884420
10136,84.467000,0.542296,0.157418,1.884169
10137,84.475000,0.543840,0.157439,1.884249
10138,84.483000,0.545048,0.157398,1.884330
10139,84.492000,0.546008,0.157236,1.884374
10140,84.500000,0.546733,0.157174,1.884194
10141,84.508000,0.547206,0.157210,1.883754
10142,84.517000,0.547569,0.157159,1.883041
10143,84.525000,0.547998,0.157191,1.882064
10144,84.533000,0.548664,0.157203,1.880871
10145,84.542000,0.549483,0.157242,1.879525
10146,84.550000,0.550542,0.157199,1.878210
10147,84.558000,0.552075,0.157124,1.876684
10148,84.567000,0.553720,0.157214,1.875542
10149,84.575000,0.555372,0.157241,1.874736
10150,84.583000,0.557072,0.157171,1.874145
10151,84.592000,0.558693,0.157179,1.873907
10152,84.600000,0.560259,0.157173,1.873860
10153,84.608000,0.561478,0.157127,1.873891
10154,84.617000,0.562384,0.157088,1.874047
10155,84.625000,0.562968,0.157028,1.874030
10156,84.633000,0.563329,0.157028,1.873721
10157,84.642000,0.563624,0.156979,1.873013
10158,84.650000,0.563984,0.156977,1.872002
10159,84.658000,0.564487,0.156963,1.870808
10160,84.667000,0.565276,0.156980,1.869486
10161,84.675000,0.566412,0.156941,1.868007
10162,84.683000,0.567708,0.156969,1.866718
10163,84.692000,0.569309,0.156980,1.865524
10164,84.700000,0.570995,0.157051,1.864584
10165,84.708000,0.572787,0.157017,1.863917
10166,84.717000,0.574477,0.157072,1.863434
10167,84.725000,0.576095,0.157062,1.863319
10168,84.733000,0.577438,0.157025,1.863332
10169,84.742000,0.578522,0.156936,1.863370
10170,84.750000,0.579185,0.156846,1.863158
10171,84.758000,0.579672,0.156827,1.862779
10172,84.767000,0.579989,0.156743,1.862120
10173,84.775000,0.580419,0.156661,1.861160
10174,84.783000,0.580915,0.156656,1.860014
10175,84.792000,0.581729,0.156714,1.858619
10176,84.800000,0.582704,0.156808,1.857139
10177,84.808000,0.584020,0.156814,1.855869
10178,84.817000,0.585510,0.156849,1.854555
10179,84.825000,0.587131,0.156834,1.853297
10180,84.833000,0.588863,0.156912,1.852420
10181,84.842000,0.590537,0.157060,1.851797
10182,84.850000,0.592160,0.156996,1.851512
10183,84.858000,0.593530,0.156960,1.851297
10184,84.867000,0.594543,0.156900,1.851286
10185,84.875000,0.595238,0.156840,1.851189
10186,84.883000,0.595669,0.156889,1.850870
10187,84.892000,0.595946,0.156815,1.850226
10188,84.900000,0.596244,0.156806,1.849239
10189,84.908000,0.596585,0.156808,1.848078
10190,84.917000,0.597211,0.156844,1.846697
10191,84.925000,0.598185,0.156946,1.845234
10192,84.933000,0.599381,0.157037,1.843752
10193,84.942000,0.600896,0.156943,1.842388
10194,84.950000,0.602497,0.156959,1.841126
10195,84.958000,0.604325,0.156977,1.840167
10196,84.967000,0.606078,0.157000,1.839562
10197,84.975000,0.607730,0.156987,1.839250
10198,84.983000,0.609229,0.156944,1.839085
10199,84.992000,0.610233,0.156937,1.838897
10200,85.000000,0.611038,0.156885,1.838745
10201,85.008000,0.611598,0.156897,1.838325
10202,85.017000,0.611884,0.156874,1.837691
10203,85.025000,0.612149,0.156809,1.836716
10204,85.033000,0.612556,0.156774,1.835510
10205,85.042000,0.613118,0.156838,1.834010
10206,85.050000,0.614093,0.156903,1.832425
10207,85.058000,0.615317,0.156948,1.830843
10208,85.067000,0.616675,0.156952,1.829294
10209,85.075000,0.618219,0.157069,1.827937
10210,85.083000,0.619958,0.157009,1.826864
10211,85.092000,0.621613,0.157045,1.826125
10212,85.100000,0.623194,0.157041,1.825732
10213,85.108000,0.624627,0.157021,1.825505
10214,85.117000,0.625767,0.156922,1.825395
10215,85.125000,0.626500,0.156830,1.825210
10216,85.133000,0.626999,0.156826,1.824810
10217,85.142000,0.627266,0.156823,1.824171
10218,85.150000,0.627548,0.156745,1.823201
10219,85.158000,0.627966,0.156712,1.821958
10220,85.167000,0.628552,0.156681,1.820416
10221,85.175000,0.629479,0.156681,1.818798
10222,85.183000,0.630607,0.156757,1.817135
10223,85.192000,0.632061,0.156725,1.815629
10224,85.200000,0.633684,0.156723,1.814149
10225,85.208000,0.635411,0.156682,1.813000
10226,85.217000,0.637136,0.156724,1.812170
10227,85.225000,0.638696,0.156730,1.811669
10228,85.233000,0.640249,0.156697,1.811374
10229,85.242000,0.641361,0.156629,1.811173
10230,85.250000,0.642147,0.156568,1.810927
10231,85.258000,0.642686,0.156525,1.810510
10232,85.267000,0.642944,0.156522,1.809943
10233,85.275000,0.643172,0.156467,1.809005
10234,85.283000,0.643517,0.156493,1.807821
10235,85.292000,0.644012,0.156482,1.806298
10236,85.300000,0.644880,0.156464,1.804613
10237,85.308000,0.645941,0.156533,1.802943
10238,85.317000,0.647181,0.156493,1.801344
10239,85.325000,0.648737,0.156528,1.799833
10240,85.333000,0.650425,0.156491,1.798634
10241,85.342000,0.652193,0.156529,1.797792
10242,85.350000,0.653786,0.156526,1.797152
10243,85.358000,0.655372,0.156512,1.796674
10244,85.367000,0.656595,0.156446,1.796443
10245,85.375000,0.657367,0.156367,1.796157
10246,85.383000,0.657910,0.156333,1.795804
10247,85.392000,0.658304,0.156347,1.795249
10248,85.400000,0.658625,0.156345,1.794300
10249,85.408000,0.658962,0.156334,1.793097
10250,85.417000,0.659516,0.156293,1.791552
10251,85.425000,0.660249,0.156225,1.789893
10252,85.433000,0.661228,0.156235,1.788104
10253,85.442000,0.662450,0.156263,1.786291
10254,85.450000,0.664136,0.156276,1.784724
10255,85.458000,0.665771,0.156261,1.783442
10256,85.467000,0.667423,0.156287,1.782449
10257,85.475000,0.669082,0.156242,1.781798
10258,85.483000,0.670664,0.156230,1.781419
10259,85.492000,0.671938,0.156157,1.781159
10260,85.500000,0.672759,0.156101,1.780786
10261,85.508000,0.673259,0.156069,1.780371
10262,85.517000,0.673618,0.156065,1.779711
10263,85.525000,0.673812,0.156046,1.778706
10264,85.533000,0.674096,0.156003,1.777494
10265,85.542000,0.674520,0.155947,1.776039
10266,85.550000,0.675116,0.155951,1.774352
10267,85.558000,0.675982,0.155891,1.772705
10268,85.567000,0.676984,0.156055,1.770913
10269,85.575000,0.678350,0.156120,1.769298
10270,85.583000,0.680002,0.156022,1.767968
10271,85.592000,0.681604,0.155979,1.766953
10272,85.600000,0.683206,0.155941,1.766138
10273,85.608000,0.684779,0.155946,1.765717
10274,85.617000,0.685868,0.155889,1.765445
10275,85.625000,0.686643,0.155824,1.765241
10276,85.633000,0.687076,0.155796,1.764855
10277,85.642000,0.687302,0.155809,1.764086
10278,85.650000,0.687355,0.155790,1.763023
10279,85.658000,0.687400,0.155837,1.761694
10280,85.667000,0.687590,0.155834,1.760215
10281,85.675000,0.687933,0.155847,1.758498
10282,85.683000,0.688640,0.155897,1.756857
10283,85.692000,0.689442,0.155934,1.755170
10284,85.700000,0.690574,0.156052,1.753653
10285,85.708000,0.692114,0.156028,1.752337
10286,85.717000,0.693496,0.156023,1.751328
10287,85.725000,0.694907,0.156142,1.750532
10288,85.733000,0.696301,0.156134,1.750145
10289,85.742000,0.697511,0.156107,1.749860
10290,85.750000,0.698395,0.156055,1.749627
10291,85.758000,0.698966,0.155998,1.749248
10292,85.767000,0.699319,0.156013,1.748663
10293,85.775000,0.699492,0.155980,1.747739
10294,85.783000,0.699703,0.155962,1.746486
10295,85.792000,0.699886,0.156021,1.744958
10296,85.800000,0.700379,0.155947,1.743222
10297,85.808000,0.701093,0.155961,1.741370
10298,85.817000,0.701912,0.156053,1.739515
10299,85.825000,0.703116,0.156069,1.737822
10300,85.833000,0.704559,0.156183,1.736278
10301,85.842000,0.705953,0.156216,1.734984
10302,85.850000,0.707409,0.156181,1.734107
10303,85.858000,0.708868,0.156130,1.733506
10304,85.867000,0.710039,0.156133,1.732991
10305,85.875000,0.710858,0.156095,1.732721
10306,85.883000,0.711294,0.156089,1.732318
10307,85.892000,0.711528,0.156069,1.731660
10308,85.900000,0.711553,0.155991,1.730747
10309,85.908000,0.711641,0.155908,1.729433
10310,85.917000,0.711706,0.155938,1.727983
10311,85.925000,0.712025,0.155980,1.726270
10312,85.933000,0.712709,0.155971,1.724455
10313,85.942000,0.713482,0.156089,1.722537
10314,85.950000,0.714585,0.156080,1.720769
10315,85.958000,0.715950,0.156059,1.719171
10316,85.967000,0.717410,0.156054,1.717790
10317,85.975000,0.718705,0.156150,1.716786
10318,85.983000,0.720076,0.156170,1.716162
10319,85.992000,0.721211,0.156043,1.715680
10320,86.000000,0.722003,0.156016,1.715344
10321,86.008000,0.722498,0.155997,1.714941
10322,86.017000,0.722736,0.156008,1.714251
10323,86.025000,0.722757,0.156016,1.713316
10324,86.033000,0.722747,0.155921,1.712109
10325,86.042000,0.722758,0.155964,1.710621
10326,86.050000,0.723025,0.155918,1.708867
10327,86.058000,0.723528,0.155923,1.707213
10328,86.067000,0.724321,0.155972,1.705312
10329,86.075000,0.725319,0.156042,1.703555
10330,86.083000,0.726511,0.155978,1.701932
10331,86.092000,0.727925,0.156007,1.700524
10332,86.100000,0.729336,0.156026,1.699351
10333,86.108000,0.730642,0.156120,1.698620
10334,86.117000,0.731616,0.156085,1.698127
10335,86.125000,0.732378,0.156008,1.697774
10336,86.133000,0.732936,0.155940,1.697366
10337,86.142000,0.733163,0.155897,1.696746
10338,86.150000,0.733088,0.155928,1.695896
10339,86.158000,0.732870,0.155969,1.694684
10340,86.167000,0.732828,0.155962,1.693267
10341,86.175000,0.732934,0.155909,1.691515
10342,86.183000,0.733320,0.155927,1.689814
10343,86.192000,0.733886,0.156019,1.687885
10344,86.200000,0.734730,0.156044,1.686094
10345,86.208000,0.735982,0.156000,1.684400
10346,86.217000,0.737258,0.155982,1.683015
10347,86.225000,0.738501,0.156040,1.681894
10348,86.233000,0.739664,0.156052,1.681103
10349,86.242000,0.740769,0.156033,1.680481
10350,86.250000,0.741411,0.156026,1.680149
10351,86.258000,0.741697,0.156009,1.679767
10352,86.267000,0.741795,0.155924,1.679180
10353,86.275000,0.741744,0.155863,1.678446
10354,86.283000,0.741600,0.155798,1.677327
10355,86.292000,0.741386,0.155736,1.675851
10356,86.300000,0.741396,0.155704,1.674141
10357,86.308000,0.741620,0.155781,1.672384
10358,86.317000,0.742124,0.155849,1.670472
10359,86.325000,0.742840,0.155885,1.668617
10360,86.333000,0.743878,0.155809,1.666877
10361,86.342000,0.745061,0.155766,1.665511
10362,86.350000,0.746204,0.155889,1.664391
10363,86.358000,0.747293,0.155922,1.663615
10364,86.367000,0.748206,0.155941,1.663171
10365,86.375000,0.748965,0.155937,1.662769
10366,86.383000,0.749349,0.155954,1.662282
10367,86.392000,0.749413,0.155871,1.661693
10368,86.400000,0.749239,0.155884,1.660995
10369,86.408000,0.748951,0.155848,1.659990
10370,86.417000,0.748716,0.155867,1.658592
10371,86.425000,0.748606,0.155829,1.656890
10372,86.433000,0.748771,0.155881,1.654846
10373,86.442000,0.749203,0.155927,1.652902
10374,86.450000,0.749849,0.155935,1.650959
10375,86.458000,0.750703,0.155952,1.649091
10376,86.467000,0.751915,0.155977,1.647420
10377,86.475000,0.753101,0.156004,1.646141
10378,86.483000,0.754284,0.156049,1.645118
10379,86.492000,0.755347,0.156065,1.644387
10380,86.500000,0.756172,0.156050,1.643774
10381,86.508000,0.756546,0.156017,1.643190
10382,86.517000,0.756632,0.155980,1.642619
10383,86.525000,0.756502,0.156009,1.641813
10384,86.533000,0.756260,0.156014,1.640663
10385,86.542000,0.756044,0.155941,1.639217
10386,86.550000,0.755873,0.156054,1.637555
10387,86.558000,0.755967,0.155990,1.635651
10388,86.567000,0.756217,0.155936,1.633560
10389,86.575000,0.756796,0.156032,1.631497
10390,86.583000,0.757797,0.156021,1.629651
10391,86.592000,0.758859,0.156110,1.627969
10392,86.600000,0.760049,0.156113,1.626530
10393,86.608000,0.761324,0.156119,1.625331
10394,86.617000,0.762386,0.156089,1.624539
10395,86.625000,0.763066,0.156016,1.623910
10396,86.633000,0.763540,0.155944,1.623396
10397,86.642000,0.763636,0.155889,1.622881
10398,86.650000,0.763501,0.155880,1.622216
10399,86.658000,0.763159,0.155838,1.621332
10400,86.667000,0.762843,0.155831,1.620054
10401,86.675000,0.762562,0.155861,1.618606
10402,86.683000,0.762517,0.155854,1.616922
10403,86.692000,0.762868,0.155899,1.614993
10404,86.700000,0.763475,0.155905,1.612973
10405,86.708000,0.764276,0.155921,1.611337
10406,86.717000,0.765314,0.156012,1.609736
10407,86.725000,0.766440,0.156048,1.608441
10408,86.733000,0.767431,0.156085,1.607425
10409,86.742000,0.768375,0.156090,1.606785
10410,86.750000,0.769203,0.156026,1.606324
10411,86.758000,0.769668,0.155967,1.605939
10412,86.767000,0.769846,0.155908,1.605522
10413,86.775000,0.769797,0.155891,1.604818
10414,86.783000,0.769587,0.155838,1.603890
10415,86.792000,0.769361,0.155828,1.602630
10416,86.800000,0.769105,0.155814,1.601167
10417,86.808000,0.769206,0.155840,1.599468
10418,86.817000,0.769555,0.155919,1.597666
10419,86.825000,0.770170,0.155910,1.595746
10420,86.833000,0.771062,0.155890,1.593846
10421,86.842000,0.772245,0.155983,1.592201
10422,86.850000,0.773507,0.155984,1.590776
10423,86.858000,0.774756,0.156013,1.589717
10424,86.867000,0.776000,0.156012,1.589007
10425,86.875000,0.777048,0.155991,1.588319
10426,86.883000,0.777723,0.155930,1.587819
10427,86.892000,0.778127,0.155892,1.587309
10428,86.900000,0.778274,0.155887,1.586609
10429,86.908000,0.778178,0.155897,1.585647
10430,86.917000,0.778038,0.155848,1.584324
10431,86.925000,0.777963,0.155800,1.582732
10432,86.933000,0.778136,0.155790,1.581004
10433,86.942000,0.778555,0.155751,1.579014
10434,86.950000,0.779295,0.155844,1.576924
10435,86.958000,0.780175,0.155908,1.575028
10436,86.967000,0.781351,0.155860,1.573276
10437,86.975000,0.782791,0.155822,1.571737
10438,86.983000,0.784162,0.155801,1.570496
10439,86.992000,0.785392,0.155795,1.569555
10440,87.000000,0.786431,0.155701,1.568875
10441,87.008000,0.787121,0.155645,1.568245
10442,87.017000,0.787510,0.155675,1.567721
10443,87.025000,0.787690,0.155703,1.566973
10444,87.033000,0.787676,0.155698,1.566026
10445,87.042000,0.787689,0.155623,1.564785
10446,87.050000,0.787691,0.155614,1.563278
10447,87.058000,0.787787,0.155537,1.561532
10448,87.067000,0.788201,0.155579,1.559771
10449,87.075000,0.788939,0.155713,1.557920
10450,87.083000,0.789818,0.155902,1.556131
10451,87.092000,0.791115,0.155792,1.554369
10452,87.100000,0.792370,0.155777,1.553047
10453,87.108000,0.793583,0.155844,1.551881
10454,87.117000,0.794827,0.155826,1.551215
10455,87.125000,0.795925,0.155833,1.550750
10456,87.133000,0.796639,0.155808,1.550317
10457,87.142000,0.797071,0.155760,1.549906
10458,87.150000,0.797244,0.155713,1.549284
10459,87.158000,0.797200,0.155685,1.548492
10460,87.167000,0.796992,0.155727,1.547378
10461,87.175000,0.796988,0.155739,1.546032
10462,87.183000,0.797159,0.155697,1.544314
10463,87.192000,0.797579,0.155725,1.542536
10464,87.200000,0.798235,0.155816,1.540684
10465,87.208000,0.799158,0.155858,1.538843
10466,87.217000,0.800446,0.155807,1.537092
10467,87.225000,0.801700,0.155876,1.535589
10468,87.233000,0.803003,0.155937,1.534435
10469,87.242000,0.804277,0.155907,1.533566
10470,87.250000,0.805447,0.155888,1.532960
10471,87.258000,0.806195,0.155857,1.532577
10472,87.267000,0.806663,0.155802,1.532111
10473,87.275000,0.806962,0.155735,1.531441
10474,87.283000,0.807033,0.155744,1.530607
10475,87.292000,0.806979,0.155694,1.529353
10476,87.300000,0.806947,0.155710,1.527833
10477,87.308000,0.807187,0.155707,1.526129
10478,87.317000,0.807632,0.155794,1.524302
10479,87.325000,0.808325,0.155777,1.522323
10480,87.333000,0.809210,0.155821,1.520424
10481,87.342000,0.810426,0.155842,1.518578
10482,87.350000,0.811806,0.155855,1.516883
10483,87.358000,0.813284,0.155975,1.515473
10484,87.367000,0.814626,0.155977,1.514419
10485,87.375000,0.815869,0.155934,1.513578
10486,87.383000,0.816876,0.155891,1.512981
10487,87.392000,0.817451,0.155835,1.512396
10488,87.400000,0.817778,0.155873,1.511592
10489,87.408000,0.817954,0.155880,1.510605
10490,87.417000,0.818049,0.155808,1.509189
10491,87.425000,0.818093,0.155789,1.507431
10492,87.433000,0.818385,0.155808,1.505641
10493,87.442000,0.818983,0.155829,1.503525
10494,87.450000,0.819733,0.155852,1.501232
10495,87.458000,0.820866,0.155826,1.499050
10496,87.467000,0.822350,0.155949,1.496841
10497,87.475000,0.823873,0.155833,1.494980
10498,87.483000,0.825477,0.155841,1.493457
10499,87.492000,0.827071,0.155843,1.492209
10500,87.500000,0.828483,0.155789,1.491370
10501,87.508000,0.829571,0.155687,1.490504
10502,87.517000,0.830263,0.155695,1.489807
10503,87.525000,0.830724,0.155687,1.488893
10504,87.533000,0.830966,0.155655,1.487749
10505,87.542000,0.831128,0.155617,1.486183
10506,87.550000,0.831263,0.155620,1.484519
10507,87.558000,0.831536,0.155599,1.482457
10508,87.567000,0.832119,0.155608,1.480267
10509,87.575000,0.832942,0.155600,1.477861
10510,87.583000,0.833941,0.155711,1.475569
10511,87.592000,0.835249,0.155743,1.473495
10512,87.600000,0.836725,0.155697,1.471705
10513,87.608000,0.838196,0.155768,1.470130
10514,87.617000,0.839647,0.155754,1.469043
10515,87.625000,0.841122,0.155775,1.468208
10516,87.633000,0.842063,0.155749,1.467499
10517,87.642000,0.842679,0.155749,1.466843
10518,87.650000,0.843029,0.155703,1.466014
10519,87.658000,0.843284,0.155682,1.464903
10520,87.667000,0.843271,0.155708,1.463473
10521,87.675000,0.843349,0.155683,1.461805
10522,87.683000,0.843569,0.155706,1.459908
10523,87.692000,0.844105,0.155747,1.457872
10524,87.700000,0.844882,0.155808,1.455681
10525,87.708000,0.845889,0.155815,1.453571
10526,87.717000,0.847166,0.155812,1.451557
10527,87.725000,0.848664,0.155905,1.449775
10528,87.733000,0.850154,0.155931,1.448298
10529,87.742000,0.851551,0.155981,1.447158
10530,87.750000,0.852954,0.155935,1.446254
10531,87.758000,0.853834,0.155821,1.445450
10532,87.767000,0.854425,0.155768,1.444795
10533,87.775000,0.854742,0.155736,1.443900
10534,87.783000,0.854954,0.155701,1.442780
10535,87.792000,0.855109,0.155639,1.441379
10536,87.800000,0.855241,0.155684,1.439629
10537,87.808000,0.855630,0.155743,1.437704
10538,87.817000,0.856305,0.155698,1.435574
10539,87.825000,0.857073,0.155677,1.433357
10540,87.833000,0.858101,0.155772,1.431130
10541,87.842000,0.859530,0.155750,1.428990
10542,87.850000,0.861027,0.155677,1.427206
10543,87.858000,0.862510,0.155756,1.425578
10544,87.867000,0.864007,0.155825,1.424372
10545,87.875000,0.865486,0.155719,1.423376
10546,87.883000,0.866510,0.155675,1.422560
10547,87.892000,0.867281,0.155623,1.421622
10548,87.900000,0.867730,0.155598,1.420436
10549,87.908000,0.868010,0.155670,1.419075
10550,87.917000,0.868038,0.155701,1.417489
10551,87.925000,0.868208,0.155655,1.415599
10552,87.933000,0.868629,0.155606,1.413526
10553,87.942000,0.869338,0.155673,1.411260
10554,87.950000,0.870137,0.155694,1.409002
10555,87.958000,0.871145,0.155765,1.406694
10556,87.967000,0.872567,0.155716,1.404473
10557,87.975000,0.874080,0.155755,1.402514
10558,87.983000,0.875415,0.155799,1.400777
10559,87.992000,0.876935,0.155877,1.399451
10560,88.000000,0.878276,0.155817,1.398347
10561,88.008000,0.879192,0.155774,1.397360
10562,88.017000,0.879810,0.155731,1.396432
10563,88.025000,0.880164,0.155678,1.395357
10564,88.033000,0.880347,0.155693,1.394069
10565,88.042000,0.880364,0.155680,1.392410
10566,88.050000,0.880242,0.155664,1.390539
10567,88.058000,0.880338,0.155663,1.388379
10568,88.067000,0.880743,0.155662,1.386105
10569,88.075000,0.881152,0.155723,1.383646
10570,88.083000,0.881904,0.155833,1.381227
10571,88.092000,0.882951,0.155745,1.379054
10572,88.100000,0.884075,0.155807,1.377046
10573,88.108000,0.885212,0.155852,1.375286
10574,88.117000,0.886384,0.155843,1.373923
10575,88.125000,0.887398,0.155819,1.372860
10576,88.133000,0.887878,0.155847,1.371991
10577,88.142000,0.888194,0.155798,1.371133
10578,88.150000,0.888260,0.155723,1.370178
10579,88.158000,0.888076,0.155681,1.369015
10580,88.167000,0.887697,0.155738,1.367558
10581,88.175000,0.887393,0.155698,1.365956
10582,88.183000,0.887080,0.155655,1.363968
10583,88.192000,0.887122,0.155696,1.361923
10584,88.200000,0.887372,0.155662,1.359790
10585,88.208000,0.887932,0.155687,1.357516
10586,88.217000,0.888756,0.155693,1.355279
10587,88.225000,0.889616,0.155749,1.353212
10588,88.233000,0.890565,0.155832,1.351515
10589,88.242000,0.891414,0.155855,1.350112
10590,88.250000,0.892357,0.155819,1.349001
10591,88.258000,0.892859,0.155808,1.348170
10592,88.267000,0.893110,0.155801,1.347336
10593,88.275000,0.893097,0.155752,1.346418
10594,88.283000,0.892855,0.155773,1.345227
10595,88.292000,0.892335,0.155708,1.343887
10596,88.300000,0.891819,0.155735,1.342310
10597,88.308000,0.891432,0.155793,1.340552
10598,88.317000,0.891277,0.155828,1.338511
10599,88.325000,0.891348,0.155862,1.336353
10600,88.333000,0.891639,0.155924,1.334298
10601,88.342000,0.892174,0.155983,1.332314
10602,88.350000,0.892907,0.156007,1.330677
10603,88.358000,0.893699,0.156017,1.329186
10604,88.367000,0.894507,0.156045,1.328066
10605,88.375000,0.895280,0.156039,1.327155
10606,88.383000,0.895918,0.155973,1.326291
10607,88.392000,0.896253,0.155918,1.325572
10608,88.400000,0.896243,0.155901,1.324827
10609,88.408000,0.895931,0.155959,1.323849
10610,88.417000,0.895363,0.155929,1.322650
10611,88.425000,0.894945,0.155933,1.321028
10612,88.433000,0.894650,0.155860,1.319247
10613,88.442000,0.894532,0.155904,1.317232
10614,88.450000,0.894704,0.155949,1.314988
10615,88.458000,0.895117,0.156014,1.312612
10616,88.467000,0.895855,0.156053,1.310474
10617,88.475000,0.896895,0.156091,1.308462
10618,88.483000,0.898045,0.156082,1.306607
10619,88.492000,0.899168,0.156068,1.305179
10620,88.500000,0.900198,0.156140,1.304012
10621,88.508000,0.901021,0.156128,1.303097
10622,88.517000,0.901576,0.156096,1.302224
10623,88.525000,0.901775,0.156041,1.301278
10624,88.533000,0.901768,0.155973,1.300158
10625,88.542000,0.901483,0.155987,1.298719
10626,88.550000,0.901222,0.155994,1.297083
10627,88.558000,0.900950,0.156061,1.295139
10628,88.567000,0.901098,0.156017,1.292925
10629,88.575000,0.901408,0.156041,1.290590
10630,88.583000,0.901956,0.156090,1.288200
10631,88.592000,0.902806,0.156105,1.285994
10632,88.600000,0.903920,0.156178,1.283822
10633,88.608000,0.905045,0.156145,1.281946
10634,88.617000,0.906139,0.156186,1.280481
10635,88.625000,0.907321,0.156179,1.279258
10636,88.633000,0.908218,0.156207,1.278291
10637,88.642000,0.908742,0.156180,1.277442
10638,88.650000,0.908984,0.156115,1.276552
10639,88.658000,0.908949,0.156074,1.275360
10640,88.667000,0.908717,0.156017,1.273994
10641,88.675000,0.908486,0.156008,1.272395
10642,88.683000,0.908238,0.156024,1.270460
10643,88.692000,0.908279,0.155990,1.268357
10644,88.700000,0.908496,0.156019,1.266069
10645,88.708000,0.908984,0.156038,1.263794
10646,88.717000,0.909779,0.156114,1.261606
10647,88.725000,0.910917,0.156182,1.259505
10648,88.733000,0.912144,0.156146,1.257815
10649,88.742000,0.913352,0.156164,1.256175
10650,88.750000,0.914423,0.156136,1.255040
10651,88.758000,0.915383,0.156089,1.253982
10652,88.767000,0.915987,0.156087,1.253182
10653,88.775000,0.916328,0.156110,1.252465
10654,88.783000,0.916476,0.156172,1.251645
10655,88.792000,0.916331,0.156269,1.250480
10656,88.800000,0.916202,0.156170,1.248898
10657,88.808000,0.916108,0.156166,1.247023
10658,88.817000,0.916200,0.156174,1.244925
10659,88.825000,0.916468,0.156261,1.242689
10660,88.833000,0.916993,0.156374,1.240356
10661,88.842000,0.917826,0.156319,1.238093
10662,88.850000,0.918824,0.156398,1.235814
10663,88.858000,0.919924,0.156549,1.234044
10664,88.867000,0.921056,0.156555,1.232578
10665,88.875000,0.922108,0.156559,1.231321
10666,88.883000,0.923031,0.156613,1.230375
10667,88.892000,0.923638,0.156536,1.229471
10668,88.900000,0.923940,0.156450,1.228552
10669,88.908000,0.924024,0.156445,1.227440
10670,88.917000,0.923830,0.156489,1.226199
10671,88.925000,0.923600,0.156528,1.224594
10672,88.933000,0.923429,0.156516,1.222760
10673,88.942000,0.923437,0.156447,1.220673
10674,88.950000,0.923723,0.156476,1.218373
10675,88.958000,0.924255,0.156659,1.216036
10676,88.967000,0.925002,0.156681,1.213736
10677,88.975000,0.926166,0.156597,1.211542
10678,88.983000,0.927389,0.156593,1.209696
10679,88.992000,0.928595,0.156673,1.208156
10680,89.000000,0.929861,0.156706,1.206836
10681,89.008000,0.930978,0.156615,1.205786
10682,89.017000,0.931709,0.156507,1.204781
10683,89.025000,0.932200,0.156397,1.203869
10684,89.033000,0.932408,0.156307,1.202693
10685,89.042000,0.932307,0.156324,1.201389
10686,89.050000,0.932146,0.156306,1.199881
10687,89.058000,0.932062,0.156383,1.198046
10688,89.067000,0.932073,0.156448,1.196005
10689,89.075000,0.932284,0.156399,1.193790
10690,89.083000,0.932734,0.156494,1.191501
10691,89.092000,0.933550,0.156544,1.189194
10692,89.100000,0.934681,0.156569,1.186884
10693,89.108000,0.935853,0.156527,1.185031
10694,89.117000,0.937069,0.156567,1.183442
10695,89.125000,0.938276,0.156617,1.182196
10696,89.133000,0.939258,0.156599,1.181232
10697,89.142000,0.939895,0.156562,1.180441
10698,89.150000,0.940293,0.156516,1.179600
10699,89.158000,0.940377,0.156515,1.178542
10700,89.167000,0.940287,0.156497,1.177309
10701,89.175000,0.940066,0.156492,1.175699
10702,89.183000,0.939910,0.156419,1.173827
10703,89.192000,0.939942,0.156457,1.171713
10704,89.200000,0.940132,0.156451,1.169482
10705,89.208000,0.940563,0.156572,1.167087
10706,89.217000,0.941368,0.156634,1.164860
10707,89.225000,0.942433,0.156717,1.162730
10708,89.233000,0.943628,0.156674,1.160835
10709,89.242000,0.944934,0.156689,1.159312
10710,89.250000,0.946113,0.156767,1.158015
10711,89.258000,0.947162,0.156754,1.157074
10712,89.267000,0.947900,0.156699,1.156170
10713,89.275000,0.948316,0.156663,1.155267
10714,89.283000,0.948412,0.156656,1.154207
10715,89.292000,0.948295,0.156695,1.152936
10716,89.300000,0.948088,0.156615,1.151307
10717,89.308000,0.947875,0.156562,1.149500
10718,89.317000,0.947947,0.156633,1.147448
10719,89.325000,0.948228,0.156593,1.145286
10720,89.333000,0.948806,0.156663,1.142799
10721,89.342000,0.949763,0.156679,1.140471
10722,89.350000,0.950767,0.156793,1.138365
10723,89.358000,0.951975,0.156762,1.136442
10724,89.367000,0.953176,0.156790,1.134910
10725,89.375000,0.954377,0.156788,1.133560
10726,89.383000,0.955374,0.156720,1.132609
10727,89.392000,0.955945,0.156695,1.131680
10728,89.400000,0.956336,0.156635,1.130735
10729,89.408000,0.956479,0.156568,1.129721
10730,89.417000,0.956386,0.156654,1.128499
10731,89.425000,0.956257,0.156650,1.126866
10732,89.433000,0.956159,0.156616,1.125049
10733,89.442000,0.956226,0.156702,1.123021
10734,89.450000,0.956392,0.156683,1.120864
10735,89.458000,0.956841,0.156727,1.118477
10736,89.467000,0.957630,0.156698,1.116152
10737,89.475000,0.958767,0.156772,1.114006
10738,89.483000,0.960045,0.156814,1.111960
10739,89.492000,0.961545,0.156921,1.110217
10740,89.500000,0.962845,0.156945,1.108927
10741,89.508000,0.963909,0.156884,1.107857
10742,89.517000,0.964800,0.156828,1.106951
10743,89.525000,0.965298,0.156803,1.106073
10744,89.533000,0.965492,0.156787,1.105020
10745,89.542000,0.965381,0.156796,1.103798
10746,89.550000,0.965121,0.156766,1.102226
10747,89.558000,0.964971,0.156717,1.100511
10748,89.567000,0.965002,0.156714,1.098490
10749,89.575000,0.965269,0.156865,1.096331
10750,89.583000,0.965815,0.156942,1.093934
10751,89.592000,0.966609,0.156892,1.091547
10752,89.600000,0.967717,0.156893,1.089445
10753,89.608000,0.968938,0.157005,1.087450
10754,89.617000,0.970097,0.157041,1.085852
10755,89.625000,0.971378,0.156969,1.084686
10756,89.633000,0.972483,0.156959,1.083668
10757,89.642000,0.973228,0.156920,1.082656
10758,89.650000,0.973653,0.156903,1.081776
10759,89.658000,0.973796,0.156912,1.080797
10760,89.667000,0.973707,0.156881,1.079629
10761,89.675000,0.973484,0.156875,1.078147
10762,89.683000,0.973328,0.156856,1.076326
10763,89.692000,0.973324,0.156775,1.074283
10764,89.700000,0.973509,0.156814,1.071932
10765,89.708000,0.973953,0.156884,1.069671
10766,89.717000,0.974657,0.156937,1.067321
10767,89.725000,0.975730,0.156864,1.065256
10768,89.733000,0.977010,0.156966,1.063416
10769,89.742000,0.978198,0.157041,1.061927
10770,89.750000,0.979490,0.157031,1.060723
10771,89.758000,0.980626,0.156981,1.059838
10772,89.767000,0.981442,0.156900,1.059054
10773,89.775000,0.981924,0.156778,1.058298
10774,89.783000,0.982073,0.156763,1.057355
10775,89.792000,0.982029,0.156745,1.056283
10776,89.800000,0.981772,0.156677,1.054798
10777,89.808000,0.981515,0.156783,1.053009
10778,89.817000,0.981545,0.156796,1.051028
10779,89.825000,0.981739,0.156696,1.048859
10780,89.833000,0.982221,0.156842,1.046544
10781,89.842000,0.983026,0.156828,1.044409
10782,89.850000,0.984018,0.156847,1.042192
10783,89.858000,0.985210,0.156889,1.040188
10784,89.867000,0.986453,0.156905,1.038685
10785,89.875000,0.987498,0.156992,1.037354
10786,89.883000,0.988522,0.156932,1.036372
10787,89.892000,0.989208,0.156882,1.035536
10788,89.900000,0.989680,0.156859,1.034695
10789,89.908000,0.989848,0.156800,1.033774
10790,89.917000,0.989812,0.156758,1.032658
10791,89.925000,0.989596,0.156795,1.031099
10792,89.933000,0.989364,0.156874,1.029363
10793,89.942000,0.989393,0.156829,1.027354
10794,89.950000,0.989511,0.156917,1.025155
10795,89.958000,0.990001,0.156913,1.022869
10796,89.967000,0.990650,0.156973,1.020570
10797,89.975000,0.991660,0.156925,1.018285
10798,89.983000,0.992844,0.157002,1.016159
10799,89.992000,0.994067,0.157030,1.014535
10800,90.000000,0.995314,0.157048,1.013184
10801,90.008000,0.996477,0.157049,1.012073
10802,90.017000,0.997191,0.157016,1.011251
10803,90.025000,0.997720,0.156964,1.010352
10804,90.033000,0.997981,0.156870,1.009292
10805,90.042000,0.997914,0.156858,1.008188
10806,90.050000,0.997695,0.156852,1.006684
10807,90.058000,0.997560,0.156870,1.004786
10808,90.067000,0.997555,0.156849,1.002788
10809,90.075000,0.997780,0.156958,1.000579
10810,90.083000,0.998184,0.156988,0.998298
10811,90.092000,0.998887,0.157027,0.995973
10812,90.100000,0.999973,0.156994,0.993807
10813,90.108000,1.001146,0.157013,0.991845
10814,90.117000,1.002446,0.157067,0.990166
10815,90.125000,1.003693,0.157091,0.988828
10816,90.133000,1.004837,0.157083,0.987799
10817,90.142000,1.005586,0.157061,0.986954
10818,90.150000,1.006086,0.157009,0.986084
10819,90.158000,1.006290,0.156965,0.985016
10820,90.167000,1.006272,0.156959,0.983823
10821,90.175000,1.006081,0.156898,0.982355
10822,90.183000,1.005913,0.156909,0.980570
10823,90.192000,1.005885,0.156895,0.978566
10824,90.200000,1.006121,0.156884,0.976493
10825,90.208000,1.006550,0.156925,0.974084
10826,90.217000,1.007185,0.156976,0.971804
10827,90.225000,1.008132,0.156950,0.969556
10828,90.233000,1.009379,0.156970,0.967506
10829,90.242000,1.010608,0.157085,0.965754
10830,90.250000,1.011885,0.157090,0.964346
10831,90.258000,1.013032,0.157093,0.963293
10832,90.267000,1.013832,0.157013,0.962400
10833,90.275000,1.014401,0.156933,0.961592
10834,90.283000,1.014617,0.156921,0.960717
10835,90.292000,1.014624,0.156969,0.959591
10836,90.300000,1.014502,0.156889,0.957994
10837,90.308000,1.014314,0.156868,0.956200
10838,90.317000,1.014217,0.156814,0.954204
10839,90.325000,1.014483,0.156758,0.951970
10840,90.333000,1.014814,0.156805,0.949653
10841,90.342000,1.015542,0.156815,0.947171
10842,90.350000,1.016601,0.156711,0.944889
10843,90.358000,1.017624,0.156703,0.942747
10844,90.367000,1.018945,0.156726,0.940946
10845,90.375000,1.020062,0.156683,0.939515
10846,90.383000,1.021028,0.156626,0.938333
10847,90.392000,1.021862,0.156575,0.937298
10848,90.400000,1.022332,0.156514,0.936358
10849,90.408000,1.022501,0.156595,0.935528
10850,90.417000,1.022552,0.156646,0.934535
10851,90.425000,1.022405,0.156598,0.933023
10852,90.433000,1.022236,0.156620,0.931315
10853,90.442000,1.022179,0.156618,0.929497
10854,90.450000,1.022402,0.156613,0.927343
10855,90.458000,1.022816,0.156655,0.925062
10856,90.467000,1.023499,0.156734,0.922752
10857,90.475000,1.024457,0.156718,0.920609
10858,90.483000,1.025666,0.156690,0.918663
10859,90.492000,1.026848,0.156781,0.916893
10860,90.500000,1.028174,0.156738,0.915516
10861,90.508000,1.029349,0.156712,0.914411
10862,90.517000,1.030145,0.156683,0.913451
10863,90.525000,1.030698,0.156661,0.912655
10864,90.533000,1.030914,0.156649,0.911666
10865,90.542000,1.030920,0.156681,0.910519
10866,90.550000,1.030797,0.156638,0.909164
10867,90.558000,1.030690,0.156606,0.907546
10868,90.567000,1.030641,0.156579,0.905573
10869,90.575000,1.030879,0.156608,0.903502
10870,90.583000,1.031319,0.156618,0.901104
10871,90.592000,1.031994,0.156754,0.898785
10872,90.600000,1.032974,0.156676,0.896550
10873,90.608000,1.034238,0.156637,0.894410
10874,90.617000,1.035460,0.156628,0.892730
10875,90.625000,1.036696,0.156689,0.891402
10876,90.633000,1.037992,0.156672,0.890405
10877,90.642000,1.038891,0.156642,0.889500
10878,90.650000,1.039357,0.156709,0.888813
10879,90.658000,1.039563,0.156780,0.888015
10880,90.667000,1.039594,0.156774,0.886966
10881,90.675000,1.039315,0.156745,0.885475
10882,90.683000,1.039090,0.156776,0.883794
10883,90.692000,1.038982,0.156772,0.881974
10884,90.700000,1.039219,0.156746,0.879845
10885,90.708000,1.039564,0.156772,0.877590
10886,90.717000,1.040107,0.156901,0.875257
10887,90.725000,1.041025,0.156868,0.872995
10888,90.733000,1.042138,0.156828,0.871069
10889,90.742000,1.043274,0.156809,0.869276
10890,90.750000,1.044508,0.156845,0.868005
10891,90.758000,1.045659,0.156868,0.867040
10892,90.767000,1.046625,0.156886,0.866254
10893,90.775000,1.047261,0.156815,0.865448
10894,90.783000,1.047458,0.156798,0.864546
10895,90.792000,1.047411,0.156849,0.863478
10896,90.800000,1.047260,0.156854,0.862056
10897,90.808000,1.047062,0.156842,0.860449
10898,90.817000,1.046874,0.156809,0.858559
10899,90.825000,1.047091,0.156808,0.856468
10900,90.833000,1.047505,0.156801,0.854174
10901,90.842000,1.048214,0.156876,0.851796
10902,90.850000,1.049196,0.156858,0.849611
10903,90.858000,1.050457,0.156913,0.847533
10904,90.867000,1.051649,0.156827,0.845806
10905,90.875000,1.052879,0.156912,0.844412
10906,90.883000,1.054119,0.156919,0.843271
10907,90.892000,1.054953,0.156852,0.842401
10908,90.900000,1.055490,0.156788,0.841578
10909,90.908000,1.055740,0.156771,0.840686
10910,90.917000,1.055773,0.156833,0.839651
10911,90.925000,1.055643,0.156797,0.838241
10912,90.933000,1.055455,0.156851,0.836501
10913,90.942000,1.055372,0.156874,0.834650
10914,90.950000,1.055521,0.156859,0.832456
10915,90.958000,1.055886,0.156801,0.830181
10916,90.967000,1.056523,0.156956,0.827872
10917,90.975000,1.057519,0.156976,0.825625
10918,90.983000,1.058689,0.156850,0.823621
10919,90.992000,1.059901,0.156835,0.821813
10920,91.000000,1.061109,0.156980,0.820309
10921,91.008000,1.062467,0.156902,0.819169
10922,91.017000,1.063328,0.156911,0.818227
10923,91.025000,1.063897,0.156887,0.817387
10924,91.033000,1.064191,0.156874,0.816495
10925,91.042000,1.064308,0.156807,0.815334
10926,91.050000,1.064154,0.156797,0.813959
10927,91.058000,1.063981,0.156831,0.812366
10928,91.067000,1.063836,0.156725,0.810444
10929,91.075000,1.063954,0.156651,0.808326
10930,91.083000,1.064213,0.156562,0.806035
10931,91.092000,1.064777,0.156753,0.803802
10932,91.100000,1.065791,0.156699,0.801634
10933,91.108000,1.066875,0.156658,0.799673
10934,91.117000,1.068171,0.156810,0.797880
10935,91.125000,1.069491,0.156915,0.796491
10936,91.133000,1.070909,0.156769,0.795236
10937,91.142000,1.071922,0.156810,0.794363
10938,91.150000,1.072664,0.156748,0.793433
10939,91.158000,1.072957,0.156687,0.792456
10940,91.167000,1.073100,0.156618,0.791480
10941,91.175000,1.072972,0.156611,0.790209
10942,91.183000,1.072804,0.156625,0.788472
10943,91.192000,1.072785,0.156616,0.786524
10944,91.200000,1.073058,0.156574,0.784330
10945,91.208000,1.073472,0.156603,0.782044
10946,91.217000,1.074131,0.156709,0.779740
10947,91.225000,1.075118,0.156640,0.777560
10948,91.233000,1.076215,0.156726,0.775428
10949,91.242000,1.077616,0.156748,0.773769
10950,91.250000,1.078798,0.156789,0.772339
10951,91.258000,1.080056,0.156766,0.771203
10952,91.267000,1.081069,0.156806,0.770200
10953,91.275000,1.081805,0.156724,0.769285
10954,91.283000,1.082146,0.156620,0.768476
10955,91.292000,1.082245,0.156637,0.767445
10956,91.300000,1.082131,0.156634,0.766133
10957,91.308000,1.081987,0.156642,0.764494
10958,91.317000,1.081916,0.156738,0.762632
10959,91.325000,1.082091,0.156669,0.760552
10960,91.333000,1.082419,0.156783,0.758365
10961,91.342000,1.083100,0.156774,0.756025
10962,91.350000,1.084200,0.156690,0.753813
10963,91.358000,1.085416,0.156742,0.751792
10964,91.367000,1.086695,0.156731,0.750010
10965,91.375000,1.088119,0.156767,0.748496
10966,91.383000,1.089494,0.156641,0.747416
10967,91.392000,1.090560,0.156573,0.746437
10968,91.400000,1.091229,0.156638,0.745647
10969,91.408000,1.091514,0.156604,0.744737
10970,91.417000,1.091595,0.156571,0.743695
10971,91.425000,1.091448,0.156543,0.742298
10972,91.433000,1.091306,0.156625,0.740573
10973,91.442000,1.091299,0.156586,0.738619
10974,91.450000,1.091550,0.156610,0.736450
10975,91.458000,1.091915,0.156542,0.734149
10976,91.467000,1.092648,0.156624,0.731776
10977,91.475000,1.093531,0.156731,0.729617
10978,91.483000,1.094664,0.156686,0.727592
10979,91.492000,1.095964,0.156755,0.725664
10980,91.500000,1.097249,0.156767,0.724342
10981,91.508000,1.098608,0.156656,0.723172
10982,91.517000,1.099587,0.156751,0.722295
10983,91.525000,1.100240,0.156771,0.721405
10984,91.533000,1.100592,0.156702,0.720384
10985,91.542000,1.100804,0.156641,0.719214
10986,91.550000,1.100693,0.156626,0.717850
10987,91.558000,1.100495,0.156614,0.716078
10988,91.567000,1.100514,0.156637,0.714135
10989,91.575000,1.100704,0.156625,0.712093
10990,91.583000,1.101141,0.156541,0.709805
10991,91.592000,1.101901,0.156694,0.707544
10992,91.600000,1.102846,0.156707,0.705370
10993,91.608000,1.104042,0.156743,0.703174
10994,91.617000,1.105185,0.156752,0.701429
10995,91.625000,1.106663,0.156710,0.699965
10996,91.633000,1.107927,0.156820,0.698826
10997,91.642000,1.108850,0.156764,0.697943
10998,91.650000,1.109648,0.156652,0.697100
10999,91.658000,1.110006,0.156589,0.696310
11000,91.667000,1.110127,0.156564,0.695326
11001,91.675000,1.110083,0.156514,0.694077
11002,91.683000,1.109935,0.156570,0.692432
11003,91.692000,1.109836,0.156634,0.690676
11004,91.700000,1.109972,0.156665,0.688611
11005,91.708000,1.110375,0.156596,0.686396
11006,91.717000,1.110988,0.156663,0.684202
11007,91.725000,1.111825,0.156702,0.682095
11008,91.733000,1.113011,0.156635,0.679923
11009,91.742000,1.114084,0.156594,0.678329
11010,91.750000,1.115469,0.156678,0.676856
11011,91.758000,1.116693,0.156624,0.675761
11012,91.767000,1.117707,0.156535,0.674968
11013,91.775000,1.118454,0.156515,0.674211
11014,91.783000,1.118864,0.156537,0.673438
11015,91.792000,1.119044,0.156464,0.672490
11016,91.800000,1.119028,0.156440,0.671296
11017,91.808000,1.118931,0.156531,0.669727
11018,91.817000,1.118912,0.156467,0.667975
11019,91.825000,1.119168,0.156520,0.665981
11020,91.833000,1.119660,0.156493,0.663738
11021,91.842000,1.120365,0.156664,0.661469
11022,91.850000,1.121463,0.156638,0.659271
11023,91.858000,1.122782,0.156640,0.657088
11024,91.867000,1.124121,0.156607,0.655383
11025,91.875000,1.125581,0.156757,0.653974
11026,91.883000,1.126914,0.156744,0.652994
11027,91.892000,1.128042,0.156636,0.652181
11028,91.900000,1.128898,0.156563,0.651417
11029,91.908000,1.129394,0.156587,0.650692
11030,91.917000,1.129773,0.156554,0.649733
11031,91.925000,1.129951,0.156471,0.648380
11032,91.933000,1.129925,0.156452,0.646684
11033,91.942000,1.130030,0.156451,0.644744
11034,91.950000,1.130379,0.156405,0.642545
11035,91.958000,1.130981,0.156360,0.640186
11036,91.967000,1.131797,0.156375,0.637717
11037,91.975000,1.132846,0.156240,0.635401
11038,91.983000,1.134373,0.156248,0.633343
11039,91.992000,1.135895,0.156194,0.631551
11040,92.000000,1.137659,0.156236,0.630118
11041,92.008000,1.139227,0.156305,0.629116
11042,92.017000,1.140578,0.156244,0.628301
11043,92.025000,1.141558,0.156222,0.627515
11044,92.033000,1.142225,0.156271,0.626753
11045,92.042000,1.142693,0.156281,0.625928
11046,92.050000,1.142941,0.156258,0.624788
11047,92.058000,1.143157,0.156266,0.623189
11048,92.067000,1.143384,0.156291,0.621426
11049,92.075000,1.143946,0.156248,0.619531
11050,92.083000,1.144670,0.156327,0.617486
11051,92.092000,1.145735,0.156342,0.615273
11052,92.100000,1.147123,0.156344,0.613330
11053,92.108000,1.148620,0.156390,0.611546
11054,92.117000,1.150240,0.156502,0.609912
11055,92.125000,1.151931,0.156463,0.608658
11056,92.133000,1.153592,0.156362,0.607778
11057,92.142000,1.155058,0.156345,0.607066
11058,92.150000,1.156088,0.156253,0.606415
11059,92.158000,1.156770,0.156287,0.605762
11060,92.167000,1.157321,0.156283,0.604900
11061,92.175000,1.157627,0.156278,0.603830
11062,92.183000,1.157853,0.156281,0.602436
11063,92.192000,1.158195,0.156293,0.600786
11064,92.200000,1.158780,0.156217,0.599004
11065,92.208000,1.159630,0.156293,0.596998
11066,92.217000,1.160725,0.156399,0.595106
11067,92.225000,1.162252,0.156258,0.593147
11068,92.233000,1.163806,0.156315,0.591443
11069,92.242000,1.165564,0.156325,0.589922
11070,92.250000,1.167124,0.156473,0.588850
11071,92.258000,1.168894,0.156405,0.587979
11072,92.267000,1.170320,0.156331,0.587459
11073,92.275000,1.171495,0.156254,0.586946
11074,92.283000,1.172233,0.156269,0.586439
11075,92.292000,1.172857,0.156196,0.585716
11076,92.300000,1.173175,0.156194,0.584731
11077,92.308000,1.173408,0.156273,0.583412
11078,92.317000,1.173904,0.156236,0.581930
11079,92.325000,1.174487,0.156258,0.580263
11080,92.333000,1.175490,0.156226,0.578324
11081,92.342000,1.176709,0.156309,0.576498
11082,92.350000,1.178231,0.156278,0.574678
11083,92.358000,1.179974,0.156261,0.572957
11084,92.367000,1.181777,0.156244,0.571439
11085,92.375000,1.183596,0.156306,0.570517
11086,92.383000,1.185320,0.156274,0.569790
11087,92.392000,1.186626,0.156234,0.569254
11088,92.400000,1.187729,0.156233,0.568763
11089,92.408000,1.188447,0.156289,0.568208
11090,92.417000,1.189056,0.156304,0.567585
11091,92.425000,1.189406,0.156341,0.566699
11092,92.433000,1.189811,0.156255,0.565412
11093,92.442000,1.190430,0.156182,0.563779
11094,92.450000,1.191200,0.156164,0.562202
11095,92.458000,1.192259,0.156198,0.560396
11096,92.467000,1.193543,0.156374,0.558441
11097,92.475000,1.195203,0.156200,0.556571
11098,92.483000,1.196949,0.156219,0.554980
11099,92.492000,1.198967,0.156245,0.553635
11100,92.500000,1.200940,0.156277,0.552652
11101,92.508000,1.202904,0.156245,0.551978
11102,92.517000,1.204630,0.156180,0.551448
11103,92.525000,1.205848,0.156125,0.551063
11104,92.533000,1.206764,0.156075,0.550612
11105,92.542000,1.207612,0.155907,0.550067
11106,92.550000,1.208302,0.155785,0.549041
11107,92.558000,1.208825,0.155814,0.547622
11108,92.567000,1.209508,0.155823,0.546201
11109,92.575000,1.210554,0.155780,0.544605
11110,92.583000,1.211629,0.155795,0.542899
11111,92.592000,1.213048,0.155918,0.541221
11112,92.600000,1.214603,0.155941,0.539735
11113,92.608000,1.216480,0.155924,0.538145
11114,92.617000,1.218278,0.155912,0.536902
11115,92.625000,1.220110,0.155959,0.535917
11116,92.633000,1.221953,0.155854,0.535290
11117,92.642000,1.223351,0.155862,0.534759
11118,92.650000,1.224575,0.155826,0.534217
11119,92.658000,1.225420,0.155696,0.533600
11120,92.667000,1.226128,0.155586,0.532909
11121,92.675000,1.226759,0.155598,0.531778
11122,92.683000,1.227346,0.155696,0.530333
11123,92.692000,1.228171,0.155645,0.528733
11124,92.700000,1.229435,0.155628,0.526979
11125,92.708000,1.230747,0.155769,0.525171
11126,92.717000,1.232300,0.155849,0.523511
11127,92.725000,1.234160,0.155815,0.521703
11128,92.733000,1.236059,0.155723,0.520201
11129,92.742000,1.237992,0.155936,0.518661
11130,92.750000,1.239897,0.155938,0.517679
11131,92.758000,1.242020,0.155874,0.516863
11132,92.767000,1.243550,0.155893,0.516170
11133,92.775000,1.244809,0.155835,0.515717
11134,92.783000,1.245772,0.155837,0.515096
11135,92.792000,1.246598,0.155688,0.514449
11136,92.800000,1.247186,0.155705,0.513476
11137,92.808000,1.247721,0.155728,0.512294
11138,92.817000,1.248280,0.155828,0.510637
11139,92.825000,1.249115,0.155804,0.508913
11140,92.833000,1.250114,0.155757,0.507006
11141,92.842000,1.251375,0.155932,0.505229
11142,92.850000,1.252976,0.155931,0.503502
11143,92.858000,1.254689,0.155924,0.501934
11144,92.867000,1.256359,0.156000,0.500559
11145,92.875000,1.258317,0.156035,0.499591
11146,92.883000,1.260149,0.156039,0.498863
11147,92.892000,1.261526,0.155999,0.498429
11148,92.900000,1.262497,0.155897,0.498043
11149,92.908000,1.263227,0.155819,0.497564
11150,92.917000,1.263716,0.155787,0.497020
11151,92.925000,1.263932,0.155787,0.496060
11152,92.933000,1.264190,0.155766,0.494788
11153,92.942000,1.264677,0.155728,0.493179
11154,92.950000,1.265373,0.155636,0.491524
11155,92.958000,1.266394,0.155783,0.489607
11156,92.967000,1.267656,0.155843,0.487881
11157,92.975000,1.269187,0.155823,0.486142
11158,92.983000,1.270817,0.155925,0.484616
11159,92.992000,1.272574,0.155961,0.483441
11160,93.000000,1.274175,0.155974,0.482708
11161,93.008000,1.275761,0.155906,0.482203
11162,93.017000,1.277087,0.155880,0.481770
11163,93.025000,1.277951,0.155860,0.481442
11164,93.033000,1.278601,0.155891,0.481004
11165,93.042000,1.279072,0.155804,0.480392
11166,93.050000,1.279336,0.155786,0.479313
11167,93.058000,1.279618,0.155769,0.478035
11168,93.067000,1.280034,0.155785,0.476441
11169,93.075000,1.280781,0.155845,0.474749
11170,93.083000,1.281741,0.155898,0.473075
11171,93.092000,1.282912,0.155905,0.471336
11172,93.100000,1.284429,0.155908,0.469681
11173,93.108000,1.286204,0.155874,0.468168
11174,93.117000,1.287956,0.155990,0.466990
11175,93.125000,1.289739,0.156085,0.465978
11176,93.133000,1.291251,0.156090,0.465358
11177,93.142000,1.292521,0.156056,0.465014
11178,93.150000,1.293356,0.156033,0.464679
11179,93.158000,1.293785,0.156124,0.464211
11180,93.167000,1.294134,0.156166,0.463607
11181,93.175000,1.294395,0.156203,0.462556
11182,93.183000,1.294666,0.156147,0.461170
11183,93.192000,1.295113,0.156049,0.459545
11184,93.200000,1.295758,0.156005,0.457927
11185,93.208000,1.296681,0.156137,0.456098
11186,93.217000,1.297875,0.156250,0.454184
11187,93.225000,1.299303,0.156306,0.452500
11188,93.233000,1.300802,0.156331,0.451176
11189,93.242000,1.302437,0.156370,0.450003
11190,93.250000,1.303878,0.156458,0.449144
11191,93.258000,1.305525,0.156478,0.448600
11192,93.267000,1.306803,0.156507,0.448236
11193,93.275000,1.307885,0.156541,0.447851
11194,93.283000,1.308595,0.156542,0.447417
11195,93.292000,1.309229,0.156489,0.446838
11196,93.300000,1.309608,0.156458,0.445882
11197,93.308000,1.309888,0.156405,0.444656
11198,93.317000,1.310393,0.156454,0.443168
11199,93.325000,1.311158,0.156443,0.441541
11200,93.333000,1.312106,0.156439,0.439554
11201,93.342000,1.313344,0.156493,0.437729
11202,93.350000,1.315010,0.156443,0.436101
11203,93.358000,1.316595,0.156492,0.434542
11204,93.367000,1.318453,0.156485,0.433267
11205,93.375000,1.320238,0.156477,0.432395
11206,93.383000,1.321938,0.156399,0.431747
11207,93.392000,1.323403,0.156330,0.431367
11208,93.400000,1.324481,0.156224,0.431054
11209,93.408000,1.325226,0.156162,0.430646
11210,93.417000,1.325774,0.156140,0.430120
11211,93.425000,1.326089,0.156149,0.429180
11212,93.433000,1.326437,0.156143,0.428023
11213,93.442000,1.327074,0.155970,0.426518
11214,93.450000,1.327886,0.155873,0.424738
11215,93.458000,1.328841,0.155973,0.422999
11216,93.467000,1.330149,0.156052,0.421272
11217,93.475000,1.331902,0.155922,0.419449
11218,93.483000,1.333624,0.155825,0.417884
11219,93.492000,1.335198,0.155918,0.416602
11220,93.500000,1.337078,0.155986,0.415717
11221,93.508000,1.338726,0.155962,0.415125
11222,93.517000,1.340116,0.155926,0.414613
11223,93.525000,1.340969,0.155925,0.414259
11224,93.533000,1.341681,0.155880,0.413762
11225,93.542000,1.342179,0.155854,0.413175
11226,93.550000,1.342440,0.155826,0.412165
11227,93.558000,1.342757,0.155810,0.410883
11228,93.567000,1.343284,0.155737,0.409348
11229,93.575000,1.344033,0.155749,0.407713
11230,93.583000,1.344914,0.155846,0.405969
11231,93.592000,1.346167,0.155895,0.404076
11232,93.600000,1.347621,0.155921,0.402366
11233,93.608000,1.349293,0.155874,0.400650
11234,93.617000,1.351086,0.155877,0.399358
11235,93.625000,1.352793,0.155875,0.398407
11236,93.633000,1.354351,0.155934,0.397812
11237,93.642000,1.355939,0.155848,0.397440
11238,93.650000,1.357062,0.155820,0.397036
11239,93.658000,1.357801,0.155843,0.396525
11240,93.667000,1.358436,0.155870,0.395909
11241,93.675000,1.358748,0.155869,0.394992
11242,93.683000,1.359073,0.155840,0.393719
11243,93.692000,1.359496,0.155778,0.392165
11244,93.700000,1.360155,0.155849,0.390523
11245,93.708000,1.361073,0.155857,0.388703
11246,93.717000,1.362170,0.155887,0.386856
11247,93.725000,1.363624,0.155911,0.385082
11248,93.733000,1.365378,0.155896,0.383545
11249,93.742000,1.367034,0.155989,0.382167
11250,93.750000,1.368849,0.155971,0.381167
11251,93.758000,1.370479,0.155976,0.380404
11252,93.767000,1.371815,0.155924,0.379958
11253,93.775000,1.372909,0.155821,0.379590
11254,93.783000,1.373643,0.155770,0.379134
11255,93.792000,1.374233,0.155746,0.378537
11256,93.800000,1.374565,0.155766,0.377587
11257,93.808000,1.374893,0.155867,0.376407
11258,93.817000,1.375359,0.155884,0.374943
11259,93.825000,1.376003,0.155847,0.373352
11260,93.833000,1.376950,0.155871,0.371526
11261,93.842000,1.378093,0.156038,0.369675
11262,93.850000,1.379462,0.156036,0.367959
11263,93.858000,1.381068,0.155923,0.366386
11264,93.867000,1.382856,0.155903,0.365051
11265,93.875000,1.384461,0.155989,0.364108
11266,93.883000,1.386194,0.155951,0.363410
11267,93.892000,1.387488,0.155947,0.362950
11268,93.900000,1.388716,0.155956,0.362673
11269,93.908000,1.389415,0.155895,0.362252
11270,93.917000,1.389999,0.155872,0.361622
11271,93.925000,1.390410,0.155811,0.360583
11272,93.933000,1.390684,0.155815,0.359332
11273,93.942000,1.391062,0.155802,0.357883
11274,93.950000,1.391638,0.155801,0.356219
11275,93.958000,1.392515,0.155868,0.354509
11276,93.967000,1.393623,0.155933,0.352661
11277,93.975000,1.395162,0.155858,0.350916
11278,93.983000,1.396735,0.155967,0.349238
11279,93.992000,1.398504,0.155927,0.347919
11280,94.000000,1.400189,0.155954,0.346843
11281,94.008000,1.401888,0.155936,0.345987
11282,94.017000,1.403298,0.155845,0.345330
11283,94.025000,1.404354,0.155757,0.344819
11284,94.033000,1.405099,0.155685,0.344366
11285,94.042000,1.405611,0.155639,0.343703
11286,94.050000,1.405912,0.155565,0.342674
11287,94.058000,1.406170,0.155611,0.341300
11288,94.067000,1.406562,0.155667,0.339968
11289,94.075000,1.407228,0.155664,0.338336
11290,94.083000,1.408056,0.155705,0.336623
11291,94.092000,1.409145,0.155767,0.334730
11292,94.100000,1.410583,0.155783,0.332965
11293,94.108000,1.412162,0.155784,0.331330
11294,94.117000,1.413898,0.155710,0.329968
11295,94.125000,1.415606,0.155760,0.328902
11296,94.133000,1.417143,0.155795,0.328291
11297,94.142000,1.418638,0.155720,0.327862
11298,94.150000,1.419677,0.155639,0.327484
11299,94.158000,1.420408,0.155647,0.326997
11300,94.167000,1.420911,0.155670,0.326427
11301,94.175000,1.421262,0.155659,0.325597
11302,94.183000,1.421575,0.155693,0.324340
11303,94.192000,1.421926,0.155615,0.322936
11304,94.200000,1.422452,0.155541,0.321314
11305,94.208000,1.423277,0.155653,0.319569
11306,94.217000,1.424348,0.155749,0.317842
11307,94.225000,1.425717,0.155742,0.316098
11308,94.233000,1.427434,0.155662,0.314418
11309,94.242000,1.429045,0.155760,0.312945
11310,94.250000,1.430735,0.155793,0.311910
11311,94.258000,1.432450,0.155724,0.311180
11312,94.267000,1.433824,0.155781,0.310626
11313,94.275000,1.434896,0.155696,0.310270
11314,94.283000,1.435687,0.155660,0.309816
11315,94.292000,1.436266,0.155668,0.309245
11316,94.300000,1.436592,0.155656,0.308445
11317,94.308000,1.436883,0.155668,0.307273
11318,94.317000,1.437221,0.155673,0.305844
11319,94.325000,1.437660,0.155744,0.304160
11320,94.333000,1.438445,0.155822,0.302438
11321,94.342000,1.439468,0.155856,0.300587
11322,94.350000,1.440849,0.155875,0.298883
11323,94.358000,1.442442,0.155943,0.297178
11324,94.367000,1.444114,0.155877,0.295800
11325,94.375000,1.445893,0.155904,0.294682
11326,94.383000,1.447559,0.155972,0.293845
11327,94.392000,1.449109,0.155897,0.293390
11328,94.400000,1.450262,0.155866,0.293127
11329,94.408000,1.450976,0.155851,0.292743
11330,94.417000,1.451562,0.155830,0.292180
11331,94.425000,1.452006,0.155742,0.291280
11332,94.433000,1.452310,0.155727,0.290028
11333,94.442000,1.452667,0.155756,0.288624
11334,94.450000,1.453226,0.155812,0.286972
11335,94.458000,1.454075,0.155714,0.285227
11336,94.467000,1.455172,0.155838,0.283219
11337,94.475000,1.456569,0.155840,0.281492
11338,94.483000,1.458247,0.155843,0.279846
11339,94.492000,1.460049,0.155897,0.278393
11340,94.500000,1.461815,0.155835,0.277282
11341,94.508000,1.463477,0.155777,0.276463
11342,94.517000,1.464955,0.155724,0.275835
11343,94.525000,1.466235,0.155702,0.275407
11344,94.533000,1.467079,0.155638,0.274987
11345,94.542000,1.467724,0.155704,0.274435
11346,94.550000,1.468147,0.155681,0.273620
11347,94.558000,1.468414,0.155728,0.272378
11348,94.567000,1.468815,0.155671,0.270959
11349,94.575000,1.469425,0.155676,0.269290
11350,94.583000,1.470232,0.155744,0.267635
11351,94.592000,1.471262,0.155791,0.265700
11352,94.600000,1.472515,0.155781,0.263933
11353,94.608000,1.474273,0.155753,0.262262
11354,94.617000,1.475857,0.155751,0.260914
11355,94.625000,1.477696,0.155753,0.259773
11356,94.633000,1.479516,0.155743,0.258938
11357,94.642000,1.481131,0.155672,0.258413
11358,94.650000,1.482389,0.155604,0.257912
11359,94.658000,1.483220,0.155607,0.257506
11360,94.667000,1.484020,0.155585,0.257000
11361,94.675000,1.484396,0.155558,0.256270
11362,94.683000,1.484643,0.155611,0.255083
11363,94.692000,1.485036,0.155582,0.253686
11364,94.700000,1.485515,0.155587,0.252030
11365,94.708000,1.486307,0.155539,0.250178
11366,94.717000,1.487387,0.155639,0.248335
11367,94.725000,1.488784,0.155680,0.246509
11368,94.733000,1.490372,0.155641,0.244836
11369,94.742000,1.492104,0.155562,0.243351
11370,94.750000,1.493859,0.155560,0.242140
11371,94.758000,1.495553,0.155428,0.241293
11372,94.767000,1.497073,0.155385,0.240713
11373,94.775000,1.498328,0.155282,0.240223
11374,94.783000,1.499210,0.155253,0.239822
11375,94.792000,1.499856,0.155303,0.239309
11376,94.800000,1.500327,0.155258,0.238603
11377,94.808000,1.500707,0.155205,0.237532
11378,94.817000,1.501083,0.155174,0.236244
11379,94.825000,1.501579,0.155161,0.234622
11380,94.833000,1.502488,0.155100,0.232709
11381,94.842000,1.503629,0.155070,0.230870
11382,94.850000,1.505016,0.155013,0.229040
11383,94.858000,1.506794,0.155017,0.227238
11384,94.867000,1.508510,0.154974,0.225755
11385,94.875000,1.510334,0.154996,0.224629
11386,94.883000,1.512177,0.155010,0.223681
11387,94.892000,1.513884,0.154981,0.223149
11388,94.900000,1.515066,0.154914,0.222659
11389,94.908000,1.515975,0.154920,0.222248
11390,94.917000,1.516498,0.154987,0.221713
11391,94.925000,1.516988,0.154968,0.220929
11392,94.933000,1.517468,0.154957,0.219742
11393,94.942000,1.517936,0.154983,0.218269
11394,94.950000,1.518460,0.155009,0.216619
11395,94.958000,1.519302,0.154948,0.214974
11396,94.967000,1.520282,0.155062,0.213209
11397,94.975000,1.521591,0.155094,0.211376
11398,94.983000,1.523139,0.155057,0.209712
11399,94.992000,1.524812,0.155088,0.208235
11400,95.000000,1.526557,0.155110,0.207162
11401,95.008000,1.528343,0.155030,0.206342
11402,95.017000,1.529856,0.155026,0.205771
11403,95.025000,1.531229,0.154979,0.205447
11404,95.033000,1.532166,0.154953,0.205015
11405,95.042000,1.532833,0.155018,0.204511
11406,95.050000,1.533294,0.155019,0.203823
11407,95.058000,1.533511,0.155003,0.202699
11408,95.067000,1.533797,0.155001,0.201284
11409,95.075000,1.534403,0.155057,0.199643
11410,95.083000,1.535202,0.155048,0.197932
11411,95.092000,1.536267,0.155035,0.196140
11412,95.100000,1.537488,0.155092,0.194369
11413,95.108000,1.539043,0.155137,0.192680
11414,95.117000,1.540869,0.155157,0.191345
11415,95.125000,1.542614,0.155249,0.190154
11416,95.133000,1.544468,0.155280,0.189291
11417,95.142000,1.546104,0.155225,0.188614
11418,95.150000,1.547418,0.155117,0.188189
11419,95.158000,1.548308,0.155021,0.187794
11420,95.167000,1.548972,0.154979,0.187288
11421,95.175000,1.549460,0.154922,0.186573
11422,95.183000,1.549835,0.154988,0.185482
11423,95.192000,1.550203,0.155076,0.184216
11424,95.200000,1.550779,0.155024,0.182601
11425,95.208000,1.551573,0.154955,0.180941
11426,95.217000,1.552696,0.155075,0.179136
11427,95.225000,1.554086,0.155115,0.177350
11428,95.233000,1.555652,0.155129,0.175619
11429,95.242000,1.557361,0.155034,0.174230
11430,95.250000,1.559193,0.155070,0.173019
11431,95.258000,1.560982,0.155028,0.172279
11432,95.267000,1.562578,0.155005,0.171712
11433,95.275000,1.563922,0.154928,0.171301
11434,95.283000,1.564908,0.154925,0.171033
11435,95.292000,1.565635,0.154945,0.170534
11436,95.300000,1.566227,0.154904,0.169848
11437,95.308000,1.566571,0.154908,0.168669
11438,95.317000,1.566901,0.154903,0.167282
11439,95.325000,1.567466,0.154904,0.165683
11440,95.333000,1.568339,0.154870,0.164053
11441,95.342000,1.569353,0.154926,0.162288
11442,95.350000,1.570662,0.154937,0.160517
11443,95.358000,1.572219,0.154938,0.158856
11444,95.367000,1.574065,0.154957,0.157451
11445,95.375000,1.575884,0.154951,0.156367
11446,95.383000,1.577766,0.154915,0.155518
11447,95.392000,1.579265,0.154899,0.154945
11448,95.400000,1.580633,0.154807,0.154505
11449,95.408000,1.581568,0.154774,0.154170
11450,95.417000,1.582228,0.154744,0.153601
11451,95.425000,1.582718,0.154673,0.152844
11452,95.433000,1.583085,0.154684,0.151739
11453,95.442000,1.583503,0.154708,0.150317
11454,95.450000,1.584019,0.154699,0.148792
11455,95.458000,1.584877,0.154666,0.147114
11456,95.467000,1.585942,0.154767,0.145496
11457,95.475000,1.587313,0.154831,0.143787
11458,95.483000,1.588956,0.154854,0.142061
11459,95.492000,1.590700,0.154760,0.140648
11460,95.500000,1.592480,0.154803,0.139592
11461,95.508000,1.594164,0.154790,0.138770
11462,95.517000,1.595766,0.154749,0.138180
11463,95.525000,1.597176,0.154714,0.137752
11464,95.533000,1.598197,0.154726,0.137348
11465,95.542000,1.598966,0.154667,0.136688
11466,95.550000,1.599417,0.154627,0.135985
11467,95.558000,1.599689,0.154631,0.134882
11468,95.567000,1.599942,0.154704,0.133621
11469,95.575000,1.600424,0.154729,0.132100
11470,95.583000,1.601279,0.154678,0.130618
11471,95.592000,1.602346,0.154703,0.128845
11472,95.600000,1.603683,0.154750,0.127131
11473,95.608000,1.605255,0.154682,0.125519
11474,95.617000,1.607034,0.154724,0.124166
11475,95.625000,1.608850,0.154753,0.122983
11476,95.633000,1.610629,0.154744,0.122288
11477,95.642000,1.612189,0.154648,0.121729
11478,95.650000,1.613559,0.154565,0.121297
11479,95.658000,1.614549,0.154490,0.120999
11480,95.667000,1.615294,0.154440,0.120551
11481,95.675000,1.615888,0.154428,0.119922
11482,95.683000,1.616352,0.154404,0.118937
11483,95.692000,1.616745,0.154477,0.117772
11484,95.700000,1.617247,0.154469,0.116400
11485,95.708000,1.618088,0.154314,0.114748
11486,95.717000,1.619123,0.154400,0.113029
11487,95.725000,1.620419,0.154476,0.111309
11488,95.733000,1.622036,0.154552,0.109532
11489,95.742000,1.623681,0.154518,0.107987
11490,95.750000,1.625473,0.154451,0.106909
11491,95.758000,1.627198,0.154469,0.106057
11492,95.767000,1.628849,0.154477,0.105492
11493,95.775000,1.630252,0.154418,0.105059
11494,95.783000,1.631277,0.154477,0.104762
11495,95.792000,1.632018,0.154485,0.104277
11496,95.800000,1.632583,0.154463,0.103762
11497,95.808000,1.632924,0.154485,0.102828
11498,95.817000,1.633261,0.154469,0.101567
11499,95.825000,1.633710,0.154461,0.099913
11500,95.833000,1.634449,0.154453,0.098250
11501,95.842000,1.635490,0.154439,0.096521
11502,95.850000,1.636825,0.154563,0.094729
11503,95.858000,1.638389,0.154507,0.092999
11504,95.867000,1.640126,0.154539,0.091655
11505,95.875000,1.641998,0.154567,0.090480
11506,95.883000,1.643709,0.154577,0.089679
11507,95.892000,1.645303,0.154509,0.089075
11508,95.900000,1.646724,0.154491,0.088686
11509,95.908000,1.647786,0.154414,0.088392
11510,95.917000,1.648539,0.154435,0.087930
11511,95.925000,1.649173,0.154391,0.087256
11512,95.933000,1.649591,0.154326,0.086181
11513,95.942000,1.649938,0.154380,0.085003
11514,95.950000,1.650450,0.154383,0.083475
11515,95.958000,1.651170,0.154380,0.081812
11516,95.967000,1.652138,0.154515,0.080029
11517,95.975000,1.653404,0.154530,0.078210
11518,95.983000,1.655014,0.154497,0.076414
11519,95.992000,1.656636,0.154521,0.074857
11520,96.000000,1.658406,0.154493,0.073663
11521,96.008000,1.660177,0.154477,0.072841
11522,96.017000,1.661906,0.154541,0.072239
11523,96.025000,1.663331,0.154512,0.071765
11524,96.033000,1.664378,0.154452,0.071446
11525,96.042000,1.665045,0.154436,0.071038
11526,96.050000,1.665636,0.154461,0.070524
11527,96.058000,1.665994,0.154460,0.069589
11528,96.067000,1.666328,0.154477,0.068366
11529,96.075000,1.666781,0.154447,0.066779
11530,96.083000,1.667351,0.154506,0.065038
11531,96.092000,1.668268,0.154556,0.063330
11532,96.100000,1.669504,0.154597,0.061532
11533,96.108000,1.671089,0.154671,0.059744
11534,96.117000,1.672782,0.154653,0.058278
11535,96.125000,1.674546,0.154729,0.057154
11536,96.133000,1.676494,0.154762,0.056216
11537,96.142000,1.678174,0.154677,0.055620
11538,96.150000,1.679726,0.154487,0.055291
11539,96.158000,1.680729,0.154413,0.054928
11540,96.167000,1.681495,0.154408,0.054436
11541,96.175000,1.682221,0.154299,0.053830
11542,96.183000,1.682480,0.154308,0.052833
11543,96.192000,1.682817,0.154375,0.051743
11544,96.200000,1.683298,0.154529,0.050278
11545,96.208000,1.684024,0.154415,0.048666
11546,96.217000,1.685087,0.154472,0.046735
11547,96.225000,1.686289,0.154571,0.045022
11548,96.233000,1.687902,0.154542,0.043305
11549,96.242000,1.689568,0.154533,0.041689
11550,96.250000,1.691127,0.154662,0.040270
11551,96.258000,1.692912,0.154536,0.039488
11552,96.267000,1.694607,0.154392,0.038877
11553,96.275000,1.695995,0.154419,0.038418
11554,96.283000,1.697076,0.154374,0.038058
11555,96.292000,1.697854,0.154354,0.037551
11556,96.300000,1.698332,0.154338,0.037063
11557,96.308000,1.698601,0.154410,0.036087
11558,96.317000,1.698898,0.154438,0.035095
11559,96.325000,1.699415,0.154365,0.033692
11560,96.333000,1.700072,0.154339,0.032174
11561,96.342000,1.701064,0.154502,0.030396
11562,96.350000,1.702280,0.154451,0.028777
11563,96.358000,1.703896,0.154314,0.027162
11564,96.367000,1.705569,0.154414,0.025569
11565,96.375000,1.707245,0.154497,0.024280
11566,96.383000,1.708924,0.154451,0.023333
11567,96.392000,1.710756,0.154452,0.022739
11568,96.400000,1.712165,0.154401,0.022356
11569,96.408000,1.713348,0.154451,0.022089
11570,96.417000,1.714278,0.154376,0.021593
11571,96.425000,1.714821,0.154315,0.021144
11572,96.433000,1.715112,0.154382,0.020220
11573,96.442000,1.715555,0.154373,0.019078
11574,96.450000,1.716082,0.154448,0.017482
11575,96.458000,1.716848,0.154417,0.015806
11576,96.467000,1.717829,0.154512,0.014099
11577,96.475000,1.719029,0.154597,0.012392
11578,96.483000,1.720699,0.154680,0.010501
11579,96.492000,1.722206,0.154649,0.009177
11580,96.500000,1.723953,0.154601,0.007853
11581,96.508000,1.725768,0.154652,0.006822
11582,96.517000,1.727452,0.154591,0.006255
11583,96.525000,1.728832,0.154587,0.005943
11584,96.533000,1.729905,0.154550,0.005586
11585,96.542000,1.730662,0.154519,0.005071
11586,96.550000,1.731267,0.154508,0.004571
11587,96.558000,1.731711,0.154499,0.003608
11588,96.567000,1.732055,0.154634,0.002447
11589,96.575000,1.732564,0.154662,0.001097
11590,96.583000,1.733202,0.154595,-0.000466
11591,96.592000,1.734170,0.154704,-0.002179
11592,96.600000,1.735428,0.154815,-0.004070
11593,96.608000,1.736781,0.154742,-0.005616
11594,96.617000,1.738412,0.154702,-0.007052
11595,96.625000,1.740129,0.154816,-0.008373
11596,96.633000,1.741998,0.154780,-0.009313
11597,96.642000,1.743850,0.154810,-0.009837
11598,96.650000,1.745216,0.154690,-0.010296
11599,96.658000,1.746284,0.154668,-0.010696
11600,96.667000,1.747258,0.154577,-0.011217
11601,96.675000,1.747972,0.154485,-0.011749
11602,96.683000,1.748310,0.154472,-0.012628
11603,96.692000,1.748610,0.154579,-0.013724
11604,96.700000,1.749185,0.154603,-0.015210
11605,96.708000,1.749915,0.154681,-0.016811
11606,96.717000,1.750953,0.154712,-0.018618
11607,96.725000,1.752125,0.154675,-0.020300
11608,96.733000,1.753804,0.154703,-0.022144
11609,96.742000,1.755316,0.154802,-0.023698
11610,96.750000,1.757062,0.154663,-0.024894
11611,96.758000,1.758965,0.154592,-0.025836
11612,96.767000,1.760908,0.154537,-0.026705
11613,96.775000,1.762329,0.154511,-0.027102
11614,96.783000,1.763524,0.154463,-0.027351
11615,96.792000,1.764398,0.154397,-0.027787
11616,96.800000,1.765153,0.154335,-0.028327
11617,96.808000,1.765635,0.154271,-0.029123
11618,96.817000,1.765962,0.154435,-0.030326
11619,96.825000,1.766404,0.154458,-0.031879
11620,96.833000,1.767126,0.154420,-0.033485
11621,96.842000,1.768126,0.154411,-0.035129
11622,96.850000,1.769370,0.154545,-0.036938
11623,96.858000,1.770914,0.154507,-0.038735
11624,96.867000,1.772514,0.154446,-0.040230
11625,96.875000,1.774243,0.154535,-0.041680
11626,96.883000,1.776086,0.154608,-0.042702
11627,96.892000,1.777954,0.154574,-0.043441
11628,96.900000,1.779423,0.154510,-0.043825
11629,96.908000,1.780539,0.154437,-0.044152
11630,96.917000,1.781450,0.154418,-0.044608
11631,96.925000,1.782184,0.154353,-0.045079
11632,96.933000,1.782496,0.154292,-0.045884
11633,96.942000,1.782828,0.154422,-0.047034
11634,96.950000,1.783279,0.154551,-0.048572
11635,96.958000,1.783848,0.154627,-0.050239
11636,96.967000,1.784727,0.154723,-0.052079
11637,96.975000,1.785837,0.154746,-0.053741
11638,96.983000,1.787300,0.154722,-0.055239
11639,96.992000,1.788925,0.154706,-0.056869
11640,97.000000,1.790682,0.154646,-0.058111
11641,97.008000,1.792417,0.154593,-0.059104
11642,97.017000,1.794204,0.154531,-0.059763
11643,97.025000,1.795612,0.154574,-0.060274
11644,97.033000,1.796712,0.154535,-0.060648
11645,97.042000,1.797662,0.154445,-0.061282
11646,97.050000,1.798397,0.154482,-0.061988
11647,97.058000,1.799145,0.154420,-0.063065
11648,97.067000,1.799821,0.154467,-0.064381
11649,97.075000,1.800562,0.154576,-0.065915
11650,97.083000,1.801385,0.154550,-0.067619
11651,97.092000,1.802385,0.154559,-0.069442
11652,97.100000,1.803554,0.154640,-0.071567
11653,97.108000,1.805080,0.154623,-0.073641
11654,97.117000,1.806807,0.154667,-0.075495
11655,97.125000,1.808650,0.154774,-0.077190
11656,97.133000,1.810706,0.154689,-0.078449
11657,97.142000,1.812478,0.154693,-0.079269
11658,97.150000,1.814139,0.154600,-0.079850
11659,97.158000,1.815366,0.154557,-0.080394
11660,97.167000,1.816077,0.154521,-0.080882
11661,97.175000,1.816648,0.154570,-0.081509
11662,97.183000,1.816914,0.154626,-0.082502
11663,97.192000,1.817065,0.154619,-0.083793
11664,97.200000,1.817260,0.154703,-0.085446
11665,97.208000,1.817763,0.154692,-0.087438
11666,97.217000,1.818793,0.154699,-0.089606
11667,97.225000,1.819765,0.154854,-0.091630
11668,97.233000,1.821188,0.154857,-0.093837
11669,97.242000,1.822638,0.154967,-0.095605
11670,97.250000,1.823916,0.154929,-0.097195
11671,97.258000,1.825511,0.155035,-0.098641
11672,97.267000,1.827064,0.155012,-0.099625
11673,97.275000,1.828187,0.154938,-0.100427
11674,97.283000,1.829087,0.154928,-0.100948
11675,97.292000,1.829600,0.154857,-0.101574
11676,97.300000,1.829983,0.154868,-0.102310
11677,97.308000,1.830083,0.154762,-0.103315
11678,97.317000,1.830086,0.154814,-0.104772
11679,97.325000,1.830046,0.154934,-0.106251
11680,97.333000,1.830318,0.155038,-0.108096
11681,97.342000,1.830712,0.154931,-0.110035
11682,97.350000,1.831544,0.155089,-0.112201
11683,97.358000,1.832552,0.155107,-0.114039
11684,97.367000,1.833817,0.155067,-0.115793
11685,97.375000,1.835127,0.155099,-0.117418
11686,97.383000,1.836559,0.155219,-0.118844
11687,97.392000,1.837995,0.155124,-0.119867
11688,97.400000,1.839114,0.154981,-0.120487
11689,97.408000,1.839885,0.154931,-0.121086
11690,97.417000,1.840270,0.154928,-0.121761
11691,97.425000,1.840581,0.154993,-0.122679
11692,97.433000,1.840684,0.154997,-0.123694
11693,97.442000,1.840625,0.154966,-0.125179
11694,97.450000,1.840512,0.154940,-0.126672
11695,97.458000,1.840565,0.154914,-0.128501
11696,97.467000,1.840910,0.154930,-0.130375
11697,97.475000,1.841561,0.155187,-0.132413
11698,97.483000,1.842569,0.155054,-0.134351
11699,97.492000,1.843567,0.155063,-0.136196
11700,97.500000,1.844695,0.155112,-0.137996
11701,97.508000,1.845990,0.155207,-0.139504
11702,97.517000,1.847434,0.155129,-0.140684
11703,97.525000,1.848592,0.155009,-0.141450
11704,97.533000,1.849288,0.155013,-0.142054
11705,97.542000,1.849773,0.154960,-0.142599
11706,97.550000,1.850132,0.154962,-0.143476
11707,97.558000,1.850155,0.154892,-0.144384
11708,97.567000,1.849987,0.154936,-0.145767
11709,97.575000,1.849869,0.155007,-0.147260
11710,97.583000,1.849814,0.154832,-0.149324
11711,97.592000,1.850031,0.154889,-0.151326
11712,97.600000,1.850617,0.155152,-0.153508
11713,97.608000,1.851462,0.155060,-0.155573
11714,97.617000,1.852425,0.155026,-0.157483
11715,97.625000,1.853545,0.155163,-0.159587
11716,97.633000,1.854597,0.155146,-0.161128
11717,97.642000,1.855866,0.155122,-0.162497
11718,97.650000,1.857050,0.155054,-0.163371
11719,97.658000,1.857942,0.155071,-0.164076
11720,97.667000,1.858427,0.155064,-0.164663
11721,97.675000,1.858794,0.155008,-0.165443
11722,97.683000,1.858909,0.154973,-0.166199
11723,97.692000,1.858674,0.155020,-0.167310
11724,97.700000,1.858358,0.155012,-0.168599
11725,97.708000,1.858235,0.154997,-0.170426
11726,97.717000,1.858307,0.154997,-0.172247
11727,97.725000,1.858779,0.155073,-0.174632
11728,97.733000,1.859487,0.155138,-0.176528
11729,97.742000,1.860507,0.155147,-0.178377
11730,97.750000,1.861779,0.155116,-0.180241
11731,97.758000,1.862906,0.155267,-0.181776
11732,97.767000,1.864190,0.155138,-0.182785
11733,97.775000,1.865497,0.154966,-0.183670
11734,97.783000,1.866306,0.154917,-0.184239
11735,97.792000,1.866841,0.154893,-0.184754
11736,97.800000,1.867110,0.154892,-0.185397
11737,97.808000,1.867267,0.154814,-0.186030
11738,97.817000,1.867287,0.154746,-0.187203
11739,97.825000,1.867200,0.154730,-0.188571
11740,97.833000,1.867215,0.154767,-0.190217
11741,97.842000,1.867536,0.154832,-0.191990
11742,97.850000,1.868150,0.154937,-0.194202
11743,97.858000,1.868903,0.154973,-0.196156
11744,97.867000,1.869984,0.154846,-0.198003
11745,97.875000,1.871103,0.154964,-0.199861
11746,97.883000,1.872302,0.155050,-0.201344
11747,97.892000,1.873778,0.154876,-0.202608
11748,97.900000,1.875225,0.154799,-0.203491
11749,97.908000,1.876277,0.154837,-0.204276
11750,97.917000,1.876972,0.154801,-0.204840
11751,97.925000,1.877551,0.154787,-0.205615
11752,97.933000,1.877884,0.154770,-0.206338
11753,97.942000,1.877964,0.154719,-0.207569
11754,97.950000,1.877880,0.154678,-0.209040
11755,97.958000,1.877965,0.154747,-0.210800
11756,97.967000,1.878417,0.154765,-0.212822
11757,97.975000,1.879060,0.154792,-0.214849
11758,97.983000,1.879770,0.154912,-0.216689
11759,97.992000,1.881157,0.154757,-0.218884
11760,98.000000,1.882533,0.154832,-0.220627
11761,98.008000,1.883748,0.154878,-0.222207
11762,98.017000,1.885420,0.154808,-0.223542
11763,98.025000,1.887037,0.154881,-0.224486
11764,98.033000,1.888167,0.154795,-0.225268
11765,98.042000,1.888898,0.154723,-0.225816
11766,98.050000,1.889383,0.154666,-0.226589
11767,98.058000,1.889866,0.154611,-0.227427
11768,98.067000,1.889996,0.154571,-0.228708
11769,98.075000,1.889997,0.154746,-0.230104
11770,98.083000,1.890057,0.154812,-0.231763
11771,98.092000,1.890599,0.154754,-0.233791
11772,98.100000,1.891071,0.154837,-0.235808
11773,98.108000,1.892108,0.154949,-0.237979
11774,98.117000,1.893362,0.155013,-0.239960
11775,98.125000,1.894672,0.154881,-0.241793
11776,98.133000,1.895962,0.154918,-0.243506
11777,98.142000,1.897545,0.154993,-0.244802
11778,98.150000,1.899124,0.154957,-0.245663
11779,98.158000,1.900169,0.154988,-0.246309
11780,98.167000,1.900904,0.154967,-0.246884
11781,98.175000,1.901498,0.154899,-0.247562
11782,98.183000,1.901984,0.154912,-0.248340
11783,98.192000,1.902093,0.154895,-0.249506
11784,98.200000,1.902017,0.154976,-0.250910
11785,98.208000,1.902190,0.154943,-0.252581
11786,98.217000,1.902523,0.155016,-0.254422
11787,98.225000,1.903169,0.155034,-0.256567
11788,98.233000,1.904058,0.155122,-0.258660
11789,98.242000,1.905177,0.155102,-0.260479
11790,98.250000,1.906499,0.155063,-0.262234
11791,98.258000,1.907775,0.155173,-0.263877
11792,98.267000,1.909312,0.155067,-0.265205
11793,98.275000,1.910977,0.154976,-0.266062
11794,98.283000,1.912046,0.154988,-0.266837
11795,98.292000,1.912838,0.155000,-0.267577
11796,98.300000,1.913320,0.154969,-0.268261
11797,98.308000,1.913623,0.154988,-0.268991
11798,98.317000,1.913663,0.154930,-0.270085
11799,98.325000,1.913662,0.154961,-0.271450
11800,98.333000,1.913736,0.154947,-0.273081
11801,98.342000,1.914180,0.154962,-0.275016
11802,98.350000,1.914740,0.155005,-0.277007
11803,98.358000,1.915437,0.155127,-0.278957
11804,98.367000,1.916689,0.155005,-0.281024
11805,98.375000,1.918048,0.155103,-0.282909
11806,98.383000,1.919225,0.155016,-0.284449
11807,98.392000,1.920634,0.154990,-0.285757
11808,98.400000,1.922084,0.155020,-0.286801
11809,98.408000,1.923251,0.154842,-0.287652
11810,98.417000,1.923822,0.154773,-0.288337
11811,98.425000,1.924282,0.154729,-0.288999
11812,98.433000,1.924673,0.154681,-0.289678
11813,98.442000,1.924750,0.154597,-0.290559
11814,98.450000,1.924786,0.154716,-0.291783
11815,98.458000,1.924902,0.154850,-0.293403
11816,98.467000,1.925439,0.154949,-0.295197
11817,98.475000,1.925926,0.154861,-0.297088
11818,98.483000,1.926724,0.154889,-0.299039
11819,98.492000,1.927863,0.155093,-0.300956
11820,98.500000,1.929200,0.154892,-0.302831
11821,98.508000,1.930384,0.154883,-0.304510
11822,98.517000,1.931866,0.154956,-0.305923
11823,98.525000,1.933491,0.154797,-0.306904
11824,98.533000,1.934574,0.154680,-0.307496
11825,98.542000,1.935364,0.154640,-0.307976
11826,98.550000,1.935935,0.154576,-0.308630
11827,98.558000,1.936374,0.154604,-0.309384
11828,98.567000,1.936437,0.154562,-0.310425
11829,98.575000,1.936574,0.154638,-0.311952
11830,98.583000,1.936724,0.154665,-0.313666
11831,98.592000,1.937043,0.154679,-0.315427
11832,98.600000,1.937456,0.154717,-0.317389
11833,98.608000,1.938435,0.154799,-0.319623
11834,98.617000,1.939548,0.154765,-0.321651
11835,98.625000,1.940866,0.154775,-0.323416
11836,98.633000,1.942256,0.154839,-0.325163
11837,98.642000,1.943767,0.154768,-0.326568
11838,98.650000,1.945271,0.154656,-0.327463
11839,98.658000,1.946448,0.154610,-0.328056
11840,98.667000,1.947299,0.154599,-0.328639
11841,98.675000,1.947822,0.154633,-0.329387
11842,98.683000,1.948350,0.154624,-0.330266
11843,98.692000,1.948402,0.154545,-0.331287
11844,98.700000,1.948475,0.154654,-0.332550
11845,98.708000,1.948441,0.154713,-0.334063
11846,98.717000,1.948776,0.154703,-0.335936
11847,98.725000,1.949444,0.154784,-0.337959
11848,98.733000,1.950167,0.154882,-0.339958
11849,98.742000,1.951252,0.154897,-0.341858
11850,98.750000,1.952831,0.154780,-0.343834
11851,98.758000,1.954092,0.154923,-0.345486
11852,98.767000,1.955486,0.154985,-0.346772
11853,98.775000,1.957149,0.154847,-0.347655
11854,98.783000,1.958342,0.154863,-0.348497
11855,98.792000,1.959212,0.154803,-0.349148
11856,98.800000,1.959824,0.154642,-0.349818
11857,98.808000,1.960291,0.154594,-0.350570
11858,98.817000,1.960429,0.154526,-0.351569
11859,98.825000,1.960465,0.154560,-0.352966
11860,98.833000,1.960582,0.154653,-0.354551
11861,98.842000,1.960994,0.154776,-0.356458
11862,98.850000,1.961648,0.154670,-0.358530
11863,98.858000,1.962395,0.154778,-0.360550
11864,98.867000,1.963692,0.154704,-0.362561
11865,98.875000,1.965099,0.154639,-0.364562
11866,98.883000,1.966390,0.154588,-0.366224
11867,98.892000,1.968108,0.154561,-0.367622
11868,98.900000,1.969721,0.154520,-0.368689
11869,98.908000,1.970961,0.154476,-0.369238
11870,98.917000,1.971981,0.154402,-0.369805
11871,98.925000,1.972590,0.154317,-0.370363
11872,98.933000,1.972978,0.154424,-0.371025
11873,98.942000,1.973170,0.154391,-0.371987
11874,98.950000,1.973309,0.154456,-0.373378
11875,98.958000,1.973461,0.154348,-0.375028
11876,98.967000,1.973619,0.154460,-0.376754
11877,98.975000,1.974184,0.154518,-0.378600
11878,98.983000,1.974975,0.154640,-0.380767
11879,98.992000,1.976062,0.154683,-0.382675
11880,99.000000,1.977215,0.154643,-0.384462
11881,99.008000,1.978531,0.154715,-0.386073
11882,99.017000,1.980248,0.154749,-0.387619
11883,99.025000,1.981721,0.154658,-0.388739
11884,99.033000,1.983090,0.154502,-0.389362
11885,99.042000,1.983979,0.154513,-0.389860
11886,99.050000,1.984605,0.154423,-0.390515
11887,99.058000,1.985043,0.154479,-0.391224
11888,99.067000,1.985171,0.154399,-0.392229
11889,99.075000,1.985187,0.154469,-0.393661
11890,99.083000,1.985354,0.154459,-0.395164
11891,99.092000,1.985700,0.154423,-0.397092
11892,99.100000,1.986126,0.154497,-0.399081
11893,99.108000,1.986963,0.154649,-0.400993
11894,99.117000,1.988033,0.154586,-0.402905
11895,99.125000,1.989228,0.154604,-0.404847
11896,99.133000,1.990691,0.154522,-0.406574
11897,99.142000,1.992004,0.154592,-0.407870
11898,99.150000,1.993403,0.154589,-0.408834
11899,99.158000,1.994821,0.154538,-0.409579
11900,99.167000,1.995655,0.154573,-0.410225
11901,99.175000,1.996165,0.154509,-0.410861
11902,99.183000,1.996560,0.154446,-0.411701
11903,99.192000,1.996595,0.154392,-0.412554
11904,99.200000,1.996394,0.154471,-0.413842
11905,99.208000,1.996421,0.154520,-0.415365
11906,99.217000,1.996768,0.154655,-0.417147
11907,99.225000,1.997714,0.154578,-0.419342
11908,99.233000,1.998671,0.154600,-0.421392
11909,99.242000,1.999934,0.154577,-0.423345
11910,99.250000,2.001548,0.154653,-0.425314
11911,99.258000,2.002858,0.154612,-0.426934
11912,99.267000,2.004283,0.154587,-0.428309
11913,99.275000,2.006030,0.154566,-0.429423
11914,99.283000,2.007297,0.154519,-0.430120
11915,99.292000,2.008267,0.154519,-0.430631
11916,99.300000,2.009004,0.154434,-0.431285
11917,99.308000,2.009508,0.154428,-0.432000
11918,99.317000,2.009692,0.154379,-0.432901
11919,99.325000,2.009778,0.154432,-0.434302
11920,99.333000,2.010027,0.154443,-0.435864
11921,99.342000,2.010244,0.154529,-0.437598
11922,99.350000,2.010748,0.154590,-0.439501
11923,99.358000,2.011498,0.154610,-0.441528
11924,99.367000,2.012672,0.154699,-0.443504
11925,99.375000,2.013927,0.154628,-0.445418
11926,99.383000,2.015218,0.154682,-0.447044
11927,99.392000,2.016922,0.154667,-0.448648
11928,99.400000,2.018446,0.154552,-0.449773
11929,99.408000,2.019793,0.154465,-0.450466
11930,99.417000,2.020784,0.154457,-0.451026
11931,99.425000,2.021493,0.154362,-0.451586
11932,99.433000,2.021973,0.154415,-0.452366
11933,99.442000,2.022253,0.154351,-0.453133
11934,99.450000,2.022290,0.154451,-0.454349
11935,99.458000,2.022397,0.154486,-0.455797
11936,99.467000,2.022706,0.154472,-0.457668
11937,99.475000,2.023296,0.154466,-0.459495
11938,99.483000,2.024035,0.154645,-0.461538
11939,99.492000,2.025081,0.154695,-0.463434
11940,99.500000,2.026317,0.154596,-0.465270
11941,99.508000,2.027697,0.154640,-0.467050
11942,99.517000,2.029072,0.154682,-0.468417
11943,99.525000,2.030739,0.154593,-0.469522
11944,99.533000,2.031994,0.154549,-0.470134
11945,99.542000,2.032965,0.154583,-0.470651
11946,99.550000,2.033640,0.154490,-0.471193
11947,99.558000,2.034211,0.154500,-0.471939
11948,99.567000,2.034511,0.154377,-0.472746
11949,99.575000,2.034572,0.154412,-0.474116
11950,99.583000,2.034643,0.154452,-0.475556
11951,99.592000,2.034889,0.154574,-0.477234
11952,99.600000,2.035517,0.154584,-0.479253
11953,99.608000,2.036128,0.154683,-0.481208
11954,99.617000,2.037218,0.154653,-0.483109
11955,99.625000,2.038541,0.154739,-0.484919
11956,99.633000,2.039929,0.154729,-0.486646
11957,99.642000,2.041490,0.154576,-0.488078
11958,99.650000,2.043160,0.154511,-0.489309
11959,99.658000,2.044589,0.154461,-0.490081
11960,99.667000,2.045674,0.154365,-0.490569
11961,99.675000,2.046302,0.154342,-0.491024
11962,99.683000,2.046832,0.154325,-0.491779
11963,99.692000,2.047166,0.154258,-0.492525
11964,99.700000,2.047224,0.154333,-0.493721
11965,99.708000,2.047421,0.154239,-0.495236
11966,99.717000,2.047814,0.154217,-0.497105
11967,99.725000,2.048226,0.154197,-0.498849
11968,99.733000,2.048928,0.154325,-0.500825
11969,99.742000,2.050095,0.154323,-0.502962
11970,99.750000,2.051362,0.154306,-0.504880
11971,99.758000,2.052676,0.154314,-0.506572
11972,99.767000,2.054190,0.154355,-0.508145
11973,99.775000,2.055866,0.154295,-0.509240
11974,99.783000,2.057217,0.154153,-0.509970
11975,99.792000,2.058107,0.154128,-0.510469
11976,99.800000,2.058838,0.153996,-0.510954
11977,99.808000,2.059434,0.153987,-0.511801
11978,99.817000,2.059749,0.154028,-0.512609
11979,99.825000,2.059772,0.154117,-0.513925
11980,99.833000,2.059775,0.154179,-0.515317
11981,99.842000,2.060015,0.154239,-0.517118
11982,99.850000,2.060446,0.154222,-0.518964
11983,99.858000,2.061262,0.154356,-0.521083
11984,99.867000,2.062247,0.154423,-0.522858
11985,99.875000,2.063406,0.154407,-0.524720
11986,99.883000,2.064783,0.154380,-0.526527
11987,99.892000,2.066390,0.154372,-0.528129
11988,99.900000,2.067806,0.154360,-0.529190
11989,99.908000,2.069162,0.154275,-0.529916
11990,99.917000,2.070253,0.154219,-0.530441
11991,99.925000,2.070980,0.154192,-0.531054
11992,99.933000,2.071470,0.154192,-0.531826
11993,99.942000,2.071828,0.154084,-0.532697
11994,99.950000,2.071991,0.154083,-0.533972
11995,99.958000,2.072003,0.154085,-0.535338
11996,99.967000,2.072238,0.154163,-0.537182
11997,99.975000,2.072716,0.154285,-0.538915
11998,99.983000,2.073483,0.154316,-0.541018
11999,99.992000,2.074440,0.154356,-0.542930
12000,100.000000,2.075790,0.154343,-0.544887
12001,100.008000,2.077154,0.154392,-0.546587
12002,100.017000,2.078577,0.154361,-0.548176
12003,100.025000,2.080329,0.154226,-0.549277
12004,100.033000,2.081882,0.154237,-0.550106
12005,100.042000,2.082862,0.154235,-0.550610
12006,100.050000,2.083654,0.154145,-0.551033
12007,100.058000,2.084282,0.153984,-0.551791
12008,100.067000,2.084598,0.153974,-0.552602
12009,100.075000,2.084460,0.154140,-0.553783
12010,100.083000,2.084431,0.154167,-0.555092
12011,100.092000,2.084782,0.154223,-0.557013
12012,100.100000,2.085134,0.154277,-0.558853
12013,100.108000,2.085738,0.154381,-0.560985
12014,100.117000,2.086674,0.154459,-0.562897
12015,100.125000,2.088028,0.154463,-0.565021
12016,100.133000,2.089220,0.154392,-0.566599
12017,100.142000,2.090707,0.154416,-0.568160
12018,100.150000,2.092215,0.154499,-0.569347
12019,100.158000,2.093703,0.154379,-0.570132
12020,100.167000,2.094720,0.154340,-0.570630
12021,100.175000,2.095387,0.154227,-0.571160
12022,100.183000,2.095880,0.154129,-0.571920
12023,100.192000,2.096232,0.154078,-0.572763
12024,100.200000,2.096465,0.154131,-0.574026
12025,100.208000,2.096485,0.154260,-0.575390
12026,100.217000,2.096722,0.154311,-0.577128
12027,100.225000,2.097103,0.154312,-0.578886
12028,100.233000,2.097918,0.154358,-0.580998
12029,100.242000,2.098915,0.154506,-0.582916
12030,100.250000,2.100102,0.154473,-0.584796
12031,100.258000,2.101339,0.154420,-0.586455
12032,100.267000,2.102846,0.154487,-0.588141
12033,100.275000,2.104482,0.154392,-0.589250
12034,100.283000,2.105899,0.154296,-0.590113
12035,100.292000,2.106921,0.154256,-0.590839
12036,100.300000,2.107705,0.154215,-0.591487
12037,100.308000,2.108290,0.154257,-0.592379
12038,100.317000,2.108527,0.154205,-0.593221
12039,100.325000,2.108558,0.154161,-0.594535
12040,100.333000,2.108579,0.154128,-0.595886
12041,100.342000,2.108687,0.154168,-0.597608
12042,100.350000,2.109210,0.154219,-0.599374
12043,100.358000,2.109884,0.154351,-0.601561
12044,100.367000,2.110857,0.154386,-0.603365
12045,100.375000,2.112110,0.154377,-0.605191
12046,100.383000,2.113429,0.154495,-0.606771
12047,100.392000,2.114881,0.154471,-0.608216
12048,100.400000,2.116320,0.154423,-0.609245
12049,100.408000,2.117763,0.154366,-0.610069
12050,100.417000,2.118913,0.154335,-0.610717
12051,100.425000,2.119589,0.154267,-0.611315
12052,100.433000,2.120005,0.154248,-0.611995
12053,100.442000,2.120295,0.154203,-0.612694
12054,100.450000,2.120277,0.154262,-0.613863
12055,100.458000,2.120241,0.154260,-0.615144
12056,100.467000,2.120399,0.154245,-0.616739
12057,100.475000,2.120862,0.154282,-0.618690
12058,100.483000,2.121513,0.154391,-0.620679
12059,100.492000,2.122376,0.154477,-0.622478
12060,100.500000,2.123669,0.154435,-0.624429
12061,100.508000,2.125031,0.154474,-0.626174
12062,100.517000,2.126381,0.154426,-0.627642
12063,100.525000,2.127916,0.154313,-0.628837
12064,100.533000,2.129459,0.154322,-0.629668
12065,100.542000,2.130555,0.154268,-0.630228
12066,100.550000,2.131242,0.154158,-0.630821
12067,100.558000,2.131851,0.154145,-0.631517
12068,100.567000,2.132175,0.154107,-0.632168
12069,100.575000,2.132266,0.154127,-0.633281
12070,100.583000,2.132342,0.154151,-0.634544
12071,100.592000,2.132521,0.154197,-0.636332
12072,100.600000,2.132977,0.154294,-0.638142
12073,100.608000,2.133468,0.154364,-0.640202
12074,100.617000,2.134366,0.154333,-0.642138
12075,100.625000,2.135679,0.154446,-0.644163
12076,100.633000,2.136878,0.154473,-0.645863
12077,100.642000,2.138176,0.154412,-0.647436
12078,100.650000,2.139854,0.154415,-0.648945
12079,100.658000,2.141348,0.154312,-0.650028
12080,100.667000,2.142455,0.154228,-0.650777
12081,100.675000,2.143301,0.154169,-0.651289
12082,100.683000,2.143936,0.154107,-0.652168
12083,100.692000,2.144408,0.154110,-0.653086
12084,100.700000,2.144676,0.154115,-0.654536
12085,100.708000,2.144766,0.154187,-0.656039
12086,100.717000,2.144837,0.154164,-0.657902
12087,100.725000,2.145255,0.154208,-0.659823
12088,100.733000,2.145874,0.154328,-0.662119
12089,100.742000,2.146725,0.154357,-0.664380
12090,100.750000,2.147845,0.154268,-0.666603
12091,100.758000,2.149172,0.154253,-0.668630
12092,100.767000,2.150615,0.154186,-0.670569
12093,100.775000,2.151986,0.154046,-0.672154
12094,100.783000,2.153527,0.153993,-0.673561
12095,100.792000,2.154728,0.153979,-0.674347
12096,100.800000,2.155348,0.153950,-0.675018
12097,100.808000,2.155758,0.153922,-0.675917
12098,100.817000,2.156101,0.153870,-0.676781
12099,100.825000,2.156103,0.153880,-0.678153
12100,100.833000,2.155836,0.153967,-0.679897
12101,100.842000,2.155741,0.154116,-0.681944
12102,100.850000,2.155820,0.154188,-0.683817
12103,100.858000,2.155922,0.154184,-0.686076
12104,100.867000,2.156436,0.154210,-0.688326
12105,100.875000,2.157317,0.154406,-0.690539
12106,100.883000,2.158237,0.154411,-0.692459
12107,100.892000,2.159255,0.154372,-0.694276
12108,100.900000,2.160525,0.154350,-0.695896
12109,100.908000,2.161606,0.154296,-0.696944
12110,100.917000,2.162324,0.154310,-0.697630
12111,100.925000,2.162679,0.154307,-0.698235
12112,100.933000,2.162813,0.154259,-0.699064
12113,100.942000,2.162773,0.154176,-0.699900
12114,100.950000,2.162424,0.154158,-0.701186
12115,100.958000,2.162194,0.154266,-0.702799
12116,100.967000,2.161829,0.154346,-0.704695
12117,100.975000,2.161759,0.154382,-0.706543
12118,100.983000,2.161921,0.154461,-0.708675
12119,100.992000,2.162299,0.154533,-0.710908
12120,101.000000,2.163092,0.154606,-0.713079
12121,101.008000,2.163905,0.154546,-0.714976
12122,101.017000,2.164795,0.154536,-0.716857
12123,101.025000,2.165958,0.154585,-0.718597
12124,101.033000,2.167096,0.154502,-0.719792
12125,101.042000,2.167773,0.154462,-0.720600
12126,101.050000,2.168179,0.154419,-0.721222
12127,101.058000,2.168286,0.154349,-0.722007
12128,101.067000,2.168252,0.154322,-0.722861
12129,101.075000,2.167862,0.154262,-0.724108
12130,101.083000,2.167434,0.154376,-0.725732
12131,101.092000,2.167031,0.154411,-0.727592
12132,101.100000,2.166752,0.154449,-0.729512
12133,101.108000,2.166749,0.154466,-0.731532
12134,101.117000,2.166966,0.154502,-0.733780
12135,101.125000,2.167620,0.154603,-0.735985
12136,101.133000,2.168256,0.154568,-0.737952
12137,101.142000,2.168959,0.154613,-0.739784
12138,101.150000,2.170043,0.154607,-0.741515
12139,101.158000,2.171144,0.154577,-0.742901
12140,101.167000,2.171894,0.154553,-0.743775
12141,101.175000,2.172301,0.154549,-0.744607
12142,101.183000,2.172509,0.154461,-0.745585
12143,101.192000,2.172462,0.154496,-0.746574
12144,101.200000,2.172160,0.154410,-0.747877
12145,101.208000,2.171803,0.154552,-0.749551
12146,101.217000,2.171391,0.154581,-0.751280
12147,101.225000,2.171242,0.154590,-0.753218
12148,101.233000,2.171211,0.154531,-0.755300
12149,101.242000,2.171478,0.154645,-0.757662
12150,101.250000,2.171978,0.154727,-0.759784
12151,101.258000,2.172676,0.154778,-0.761907
12152,101.267000,2.173550,0.154599,-0.763810
12153,101.275000,2.174729,0.154610,-0.765551
12154,101.283000,2.175613,0.154588,-0.766848
12155,101.292000,2.176446,0.154522,-0.767898
12156,101.300000,2.176769,0.154476,-0.768761
12157,101.308000,2.176819,0.154429,-0.769617
12158,101.317000,2.176685,0.154438,-0.770648
12159,101.325000,2.176367,0.154342,-0.771844
12160,101.333000,2.175855,0.154465,-0.773356
12161,101.342000,2.175381,0.154540,-0.775011
12162,101.350000,2.174999,0.154602,-0.777062
12163,101.358000,2.174699,0.154607,-0.779213
12164,101.367000,2.174692,0.154640,-0.781489
12165,101.375000,2.175067,0.154830,-0.783686
12166,101.383000,2.175641,0.154815,-0.785848
12167,101.392000,2.176298,0.154756,-0.787691
12168,101.400000,2.177201,0.154750,-0.789390
12169,101.408000,2.178059,0.154710,-0.790736
12170,101.417000,2.178792,0.154607,-0.791694
12171,101.425000,2.179106,0.154542,-0.792442
12172,101.433000,2.179106,0.154426,-0.793150
12173,101.442000,2.178931,0.154351,-0.793991
12174,101.450000,2.178541,0.154256,-0.794930
12175,101.458000,2.177947,0.154256,-0.796252
12176,101.467000,2.177263,0.154377,-0.797888
12177,101.475000,2.176760,0.154607,-0.799900
12178,101.483000,2.176316,0.154591,-0.801984
12179,101.492000,2.176141,0.154593,-0.804105
12180,101.500000,2.176220,0.154717,-0.806189
12181,101.508000,2.176721,0.154767,-0.808366
12182,101.517000,2.177334,0.154743,-0.810296
12183,101.525000,2.178015,0.154738,-0.811842
12184,101.533000,2.178677,0.154666,-0.813212
12185,101.542000,2.179286,0.154635,-0.814194
12186,101.550000,2.179490,0.154659,-0.814910
12187,101.558000,2.179417,0.154692,-0.815548
12188,101.567000,2.179153,0.154660,-0.816424
12189,101.575000,2.178639,0.154596,-0.817403
12190,101.583000,2.177848,0.154608,-0.818764
12191,101.592000,2.177008,0.154706,-0.820212
12192,101.600000,2.176284,0.154721,-0.822148
12193,101.608000,2.175853,0.154770,-0.824130
12194,101.617000,2.175552,0.154784,-0.826400
12195,101.625000,2.175615,0.155008,-0.828371
12196,101.633000,2.175957,0.155007,-0.830453
12197,101.642000,2.176412,0.154972,-0.832420
12198,101.650000,2.177034,0.154970,-0.834195
12199,101.658000,2.177739,0.154923,-0.835605
12200,101.667000,2.178221,0.154900,-0.836516
12201,101.675000,2.178429,0.154837,-0.837309
12202,101.683000,2.178305,0.154817,-0.838047
12203,101.692000,2.177897,0.154803,-0.838944
12204,101.700000,2.177376,0.154789,-0.839838
12205,101.708000,2.176609,0.154776,-0.841104
12206,101.717000,2.175770,0.154887,-0.842657
12207,101.725000,2.174993,0.155014,-0.844516
12208,101.733000,2.174469,0.155068,-0.846628
12209,101.742000,2.174012,0.155137,-0.848922
12210,101.750000,2.173827,0.155162,-0.850960
12211,101.758000,2.174041,0.155217,-0.853229
12212,101.767000,2.174474,0.155213,-0.855317
12213,101.775000,2.174986,0.155236,-0.857177
12214,101.783000,2.175509,0.155123,-0.858611
12215,101.792000,2.176037,0.155009,-0.859649
12216,101.800000,2.176180,0.155040,-0.860520
12217,101.808000,2.176046,0.155070,-0.861322
12218,101.817000,2.175671,0.155008,-0.862287
12219,101.825000,2.175023,0.154961,-0.863210
12220,101.833000,2.174062,0.154985,-0.864545
12221,101.842000,2.173115,0.155056,-0.865971
12222,101.850000,2.172149,0.155100,-0.867749
12223,101.858000,2.171536,0.155126,-0.869748
12224,101.867000,2.170881,0.155142,-0.871922
12225,101.875000,2.170604,0.155336,-0.874010
12226,101.883000,2.170770,0.155423,-0.876133
12227,101.892000,2.171007,0.155452,-0.878205
12228,101.900000,2.171365,0.155376,-0.879896
12229,101.908000,2.171936,0.155309,-0.881385
12230,101.917000,2.172437,0.155375,-0.882583
12231,101.925000,2.172583,0.155383,-0.883519
12232,101.933000,2.172379,0.155353,-0.884330
12233,101.942000,2.171862,0.155298,-0.885292
12234,101.950000,2.171194,0.155321,-0.886254
12235,101.958000,2.170360,0.155228,-0.887394
12236,101.967000,2.169299,0.155298,-0.888853
12237,101.975000,2.168345,0.155329,-0.890627
12238,101.983000,2.167505,0.155361,-0.892609
12239,101.992000,2.166896,0.155383,-0.894849
12240,102.000000,2.166504,0.155620,-0.897043
12241,102.008000,2.166344,0.155658,-0.899225
12242,102.017000,2.166518,0.155559,-0.901224
12243,102.025000,2.166847,0.155555,-0.903121
12244,102.033000,2.167237,0.155603,-0.904638
12245,102.042000,2.167716,0.155549,-0.905932
12246,102.050000,2.167793,0.155459,-0.907032
12247,102.058000,2.167568,0.155435,-0.907827
12248,102.067000,2.167073,0.155331,-0.908687
12249,102.075000,2.166401,0.155383,-0.909661
12250,102.083000,2.165411,0.155388,-0.910769
12251,102.092000,2.164386,0.155471,-0.912212
12252,102.100000,2.163333,0.155447,-0.913972
12253,102.108000,2.162449,0.155440,-0.916091
12254,102.117000,2.161680,0.155530,-0.918333
12255,102.125000,2.161244,0.155606,-0.920546
12256,102.133000,2.160954,0.155619,-0.922727
12257,102.142000,2.161201,0.155567,-0.924964
12258,102.150000,2.161400,0.155544,-0.926985
12259,102.158000,2.161930,0.155428,-0.928931
12260,102.167000,2.162406,0.155184,-0.930564
12261,102.175000,2.162582,0.155118,-0.931866
12262,102.183000,2.162419,0.155138,-0.932872
12263,102.192000,2.161907,0.155092,-0.933685
12264,102.200000,2.161127,0.155111,-0.934648
12265,102.208000,2.160209,0.155036,-0.935901
12266,102.217000,2.159087,0.154974,-0.937686
12267,102.225000,2.157927,0.155047,-0.939446
12268,102.233000,2.156818,0.155154,-0.941454
12269,102.242000,2.155871,0.155191,-0.943606
12270,102.250000,2.155053,0.155163,-0.945798
12271,102.258000,2.154639,0.155279,-0.947825
12272,102.267000,2.154591,0.155507,-0.949818
12273,102.275000,2.154625,0.155486,-0.951719
12274,102.283000,2.154840,0.155365,-0.953206
12275,102.292000,2.154920,0.155385,-0.954313
12276,102.300000,2.155061,0.155408,-0.955174
12277,102.308000,2.154824,0.155435,-0.956030
12278,102.317000,2.154309,0.155449,-0.956719
12279,102.325000,2.153603,0.155444,-0.957475
12280,102.333000,2.152544,0.155441,-0.958397
12281,102.342000,2.151341,0.155411,-0.959724
12282,102.350000,2.150036,0.155459,-0.961227
12283,102.358000,2.148996,0.155594,-0.963110
12284,102.367000,2.148015,0.155700,-0.964973
12285,102.375000,2.147208,0.155760,-0.967095
12286,102.383000,2.146773,0.155841,-0.969032
12287,102.392000,2.146656,0.155956,-0.971073
12288,102.400000,2.146573,0.155828,-0.972963
12289,102.408000,2.146685,0.155818,-0.974656
12290,102.417000,2.146850,0.155714,-0.975871
12291,102.425000,2.146865,0.155703,-0.976691
12292,102.433000,2.146581,0.155607,-0.977518
12293,102.442000,2.146032,0.155575,-0.978277
12294,102.450000,2.145233,0.155599,-0.979085
12295,102.458000,2.144139,0.155609,-0.979867
12296,102.467000,2.142946,0.155538,-0.981250
12297,102.475000,2.141513,0.155656,-0.982719
12298,102.483000,2.140439,0.155750,-0.984615
12299,102.492000,2.139413,0.155854,-0.986443
12300,102.500000,2.138399,0.155791,-0.988425
12301,102.508000,2.137833,0.155934,-0.990511
12302,102.517000,2.137655,0.156006,-0.992588
12303,102.525000,2.137450,0.155946,-0.994448
12304,102.533000,2.137562,0.155896,-0.996277
12305,102.542000,2.137761,0.155854,-0.997531
12306,102.550000,2.137819,0.155847,-0.998387
12307,102.558000,2.137556,0.155833,-0.999080
12308,102.567000,2.137108,0.155803,-0.999748
12309,102.575000,2.136267,0.155858,-1.000671
12310,102.583000,2.135126,0.155869,-1.001545
12311,102.592000,2.133821,0.155833,-1.002729
12312,102.600000,2.132515,0.155913,-1.004253
12313,102.608000,2.131213,0.156129,-1.006010
12314,102.617000,2.130190,0.156102,-1.007999
12315,102.625000,2.129057,0.156136,-1.010121
12316,102.633000,2.128320,0.156175,-1.012180
12317,102.642000,2.127986,0.156250,-1.014548
12318,102.650000,2.127779,0.156204,-1.016425
12319,102.658000,2.127831,0.156129,-1.018299
12320,102.667000,2.127920,0.156110,-1.019699
12321,102.675000,2.127845,0.156159,-1.020706
12322,102.683000,2.127398,0.156075,-1.021580
12323,102.692000,2.126821,0.156032,-1.022283
12324,102.700000,2.126008,0.155987,-1.023138
12325,102.708000,2.124835,0.156007,-1.024024
12326,102.717000,2.123430,0.155978,-1.025055
12327,102.725000,2.122056,0.156062,-1.026443
12328,102.733000,2.120608,0.156190,-1.028266
12329,102.742000,2.119499,0.156285,-1.030247
12330,102.750000,2.118223,0.156224,-1.032421
12331,102.758000,2.117319,0.156262,-1.034467
12332,102.767000,2.116947,0.156312,-1.036742
12333,102.775000,2.116745,0.156229,-1.038756
12334,102.783000,2.116635,0.156078,-1.040618
12335,102.792000,2.116720,0.156097,-1.042185
12336,102.800000,2.116618,0.156190,-1.043146
12337,102.808000,2.116268,0.156180,-1.043910
12338,102.817000,2.115698,0.156122,-1.044478
12339,102.825000,2.114809,0.156024,-1.045180
12340,102.833000,2.113672,0.156160,-1.045909
12341,102.842000,2.112252,0.156031,-1.046831
12342,102.850000,2.110885,0.156048,-1.048068
12343,102.858000,2.109503,0.156009,-1.049752
12344,102.867000,2.108230,0.156010,-1.051489
12345,102.875000,2.107003,0.156055,-1.053423
12346,102.883000,2.106099,0.156208,-1.055618
12347,102.892000,2.105445,0.156190,-1.057631
12348,102.900000,2.104951,0.156244,-1.059484
12349,102.908000,2.104783,0.156165,-1.061323
12350,102.917000,2.104665,0.156176,-1.062685
12351,102.925000,2.104585,0.156155,-1.063557
12352,102.933000,2.104256,0.156132,-1.064139
12353,102.942000,2.103547,0.156093,-1.064752
12354,102.950000,2.102693,0.156069,-1.065510
12355,102.958000,2.101578,0.156219,-1.066237
12356,102.967000,2.100159,0.156193,-1.066989
12357,102.975000,2.098565,0.156308,-1.068151
12358,102.983000,2.097134,0.156331,-1.069629
12359,102.992000,2.095602,0.156475,-1.071261
12360,103.000000,2.094250,0.156343,-1.073155
12361,103.008000,2.093116,0.156510,-1.075049
12362,103.017000,2.092375,0.156696,-1.077082
12363,103.025000,2.091920,0.156649,-1.078798
12364,103.033000,2.091596,0.156532,-1.080575
12365,103.042000,2.091494,0.156534,-1.082029
12366,103.050000,2.091381,0.156562,-1.083047
12367,103.058000,2.090909,0.156570,-1.083754
12368,103.067000,2.090097,0.156518,-1.084387
12369,103.075000,2.089150,0.156413,-1.084964
12370,103.083000,2.087875,0.156536,-1.085630
12371,103.092000,2.086378,0.156524,-1.086369
12372,103.100000,2.084659,0.156482,-1.087493
12373,103.108000,2.083144,0.156531,-1.088870
12374,103.117000,2.081613,0.156657,-1.090465
12375,103.125000,2.080189,0.156651,-1.092335
12376,103.133000,2.078865,0.156693,-1.094269
12377,103.142000,2.078005,0.156703,-1.096030
12378,103.150000,2.077543,0.156808,-1.097931
12379,103.158000,2.077150,0.156672,-1.099633
12380,103.167000,2.076977,0.156657,-1.100998
12381,103.175000,2.076855,0.156644,-1.102047
12382,103.183000,2.076415,0.156640,-1.102665
12383,103.192000,2.075620,0.156588,-1.103211
12384,103.200000,2.074721,0.156543,-1.103677
12385,103.208000,2.073424,0.156604,-1.104241
12386,103.217000,2.071892,0.156651,-1.104816
12387,103.225000,2.070204,0.156587,-1.105826
12388,103.233000,2.068491,0.156713,-1.106995
12389,103.242000,2.066894,0.156891,-1.108452
12390,103.250000,2.065425,0.156863,-1.110137
12391,103.258000,2.064195,0.156858,-1.111985
12392,103.267000,2.063266,0.156966,-1.113771
12393,103.275000,2.062675,0.157116,-1.115514
12394,103.283000,2.062306,0.156939,-1.117173
12395,103.292000,2.062052,0.156859,-1.118661
12396,103.300000,2.061863,0.156861,-1.119648
12397,103.308000,2.061449,0.156850,-1.120246
12398,103.317000,2.060758,0.156917,-1.120687
12399,103.325000,2.059806,0.156886,-1.121050
12400,103.333000,2.058654,0.156875,-1.121596
12401,103.342000,2.057159,0.156898,-1.122052
12402,103.350000,2.055565,0.156906,-1.122854
12403,103.358000,2.053846,0.157030,-1.123942
12404,103.367000,2.052269,0.157063,-1.125399
12405,103.375000,2.050685,0.157105,-1.126852
12406,103.383000,2.049344,0.157087,-1.128573
12407,103.392000,2.048275,0.157125,-1.130254
12408,103.400000,2.047567,0.157243,-1.131862
12409,103.408000,2.047116,0.157207,-1.133415
12410,103.417000,2.046688,0.157108,-1.134760
12411,103.425000,2.046389,0.156996,-1.135836
12412,103.433000,2.045956,0.156968,-1.136400
12413,103.442000,2.045078,0.156995,-1.136793
12414,103.450000,2.044016,0.156998,-1.137210
12415,103.458000,2.042790,0.156933,-1.137754
12416,103.467000,2.041168,0.157131,-1.138151
12417,103.475000,2.039458,0.157084,-1.138852
12418,103.483000,2.037578,0.157157,-1.139892
12419,103.492000,2.035791,0.157201,-1.141288
12420,103.500000,2.034069,0.157340,-1.142748
12421,103.508000,2.032644,0.157358,-1.144589
12422,103.517000,2.031343,0.157434,-1.146270
12423,103.525000,2.030399,0.157471,-1.148017
12424,103.533000,2.029778,0.157366,-1.149619
12425,103.542000,2.029309,0.157303,-1.151217
12426,103.550000,2.028824,0.157248,-1.152343
12427,103.558000,2.028359,0.157373,-1.152950
12428,103.567000,2.027577,0.157354,-1.153431
12429,103.575000,2.026540,0.157332,-1.153701
12430,103.583000,2.025115,0.157272,-1.154094
12431,103.592000,2.023616,0.157265,-1.154577
12432,103.600000,2.021687,0.157356,-1.155213
12433,103.608000,2.019881,0.157282,-1.156307
12434,103.617000,2.017939,0.157444,-1.157457
12435,103.625000,2.016216,0.157515,-1.158861
12436,103.633000,2.014560,0.157512,-1.160562
12437,103.642000,2.013181,0.157537,-1.162303
12438,103.650000,2.012070,0.157619,-1.163908
12439,103.658000,2.011454,0.157733,-1.165569
12440,103.667000,2.011060,0.157552,-1.167145
12441,103.675000,2.010598,0.157438,-1.168237
12442,103.683000,2.010026,0.157563,-1.168795
12443,103.692000,2.009197,0.157570,-1.169161
12444,103.700000,2.008075,0.157521,-1.169546
12445,103.708000,2.006727,0.157479,-1.169880
12446,103.717000,2.005026,0.157576,-1.170188
12447,103.725000,2.003292,0.157521,-1.170544
12448,103.733000,2.001297,0.157576,-1.171342
12449,103.742000,1.999456,0.157680,-1.172473
12450,103.750000,1.997560,0.157816,-1.173855
12451,103.758000,1.995670,0.157803,-1.175342
12452,103.767000,1.994254,0.157699,-1.177064
12453,103.775000,1.993060,0.157867,-1.178519
12454,103.783000,1.992170,0.157925,-1.180074
12455,103.792000,1.991629,0.157860,-1.181553
12456,103.800000,1.991167,0.157771,-1.182716
12457,103.808000,1.990605,0.157769,-1.183342
12458,103.817000,1.989748,0.157771,-1.183783
12459,103.825000,1.988697,0.157798,-1.184104
12460,103.833000,1.987379,0.157655,-1.184324
12461,103.842000,1.985841,0.157658,-1.184634
12462,103.850000,1.984119,0.157616,-1.185061
12463,103.858000,1.982074,0.157691,-1.185802
12464,103.867000,1.980202,0.157846,-1.186890
12465,103.875000,1.978251,0.157929,-1.188235
12466,103.883000,1.976606,0.157916,-1.189686
12467,103.892000,1.974955,0.157994,-1.191198
12468,103.900000,1.973687,0.157991,-1.192801
12469,103.908000,1.972714,0.157986,-1.194197
12470,103.917000,1.971814,0.157874,-1.195671
12471,103.925000,1.971245,0.157786,-1.196875
12472,103.933000,1.970727,0.157837,-1.197534
12473,103.942000,1.969941,0.157860,-1.197839
12474,103.950000,1.968861,0.157860,-1.198032
12475,103.958000,1.967510,0.157765,-1.198262
12476,103.967000,1.965961,0.157829,-1.198572
12477,103.975000,1.963954,0.157847,-1.198706
12478,103.983000,1.961713,0.157684,-1.199386
12479,103.992000,1.959574,0.157707,-1.200291
12480,104.000000,1.957369,0.157779,-1.201541
12481,104.008000,1.955513,0.157796,-1.202805
12482,104.017000,1.953577,0.157745,-1.204345
12483,104.025000,1.952200,0.157710,-1.205740
12484,104.033000,1.950952,0.157890,-1.206990
12485,104.042000,1.950145,0.157749,-1.208425
12486,104.050000,1.949469,0.157630,-1.209603
12487,104.058000,1.948839,0.157599,-1.210202
12488,104.067000,1.948031,0.157690,-1.210373
12489,104.075000,1.947015,0.157682,-1.210561
12490,104.083000,1.945759,0.157641,-1.210690
12491,104.092000,1.944219,0.157645,-1.210828
12492,104.100000,1.942574,0.157663,-1.210903
12493,104.108000,1.940453,0.157650,-1.211305
12494,104.117000,1.938468,0.157742,-1.211918
12495,104.125000,1.936405,0.157946,-1.212845
12496,104.133000,1.934706,0.157900,-1.214188
12497,104.142000,1.932843,0.157946,-1.215513
12498,104.150000,1.931489,0.158075,-1.216845
12499,104.158000,1.930436,0.158157,-1.218181
12500,104.167000,1.929521,0.158137,-1.219383
12501,104.175000,1.928885,0.157982,-1.220456
12502,104.183000,1.928233,0.157911,-1.221013
12503,104.192000,1.927491,0.157994,-1.221176
12504,104.200000,1.926424,0.158040,-1.221193
12505,104.208000,1.925244,0.158068,-1.221200
12506,104.217000,1.923813,0.157997,-1.221264
12507,104.225000,1.921963,0.158075,-1.221174
12508,104.233000,1.920169,0.158021,-1.221455
12509,104.242000,1.918009,0.158134,-1.222084
12510,104.250000,1.915980,0.158276,-1.222994
12511,104.258000,1.914128,0.158312,-1.224162
12512,104.267000,1.912346,0.158354,-1.225441
12513,104.275000,1.910899,0.158453,-1.226634
12514,104.283000,1.909763,0.158458,-1.227967
12515,104.292000,1.908834,0.158461,-1.229129
12516,104.300000,1.908050,0.158427,-1.230190
12517,104.308000,1.907467,0.158309,-1.230832
12518,104.317000,1.906850,0.158317,-1.231072
12519,104.325000,1.905860,0.158288,-1.231129
12520,104.333000,1.904541,0.158316,-1.231088
12521,104.342000,1.902988,0.158254,-1.230906
12522,104.350000,1.901277,0.158282,-1.230871
12523,104.358000,1.899331,0.158271,-1.231094
12524,104.367000,1.897173,0.158415,-1.231517
12525,104.375000,1.895010,0.158416,-1.232314
12526,104.383000,1.892887,0.158504,-1.233351
12527,104.392000,1.891041,0.158362,-1.234606
12528,104.400000,1.889290,0.158450,-1.235767
12529,104.408000,1.888001,0.158503,-1.236932
12530,104.417000,1.887041,0.158582,-1.238196
12531,104.425000,1.886165,0.158541,-1.239219
12532,104.433000,1.885512,0.158471,-1.239829
12533,104.442000,1.884737,0.158433,-1.240126
12534,104.450000,1.883736,0.158413,-1.240205
12535,104.458000,1.882451,0.158353,-1.240197
12536,104.467000,1.881029,0.158344,-1.240281
12537,104.475000,1.879297,0.158339,-1.240376
12538,104.483000,1.877253,0.158241,-1.240403
12539,104.492000,1.875047,0.158378,-1.240801
12540,104.500000,1.872961,0.158619,-1.241535
12541,104.508000,1.870779,0.158733,-1.242501
12542,104.517000,1.868858,0.158575,-1.243648
12543,104.525000,1.867099,0.158594,-1.244807
12544,104.533000,1.865782,0.158746,-1.245855
12545,104.542000,1.864703,0.158907,-1.246963
12546,104.550000,1.863759,0.158723,-1.248030
12547,104.558000,1.862978,0.158617,-1.248756
12548,104.567000,1.862109,0.158661,-1.248981
12549,104.575000,1.861048,0.158669,-1.248832
12550,104.583000,1.859812,0.158681,-1.248555
12551,104.592000,1.858418,0.158568,-1.248439
12552,104.600000,1.856672,0.158661,-1.248392
12553,104.608000,1.854789,0.158593,-1.248230
12554,104.617000,1.852582,0.158719,-1.248388
12555,104.625000,1.850446,0.158797,-1.249037
12556,104.633000,1.848300,0.158914,-1.249869
12557,104.642000,1.846328,0.158783,-1.250850
12558,104.650000,1.844517,0.158948,-1.251881
12559,104.658000,1.843069,0.159090,-1.252774
12560,104.667000,1.841911,0.159189,-1.253797
12561,104.675000,1.840974,0.158962,-1.254692
12562,104.683000,1.840196,0.158973,-1.255381
12563,104.692000,1.839309,0.158936,-1.255533
12564,104.700000,1.838286,0.158956,-1.255298
12565,104.708000,1.837031,0.158949,-1.255056
12566,104.717000,1.835672,0.158901,-1.254806
12567,104.725000,1.833876,0.158992,-1.254562
12568,104.733000,1.831938,0.158970,-1.254241
12569,104.742000,1.829649,0.159000,-1.254469
12570,104.750000,1.827449,0.159025,-1.254802
12571,104.758000,1.825167,0.159195,-1.255473
12572,104.767000,1.823163,0.159152,-1.256312
12573,104.775000,1.821204,0.159107,-1.257305
12574,104.783000,1.819798,0.159076,-1.258356
12575,104.792000,1.818602,0.159173,-1.259265
12576,104.800000,1.817651,0.159089,-1.260099
12577,104.808000,1.816899,0.158914,-1.260715
12578,104.817000,1.816194,0.158842,-1.260976
12579,104.825000,1.815130,0.158989,-1.260818
12580,104.833000,1.813902,0.158938,-1.260609
12581,104.842000,1.812382,0.158856,-1.260199
12582,104.850000,1.810658,0.158870,-1.259921
12583,104.858000,1.808840,0.158913,-1.259687
12584,104.867000,1.806543,0.158972,-1.259747
12585,104.875000,1.804237,0.159029,-1.260064
12586,104.883000,1.801954,0.159163,-1.260657
12587,104.892000,1.799974,0.159238,-1.261519
12588,104.900000,1.798030,0.159199,-1.262515
12589,104.908000,1.796244,0.159340,-1.263350
12590,104.917000,1.794873,0.159436,-1.264479
12591,104.925000,1.793846,0.159338,-1.265500
12592,104.933000,1.792904,0.159247,-1.266113
12593,104.942000,1.791990,0.159232,-1.266478
12594,104.950000,1.791070,0.159241,-1.266369
12595,104.958000,1.789786,0.159144,-1.266002
12596,104.967000,1.788381,0.159153,-1.265691
12597,104.975000,1.786604,0.159164,-1.265352
12598,104.983000,1.784658,0.159115,-1.264847
12599,104.992000,1.782390,0.159111,-1.264865
12600,105.000000,1.780006,0.159200,-1.264958
12601,105.008000,1.777671,0.159291,-1.265392
12602,105.017000,1.775535,0.159380,-1.266109
12603,105.025000,1.773697,0.159422,-1.267069
12604,105.033000,1.771902,0.159514,-1.267940
12605,105.042000,1.770696,0.159545,-1.268920
12606,105.050000,1.769775,0.159486,-1.269777
12607,105.058000,1.768810,0.159465,-1.270374
12608,105.067000,1.767894,0.159452,-1.270639
12609,105.075000,1.767133,0.159430,-1.270484
12610,105.083000,1.765982,0.159354,-1.270060
12611,105.092000,1.764620,0.159335,-1.269510
12612,105.100000,1.762959,0.159371,-1.269020
12613,105.108000,1.761174,0.159377,-1.268521
12614,105.117000,1.758973,0.159305,-1.268264
12615,105.125000,1.756921,0.159374,-1.268392
12616,105.133000,1.754741,0.159444,-1.268753
12617,105.142000,1.752743,0.159482,-1.269297
12618,105.150000,1.750833,0.159560,-1.269925
12619,105.158000,1.749321,0.159525,-1.270668
12620,105.167000,1.747834,0.159687,-1.271293
12621,105.175000,1.746908,0.159715,-1.271934
12622,105.183000,1.746026,0.159646,-1.272494
12623,105.192000,1.745193,0.159511,-1.272712
12624,105.200000,1.744366,0.159618,-1.272483
12625,105.208000,1.743303,0.159609,-1.271988
12626,105.217000,1.741986,0.159488,-1.271344
12627,105.225000,1.740459,0.159479,-1.270878
12628,105.233000,1.738590,0.159496,-1.270270
12629,105.242000,1.736520,0.159487,-1.269721
12630,105.250000,1.734264,0.159540,-1.269671
12631,105.258000,1.731927,0.159622,-1.269748
12632,105.267000,1.729765,0.159775,-1.270143
12633,105.275000,1.727720,0.159820,-1.270724
12634,105.283000,1.726010,0.159902,-1.271500
12635,105.292000,1.724524,0.160000,-1.272130
12636,105.300000,1.723369,0.160028,-1.272820
12637,105.308000,1.722469,0.159909,-1.273392
12638,105.317000,1.721642,0.159853,-1.273533
12639,105.325000,1.720725,0.159815,-1.273218
12640,105.333000,1.719559,0.159889,-1.272553
12641,105.342000,1.718264,0.159820,-1.272031
12642,105.350000,1.716696,0.159760,-1.271474
12643,105.358000,1.714741,0.159876,-1.270754
12644,105.367000,1.712829,0.159995,-1.270287
12645,105.375000,1.710351,0.159994,-1.269972
12646,105.383000,1.707986,0.160014,-1.269969
12647,105.392000,1.705832,0.160244,-1.270388
12648,105.400000,1.703725,0.160218,-1.270943
12649,105.408000,1.701751,0.160264,-1.271537
12650,105.417000,1.700174,0.160348,-1.272165
12651,105.425000,1.698859,0.160393,-1.272836
12652,105.433000,1.697750,0.160178,-1.273413
12653,105.442000,1.696891,0.160128,-1.273566
12654,105.450000,1.696144,0.160211,-1.273293
12655,105.458000,1.695048,0.160303,-1.272724
12656,105.467000,1.693709,0.160195,-1.272089
12657,105.475000,1.692137,0.160128,-1.271366
12658,105.483000,1.690251,0.160270,-1.270769
12659,105.492000,1.688297,0.160131,-1.270049
12660,105.500000,1.685976,0.160152,-1.269664
12661,105.508000,1.683628,0.160241,-1.269626
12662,105.517000,1.681287,0.160425,-1.269975
12663,105.525000,1.679198,0.160449,-1.270451
12664,105.533000,1.677177,0.160469,-1.271054
12665,105.542000,1.675633,0.160506,-1.271757
12666,105.550000,1.674324,0.160638,-1.272362
12667,105.558000,1.673258,0.160559,-1.272908
12668,105.567000,1.672342,0.160474,-1.273112
12669,105.575000,1.671301,0.160425,-1.272780
12670,105.583000,1.670227,0.160395,-1.272149
12671,105.592000,1.668932,0.160396,-1.271399
12672,105.600000,1.667357,0.160283,-1.270539
12673,105.608000,1.665494,0.160324,-1.269850
12674,105.617000,1.663574,0.160350,-1.269251
12675,105.625000,1.661181,0.160351,-1.268657
12676,105.633000,1.659024,0.160486,-1.268536
12677,105.642000,1.656670,0.160624,-1.268704
12678,105.650000,1.654619,0.160553,-1.268943
12679,105.658000,1.652648,0.160483,-1.269453
12680,105.667000,1.651196,0.160600,-1.269979
12681,105.675000,1.650108,0.160677,-1.270515
12682,105.683000,1.649057,0.160642,-1.270893
12683,105.692000,1.648278,0.160571,-1.271199
12684,105.700000,1.647633,0.160518,-1.271132
12685,105.708000,1.646732,0.160462,-1.270544
12686,105.717000,1.645591,0.160334,-1.269920
12687,105.725000,1.644169,0.160357,-1.269141
12688,105.733000,1.642704,0.160359,-1.268421
12689,105.742000,1.640920,0.160374,-1.267678
12690,105.750000,1.638905,0.160311,-1.267246
12691,105.758000,1.636648,0.160368,-1.267041
12692,105.767000,1.634474,0.160568,-1.267264
12693,105.775000,1.632542,0.160561,-1.267689
12694,105.783000,1.630686,0.160482,-1.268309
12695,105.792000,1.629127,0.160493,-1.268972
12696,105.800000,1.627864,0.160635,-1.269606
12697,105.808000,1.626996,0.160564,-1.270156
12698,105.817000,1.626115,0.160433,-1.270581
12699,105.825000,1.625263,0.160323,-1.270477
12700,105.833000,1.624342,0.160242,-1.270047
12701,105.842000,1.623041,0.160192,-1.269469
12702,105.850000,1.621739,0.160146,-1.268840
12703,105.858000,1.619804,0.160010,-1.268091
12704,105.867000,1.617857,0.160006,-1.267624
12705,105.875000,1.615692,0.159921,-1.267238
12706,105.883000,1.613391,0.160063,-1.267086
12707,105.892000,1.611252,0.160203,-1.267336
12708,105.900000,1.609329,0.160267,-1.267810
12709,105.908000,1.607397,0.160223,-1.268419
12710,105.917000,1.605860,0.160349,-1.269125
12711,105.925000,1.604635,0.160418,-1.269791
12712,105.933000,1.603739,0.160430,-1.270390
12713,105.942000,1.602809,0.160325,-1.270865
12714,105.950000,1.601971,0.160332,-1.270959
12715,105.958000,1.601129,0.160341,-1.270571
12716,105.967000,1.600244,0.160350,-1.270198
12717,105.975000,1.598846,0.160371,-1.269482
12718,105.983000,1.597134,0.160371,-1.268834
12719,105.992000,1.595348,0.160310,-1.268420
12720,106.000000,1.593199,0.160358,-1.268099
12721,106.008000,1.590906,0.160324,-1.267952
12722,106.017000,1.588647,0.160493,-1.268286
12723,106.025000,1.586585,0.160531,-1.268831
12724,106.033000,1.584718,0.160569,-1.269444
12725,106.042000,1.582980,0.160683,-1.270253
12726,106.050000,1.581633,0.160734,-1.271023
12727,106.058000,1.580513,0.160736,-1.271691
12728,106.067000,1.579643,0.160652,-1.272243
12729,106.075000,1.578939,0.160591,-1.272358
12730,106.083000,1.578099,0.160620,-1.272055
12731,106.092000,1.576962,0.160631,-1.271550
12732,106.100000,1.575653,0.160612,-1.271118
12733,106.108000,1.573962,0.160575,-1.270487
12734,106.117000,1.572020,0.160622,-1.269999
12735,106.125000,1.569882,0.160585,-1.269653
12736,106.133000,1.567583,0.160717,-1.269555
12737,106.142000,1.565363,0.160777,-1.269817
12738,106.150000,1.563192,0.160891,-1.270320
12739,106.158000,1.561309,0.160911,-1.271089
12740,106.167000,1.559480,0.160994,-1.271822
12741,106.175000,1.558079,0.160926,-1.272542
12742,106.183000,1.557032,0.160902,-1.273361
12743,106.192000,1.556023,0.160955,-1.273812
12744,106.200000,1.555229,0.160908,-1.273967
12745,106.208000,1.554374,0.160868,-1.273707
12746,106.217000,1.553411,0.160892,-1.273205
12747,106.225000,1.552092,0.160945,-1.272685
12748,106.233000,1.550468,0.160940,-1.272116
12749,106.242000,1.548709,0.160971,-1.271606
12750,106.250000,1.546615,0.160961,-1.271276
12751,106.258000,1.544382,0.161090,-1.271163
12752,106.267000,1.542052,0.161213,-1.271383
12753,106.275000,1.540048,0.161292,-1.271888
12754,106.283000,1.537878,0.161292,-1.272666
12755,106.292000,1.536094,0.161297,-1.273490
12756,106.300000,1.534259,0.161424,-1.274214
12757,106.308000,1.532795,0.161360,-1.274887
12758,106.317000,1.531438,0.161335,-1.275410
12759,106.325000,1.530300,0.161365,-1.275597
12760,106.333000,1.529080,0.161399,-1.275414
12761,106.342000,1.527733,0.161249,-1.275109
12762,106.350000,1.525698,0.161358,-1.274567
12763,106.358000,1.523346,0.161266,-1.274060
12764,106.367000,1.520819,0.161444,-1.273579
12765,106.375000,1.518012,0.161391,-1.273136
12766,106.383000,1.514975,0.161412,-1.273043
12767,106.392000,1.511620,0.161504,-1.273236
12768,106.400000,1.508336,0.161633,-1.273659
12769,106.408000,1.505195,0.161625,-1.274370
12770,106.417000,1.502254,0.161587,-1.275231
12771,106.425000,1.499417,0.161641,-1.275971
12772,106.433000,1.496707,0.161582,-1.276781
12773,106.442000,1.494046,0.161619,-1.277559
12774,106.450000,1.490988,0.161571,-1.277840
12775,106.458000,1.487874,0.161602,-1.277698
12776,106.467000,1.484467,0.161566,-1.277369
12777,106.475000,1.480666,0.161562,-1.276856
12778,106.483000,1.476370,0.161519,-1.276398
12779,106.492000,1.471773,0.161472,-1.275686
12780,106.500000,1.466915,0.161480,-1.275089
12781,106.508000,1.461392,0.161609,-1.275589
12782,106.517000,1.455198,0.161864,-1.275988
12783,106.525000,1.449214,0.162056,-1.276862
12784,106.533000,1.443710,0.162243,-1.278131
12785,106.542000,1.438450,0.162269,-1.279076
12786,106.550000,1.433352,0.162372,-1.280016
12787,106.558000,1.428240,0.162591,-1.281357
12788,106.567000,1.422834,0.162754,-1.282026
12789,106.575000,1.417768,0.162912,-1.282654
12790,106.583000,1.412910,0.162793,-1.282890
12791,106.592000,1.407923,0.162684,-1.282788
12792,106.600000,1.402539,0.162723,-1.282611
12793,106.608000,1.396675,0.162907,-1.282318
12794,106.617000,1.390444,0.162970,-1.282228
12795,106.625000,1.384280,0.163073,-1.282097
12796,106.633000,1.377891,0.163049,-1.282280
12797,106.642000,1.371523,0.163101,-1.282642
12798,106.650000,1.365078,0.163114,-1.283602
12799,106.658000,1.358805,0.163307,-1.284456
12800,106.667000,1.352716,0.163444,-1.285701
12801,106.675000,1.346995,0.163439,-1.286922
12802,106.683000,1.341638,0.163481,-1.287780
12803,106.692000,1.336412,0.163537,-1.288716
12804,106.700000,1.331424,0.163616,-1.289382
12805,106.708000,1.326362,0.163690,-1.289545
12806,106.717000,1.321152,0.163652,-1.289424
12807,106.725000,1.315634,0.163564,-1.289220
12808,106.733000,1.310227,0.163769,-1.289274
12809,106.742000,1.304023,0.163849,-1.288953
12810,106.750000,1.297526,0.163626,-1.288853
12811,106.758000,1.291298,0.163595,-1.289370
12812,106.767000,1.285094,0.163825,-1.289799
12813,106.775000,1.278660,0.163927,-1.290543
12814,106.783000,1.272306,0.164000,-1.291882
12815,106.792000,1.266414,0.164081,-1.292988
12816,106.800000,1.260802,0.164226,-1.293916
12817,106.808000,1.255519,0.164523,-1.294795
12818,106.817000,1.250090,0.164438,-1.296113
12819,106.825000,1.245036,0.164200,-1.297059
12820,106.833000,1.239928,0.164245,-1.297264
12821,106.842000,1.234817,0.164342,-1.297181
12822,106.850000,1.229510,0.164360,-1.296939
12823,106.858000,1.223715,0.164245,-1.297030
12824,106.867000,1.217736,0.164438,-1.296860
12825,106.875000,1.211483,0.164301,-1.297063
12826,106.883000,1.205137,0.164327,-1.297327
12827,106.892000,1.198669,0.164478,-1.297917
12828,106.900000,1.192055,0.165114,-1.298179
12829,106.908000,1.185926,0.164961,-1.299247
12830,106.917000,1.180149,0.164849,-1.300542
12831,106.925000,1.174545,0.164876,-1.302026
12832,106.933000,1.169317,0.164741,-1.303138
12833,106.942000,1.164357,0.164611,-1.304093
12834,106.950000,1.159435,0.164560,-1.305253
12835,106.958000,1.154631,0.164650,-1.305477
12836,106.967000,1.149603,0.164694,-1.305805
12837,106.975000,1.144049,0.164496,-1.305770
12838,106.983000,1.138365,0.164592,-1.305309
12839,106.992000,1.132498,0.164829,-1.305571
12840,107.000000,1.126438,0.164966,-1.305493
12841,107.008000,1.120080,0.164882,-1.305911
12842,107.017000,1.113727,0.164993,-1.306384
12843,107.025000,1.107575,0.164967,-1.307287
12844,107.033000,1.101414,0.165015,-1.308383
12845,107.042000,1.095367,0.165265,-1.309345
12846,107.050000,1.089768,0.164976,-1.310855
12847,107.058000,1.084703,0.164854,-1.312028
12848,107.067000,1.079553,0.164920,-1.312960
12849,107.075000,1.074718,0.164892,-1.313849
12850,107.083000,1.069724,0.165012,-1.314052
12851,107.092000,1.064739,0.165091,-1.313863
12852,107.100000,1.059258,0.164885,-1.313990
12853,107.108000,1.053560,0.164893,-1.313689
12854,107.117000,1.047366,0.165154,-1.313454
12855,107.125000,1.041507,0.164965,-1.313888
12856,107.133000,1.035030,0.164918,-1.314257
12857,107.142000,1.028669,0.164905,-1.314653
12858,107.150000,1.022365,0.165015,-1.315695
12859,107.158000,1.016140,0.165201,-1.316746
12860,107.167000,1.009994,0.165246,-1.317839
12861,107.175000,1.004089,0.164936,-1.318866
12862,107.183000,0.998649,0.164754,-1.320189
12863,107.192000,0.993534,0.164776,-1.321651
12864,107.200000,0.988163,0.164535,-1.322985
12865,107.208000,0.983056,0.164502,-1.322889
12866,107.217000,0.978454,0.164711,-1.323048
12867,107.225000,0.973207,0.164788,-1.323151
12868,107.233000,0.967346,0.164781,-1.322819
12869,107.242000,0.961604,0.164800,-1.322761
12870,107.250000,0.955869,0.164807,-1.322813
12871,107.258000,0.949380,0.164702,-1.322949
12872,107.267000,0.942928,0.164922,-1.323688
12873,107.275000,0.936809,0.165062,-1.324691
12874,107.283000,0.930661,0.164995,-1.325730
12875,107.292000,0.924739,0.164956,-1.326964
12876,107.300000,0.919284,0.165082,-1.328453
12877,107.308000,0.914062,0.165283,-1.329422
12878,107.317000,0.909143,0.165306,-1.330651
12879,107.325000,0.904259,0.165246,-1.331504
12880,107.333000,0.899337,0.165113,-1.331751
12881,107.342000,0.894386,0.165112,-1.331932
12882,107.350000,0.889040,0.165112,-1.331848
12883,107.358000,0.883078,0.165039,-1.331588
12884,107.367000,0.877104,0.165209,-1.331450
12885,107.375000,0.870884,0.165129,-1.331578
12886,107.383000,0.864309,0.165062,-1.331675
12887,107.392000,0.857780,0.165092,-1.331711
12888,107.400000,0.851294,0.165258,-1.332847
12889,107.408000,0.844571,0.165364,-1.334325
12890,107.417000,0.837961,0.165240,-1.336257
12891,107.425000,0.831446,0.164854,-1.337888
12892,107.433000,0.825301,0.164891,-1.338807
12893,107.442000,0.819217,0.165162,-1.340382
12894,107.450000,0.812969,0.165337,-1.341532
12895,107.458000,0.807238,0.165558,-1.341657
12896,107.467000,0.801090,0.165525,-1.342083
12897,107.475000,0.794715,0.165328,-1.342156
12898,107.483000,0.787850,0.165533,-1.342097
12899,107.492000,0.780582,0.165677,-1.342402
12900,107.500000,0.772984,0.165830,-1.342428
12901,107.508000,0.765367,0.165455,-1.343214
12902,107.517000,0.757814,0.165684,-1.343897
12903,107.525000,0.750251,0.165671,-1.344885
12904,107.533000,0.742280,0.165904,-1.345953
12905,107.542000,0.734638,0.166041,-1.347476
12906,107.550000,0.727181,0.166259,-1.348908
12907,107.558000,0.720153,0.165979,-1.350508
12908,107.567000,0.713286,0.165707,-1.352192
12909,107.575000,0.706549,0.165535,-1.353251
12910,107.583000,0.699380,0.165310,-1.353478
12911,107.592000,0.692228,0.165310,-1.354008
12912,107.600000,0.685240,0.165241,-1.354344
12913,107.608000,0.678024,0.165456,-1.353677
12914,107.617000,0.670091,0.165315,-1.354263
12915,107.625000,0.661992,0.165410,-1.354513
12916,107.633000,0.653751,0.165377,-1.354845
12917,107.642000,0.645479,0.165682,-1.355789
12918,107.650000,0.637286,0.165753,-1.357211
12919,107.658000,0.628903,0.165878,-1.358247
12920,107.667000,0.620775,0.165884,-1.359883
12921,107.675000,0.612874,0.165883,-1.361635
12922,107.683000,0.605317,0.165862,-1.362866
12923,107.692000,0.598246,0.166076,-1.364343
12924,107.700000,0.591400,0.166256,-1.365568
12925,107.708000,0.584393,0.166188,-1.366291
12926,107.717000,0.577308,0.166168,-1.366738
12927,107.725000,0.569991,0.166186,-1.366893
12928,107.733000,0.562404,0.166265,-1.367105
12929,107.742000,0.554628,0.166186,-1.367188
12930,107.750000,0.546726,0.166086,-1.367564
12931,107.758000,0.538575,0.166052,-1.368049
12932,107.767000,0.529913,0.166289,-1.368593
12933,107.775000,0.521036,0.166455,-1.369975
12934,107.783000,0.512450,0.166661,-1.371560
12935,107.792000,0.504205,0.166658,-1.372814
12936,107.800000,0.496635,0.166666,-1.374055
12937,107.808000,0.489546,0.166717,-1.375787
12938,107.817000,0.482164,0.166777,-1.377033
12939,107.825000,0.475045,0.166842,-1.378166
12940,107.833000,0.467976,0.166836,-1.379002
12941,107.842000,0.460869,0.166837,-1.379229
12942,107.850000,0.453413,0.166923,-1.379379
12943,107.858000,0.445634,0.167070,-1.379532
12944,107.867000,0.437555,0.167079,-1.379620
12945,107.875000,0.429063,0.167173,-1.379563
12946,107.883000,0.420745,0.167159,-1.379940
12947,107.892000,0.412071,0.167421,-1.380485
12948,107.900000,0.403259,0.167337,-1.381246
12949,107.908000,0.394353,0.167304,-1.381853
12950,107.917000,0.386038,0.167409,-1.382976
12951,107.925000,0.378135,0.167610,-1.384737
12952,107.933000,0.370640,0.167870,-1.385062
12953,107.942000,0.363310,0.168043,-1.385571
12954,107.950000,0.356326,0.168247,-1.386316
12955,107.958000,0.348961,0.168168,-1.386052
12956,107.967000,0.342020,0.168006,-1.385458
12957,107.975000,0.335012,0.167862,-1.385063
12958,107.983000,0.327239,0.168087,-1.384057
12959,107.992000,0.319145,0.168352,-1.383089
12960,108.000000,0.311099,0.168398,-1.382452
12961,108.008000,0.302625,0.168468,-1.381786
12962,108.017000,0.294366,0.168478,-1.381265
12963,108.025000,0.286094,0.168702,-1.381290
12964,108.033000,0.277757,0.168854,-1.381532
12965,108.042000,0.269498,0.168858,-1.381724
12966,108.050000,0.261576,0.168946,-1.382129
12967,108.058000,0.254175,0.168953,-1.382696
12968,108.067000,0.246878,0.168975,-1.382886
12969,108.075000,0.239837,0.168848,-1.383088
12970,108.083000,0.232796,0.168821,-1.383204
12971,108.092000,0.225448,0.168946,-1.382456
12972,108.100000,0.217890,0.169188,-1.381788
12973,108.108000,0.210025,0.169303,-1.381183
12974,108.117000,0.201890,0.169267,-1.380176
12975,108.125000,0.193862,0.169163,-1.379325
12976,108.133000,0.185481,0.169364,-1.378800
12977,108.142000,0.176572,0.169632,-1.378549
12978,108.150000,0.167773,0.169914,-1.378576
12979,108.158000,0.159367,0.170044,-1.378925
12980,108.167000,0.151140,0.169924,-1.379524
12981,108.175000,0.143071,0.169949,-1.379834
12982,108.183000,0.135379,0.170233,-1.380333
12983,108.192000,0.127800,0.170328,-1.380920
12984,108.200000,0.120415,0.170298,-1.381076
12985,108.208000,0.113261,0.170275,-1.380927
12986,108.217000,0.105970,0.170423,-1.380533
12987,108.225000,0.098377,0.170449,-1.380022
12988,108.233000,0.090421,0.170419,-1.379198
12989,108.242000,0.082216,0.170352,-1.377633
12990,108.250000,0.074338,0.170538,-1.376851
12991,108.258000,0.066116,0.170615,-1.376194
12992,108.267000,0.057351,0.170833,-1.375377
12993,108.275000,0.048763,0.171008,-1.375136
12994,108.283000,0.040419,0.171223,-1.374972
12995,108.292000,0.032140,0.171270,-1.374605
12996,108.300000,0.023884,0.171323,-1.374802
12997,108.308000,0.016055,0.171366,-1.374967
12998,108.317000,0.008687,0.171577,-1.374616
12999,108.325000,0.001420,0.171774,-1.374165
13000,108.333000,-0.006002,0.171843,-1.373556
13001,108.342000,-0.013049,0.171889,-1.372183
13002,108.350000,-0.020044,0.172027,-1.370456
13003,108.358000,-0.027591,0.172154,-1.368610
13004,108.367000,-0.035705,0.172173,-1.366548
13005,108.375000,-0.043682,0.172177,-1.364849
13006,108.383000,-0.051314,0.172071,-1.363189
13007,108.392000,-0.059449,0.172057,-1.361327
13008,108.400000,-0.067846,0.172323,-1.359216
13009,108.408000,-0.075896,0.172798,-1.357384
13010,108.417000,-0.084140,0.172518,-1.356754
13011,108.425000,-0.092018,0.172570,-1.355298
13012,108.433000,-0.099657,0.172699,-1.354101
13013,108.442000,-0.107093,0.173044,-1.352666
13014,108.450000,-0.114043,0.173478,-1.350790
13015,108.458000,-0.120421,0.173168,-1.349859
13016,108.467000,-0.127280,0.173148,-1.347992
13017,108.475000,-0.134159,0.172960,-1.345817
13018,108.483000,-0.141144,0.172990,-1.343264
13019,108.492000,-0.148610,0.173216,-1.340809
13020,108.500000,-0.156648,0.173492,-1.338305
13021,108.508000,-0.164750,0.173349,-1.335661
13022,108.517000,-0.173013,0.173216,-1.333802
13023,108.525000,-0.181420,0.173428,-1.331937
13024,108.533000,-0.189869,0.173647,-1.330408
13025,108.542000,-0.198187,0.173547,-1.329133
13026,108.550000,-0.206614,0.173408,-1.328113
13027,108.558000,-0.214318,0.173431,-1.326929
13028,108.567000,-0.221447,0.173832,-1.325798
13029,108.575000,-0.228896,0.173978,-1.324818
13030,108.583000,-0.236437,0.173668,-1.323144
13031,108.592000,-0.243275,0.173458,-1.321398
13032,108.600000,-0.249795,0.173549,-1.319693
13033,108.608000,-0.257129,0.173767,-1.317427
13034,108.617000,-0.265007,0.174013,-1.315059
13035,108.625000,-0.273196,0.174325,-1.313071
13036,108.633000,-0.281334,0.174303,-1.310731
13037,108.642000,-0.289469,0.174138,-1.308665
13038,108.650000,-0.297757,0.174292,-1.306834
13039,108.658000,-0.306397,0.174617,-1.305446
13040,108.667000,-0.314997,0.174581,-1.304237
13041,108.675000,-0.323278,0.174680,-1.303106
13042,108.683000,-0.331334,0.174848,-1.302176
13043,108.692000,-0.338906,0.174887,-1.301359
13044,108.700000,-0.346370,0.174845,-1.300480
13045,108.708000,-0.353703,0.174593,-1.299604
13046,108.717000,-0.360790,0.174630,-1.297671
13047,108.725000,-0.367799,0.174761,-1.295614
13048,108.733000,-0.375316,0.174866,-1.293666
13049,108.742000,-0.382861,0.174754,-1.290901
13050,108.750000,-0.391182,0.174605,-1.288714
13051,108.758000,-0.399661,0.174457,-1.286682
13052,108.767000,-0.408363,0.174468,-1.284660
13053,108.775000,-0.416892,0.174804,-1.282872
13054,108.783000,-0.425408,0.175087,-1.281387
13055,108.792000,-0.433850,0.175033,-1.280274
13056,108.800000,-0.442181,0.174994,-1.279291
13057,108.808000,-0.449829,0.175124,-1.278128
13058,108.817000,-0.457473,0.175148,-1.276994
13059,108.825000,-0.464760,0.175140,-1.275595
13060,108.833000,-0.471567,0.175298,-1.273944
13061,108.842000,-0.478522,0.175289,-1.271750
13062,108.850000,-0.485601,0.175291,-1.269554
13063,108.858000,-0.492761,0.175204,-1.266845
13064,108.867000,-0.500362,0.175067,-1.263839
13065,108.875000,-0.508404,0.174979,-1.260837
13066,108.883000,-0.516438,0.174848,-1.257766
13067,108.892000,-0.524367,0.175008,-1.254634
13068,108.900000,-0.532633,0.175180,-1.251856
13069,108.908000,-0.541086,0.175181,-1.249246
13070,108.917000,-0.549502,0.174929,-1.246654
13071,108.925000,-0.557000,0.174981,-1.244007
13072,108.933000,-0.564119,0.175342,-1.241633
13073,108.942000,-0.571096,0.175587,-1.239316
13074,108.950000,-0.578096,0.175547,-1.236506
13075,108.958000,-0.584826,0.175418,-1.233593
13076,108.967000,-0.590990,0.175430,-1.230239
13077,108.975000,-0.597081,0.175435,-1.226316
13078,108.983000,-0.603632,0.175376,-1.221994
13079,108.992000,-0.610387,0.175407,-1.217508
13080,109.000000,-0.617335,0.175573,-1.213194
13081,109.008000,-0.624407,0.175447,-1.208671
13082,109.017000,-0.632060,0.175087,-1.204675
13083,109.025000,-0.639431,0.175064,-1.200501
13084,109.033000,-0.646492,0.175435,-1.196234
13085,109.042000,-0.653992,0.175680,-1.192296
13086,109.050000,-0.661326,0.175708,-1.188199
13087,109.058000,-0.667793,0.175597,-1.184296
13088,109.067000,-0.673971,0.175572,-1.180827
13089,109.075000,-0.679785,0.175665,-1.177258
13090,109.083000,-0.685543,0.175858,-1.172734
13091,109.092000,-0.691288,0.176194,-1.167850
13092,109.100000,-0.696759,0.175979,-1.163360
13093,109.108000,-0.701978,0.175566,-1.158218
13094,109.117000,-0.707434,0.175103,-1.152775
13095,109.125000,-0.713606,0.175173,-1.147402
13096,109.133000,-0.719808,0.175588,-1.141559
13097,109.142000,-0.726255,0.175815,-1.135672
13098,109.150000,-0.732956,0.175825,-1.130385
13099,109.158000,-0.739442,0.175559,-1.125593
13100,109.167000,-0.745310,0.175461,-1.120488
13101,109.175000,-0.751585,0.175553,-1.115389
13102,109.183000,-0.758023,0.175864,-1.110666
13103,109.192000,-0.763375,0.176065,-1.105603
13104,109.200000,-0.768324,0.176026,-1.101083
13105,109.208000,-0.772999,0.175773,-1.096303
13106,109.217000,-0.777776,0.175489,-1.090713
13107,109.225000,-0.782938,0.175656,-1.084656
13108,109.233000,-0.787635,0.175853,-1.078562
13109,109.242000,-0.792202,0.175864,-1.072240
13110,109.250000,-0.796911,0.175629,-1.065611
13111,109.258000,-0.802179,0.175682,-1.059326
13112,109.267000,-0.807568,0.175674,-1.052513
13113,109.275000,-0.813116,0.175896,-1.045903
13114,109.283000,-0.818859,0.176055,-1.039576
13115,109.292000,-0.824620,0.175983,-1.033590
13116,109.300000,-0.829465,0.176023,-1.028108
13117,109.308000,-0.834393,0.176189,-1.022525
13118,109.317000,-0.839240,0.176504,-1.016896
13119,109.325000,-0.843971,0.176347,-1.011162
13120,109.333000,-0.848210,0.176035,-1.005459
13121,109.342000,-0.851622,0.176122,-0.999636
13122,109.350000,-0.854858,0.176072,-0.993233
13123,109.358000,-0.858575,0.176093,-0.986457
13124,109.367000,-0.862490,0.175850,-0.979404
13125,109.375000,-0.866444,0.175678,-0.972314
13126,109.383000,-0.870020,0.175664,-0.964882
13127,109.392000,-0.873947,0.175685,-0.957569
13128,109.400000,-0.878609,0.175574,-0.950370
13129,109.408000,-0.883489,0.175340,-0.943062
13130,109.417000,-0.887855,0.175332,-0.936424
13131,109.425000,-0.892079,0.175553,-0.930079
13132,109.433000,-0.896276,0.175707,-0.923737
13133,109.442000,-0.901002,0.175494,-0.917312
13134,109.450000,-0.905311,0.175408,-0.911198
13135,109.458000,-0.908284,0.175739,-0.905065
13136,109.467000,-0.911319,0.175754,-0.898834
13137,109.475000,-0.914799,0.175410,-0.892166
13138,109.483000,-0.917831,0.175300,-0.884733
13139,109.492000,-0.920964,0.175519,-0.877550
13140,109.500000,-0.924461,0.175660,-0.870243
13141,109.508000,-0.928064,0.175657,-0.862385
13142,109.517000,-0.931836,0.175432,-0.854606
13143,109.525000,-0.936164,0.175326,-0.847220
13144,109.533000,-0.940592,0.175368,-0.839769
13145,109.542000,-0.945179,0.175340,-0.832588
13146,109.550000,-0.949784,0.175273,-0.826045
13147,109.558000,-0.954326,0.175293,-0.819856
13148,109.567000,-0.958362,0.175162,-0.813745
13149,109.575000,-0.961867,0.174882,-0.807105
13150,109.583000,-0.965553,0.175083,-0.800597
13151,109.592000,-0.969036,0.175166,-0.794085
13152,109.600000,-0.972313,0.175224,-0.787414
13153,109.608000,-0.975491,0.174764,-0.780249
13154,109.617000,-0.978418,0.174767,-0.772854
13155,109.625000,-0.981444,0.174798,-0.765412
13156,109.633000,-0.985222,0.174914,-0.757697
13157,109.642000,-0.989108,0.174823,-0.749889
13158,109.650000,-0.993124,0.174797,-0.742250
13159,109.658000,-0.997402,0.174936,-0.734957
13160,109.667000,-1.001697,0.175060,-0.727630
13161,109.675000,-1.006757,0.174907,-0.720931
13162,109.683000,-1.011600,0.174999,-0.714380
13163,109.692000,-1.015933,0.175148,-0.707795
13164,109.700000,-1.020126,0.174890,-0.701661
13165,109.708000,-1.024237,0.174739,-0.695563
13166,109.717000,-1.027712,0.174785,-0.688900
13167,109.725000,-1.031031,0.174950,-0.682289
13168,109.733000,-1.034454,0.175016,-0.675083
13169,109.742000,-1.037634,0.174800,-0.667859
13170,109.750000,-1.041221,0.174589,-0.660335
13171,109.758000,-1.044645,0.174622,-0.652613
13172,109.767000,-1.048322,0.174894,-0.645005
13173,109.775000,-1.052540,0.175181,-0.637364
13174,109.783000,-1.057135,0.175067,-0.629512
13175,109.792000,-1.061484,0.174796,-0.622057
13176,109.800000,-1.065833,0.174772,-0.615094
13177,109.808000,-1.070598,0.174856,-0.608303
13178,109.817000,-1.075107,0.174790,-0.601462
13179,109.825000,-1.079619,0.174715,-0.594948
13180,109.833000,-1.083203,0.174919,-0.588646
13181,109.842000,-1.086154,0.175146,-0.582264
13182,109.850000,-1.089883,0.175042,-0.575584
13183,109.858000,-1.093095,0.174876,-0.568400
13184,109.867000,-1.095920,0.174904,-0.561040
13185,109.875000,-1.099161,0.175009,-0.553939
13186,109.883000,-1.102837,0.174984,-0.546126
13187,109.892000,-1.106697,0.174885,-0.538050
13188,109.900000,-1.110900,0.174839,-0.530331
13189,109.908000,-1.115231,0.174832,-0.522695
13190,109.917000,-1.119719,0.174892,-0.514974
13191,109.925000,-1.124492,0.174916,-0.507525
13192,109.933000,-1.129311,0.175108,-0.500463
13193,109.942000,-1.133691,0.175193,-0.493931
13194,109.950000,-1.137759,0.175042,-0.487489
13195,109.958000,-1.141847,0.174896,-0.481235
13196,109.967000,-1.145456,0.174942,-0.474636
13197,109.975000,-1.148731,0.174996,-0.467852
13198,109.983000,-1.152249,0.175252,-0.461018
13199,109.992000,-1.155397,0.175205,-0.453870
13200,110.000000,-1.158266,0.175215,-0.446308
13201,110.008000,-1.161642,0.175094,-0.438861
13202,110.017000,-1.165314,0.175188,-0.431036
13203,110.025000,-1.169356,0.175242,-0.422922
13204,110.033000,-1.173473,0.175017,-0.414948
13205,110.042000,-1.177587,0.174758,-0.407195
13206,110.050000,-1.181671,0.174860,-0.400275
13207,110.058000,-1.185578,0.175086,-0.393356
13208,110.067000,-1.189745,0.175018,-0.386182
13209,110.075000,-1.193666,0.174843,-0.379333
13210,110.083000,-1.196938,0.174767,-0.372965
13211,110.092000,-1.199429,0.174777,-0.366585
13212,110.100000,-1.202083,0.174816,-0.359717
13213,110.108000,-1.204721,0.174804,-0.352203
13214,110.117000,-1.206487,0.175018,-0.344718
13215,110.125000,-1.208649,0.174841,-0.336870
13216,110.133000,-1.211203,0.174626,-0.328876
13217,110.142000,-1.213603,0.174699,-0.320860
13218,110.150000,-1.216065,0.175018,-0.312655
13219,110.158000,-1.218884,0.175130,-0.304428
13220,110.167000,-1.222045,0.175080,-0.296234
13221,110.175000,-1.224994,0.174844,-0.288287
13222,110.183000,-1.227657,0.174839,-0.280855
13223,110.192000,-1.229933,0.174667,-0.273646
13224,110.200000,-1.232118,0.174702,-0.266671
13225,110.208000,-1.233997,0.174601,-0.259584
13226,110.217000,-1.235417,0.174578,-0.252333
13227,110.225000,-1.236538,0.174578,-0.245465
13228,110.233000,-1.237316,0.174496,-0.238236
13229,110.242000,-1.238015,0.174271,-0.230588
13230,110.250000,-1.238845,0.174160,-0.222595
13231,110.258000,-1.239213,0.174260,-0.213872
13232,110.267000,-1.239866,0.174568,-0.205193
13233,110.275000,-1.241216,0.174631,-0.196943
13234,110.283000,-1.242492,0.174300,-0.188581
13235,110.292000,-1.243470,0.173886,-0.180387
13236,110.300000,-1.244979,0.173836,-0.172450
13237,110.308000,-1.246099,0.174023,-0.164663
13238,110.317000,-1.246982,0.174088,-0.157037
13239,110.325000,-1.248103,0.173887,-0.149813
13240,110.333000,-1.248769,0.173627,-0.142836
13241,110.342000,-1.248558,0.173512,-0.135874
13242,110.350000,-1.248250,0.173543,-0.128724
13243,110.358000,-1.247898,0.173482,-0.121077
13244,110.367000,-1.246904,0.173567,-0.113399
13245,110.375000,-1.246009,0.173529,-0.105311
13246,110.383000,-1.245427,0.173194,-0.096909
13247,110.392000,-1.244665,0.172957,-0.088284
13248,110.400000,-1.244537,0.173272,-0.080024
13249,110.408000,-1.243906,0.174043,-0.072684
13250,110.417000,-1.243092,0.174351,-0.064447
13251,110.425000,-1.243441,0.174258,-0.056381
13252,110.433000,-1.244261,0.173456,-0.048014
13253,110.442000,-1.244257,0.173029,-0.040112
13254,110.450000,-1.243810,0.173351,-0.033531
13255,110.458000,-1.242815,0.173809,-0.026774
13256,110.467000,-1.241579,0.173930,-0.019822
13257,110.475000,-1.240377,0.173576,-0.012506
13258,110.483000,-1.239313,0.173185,-0.005231
13259,110.492000,-1.237004,0.173372,0.001648
13260,110.500000,-1.234557,0.173780,0.009045
13261,110.508000,-1.232599,0.173782,0.017253
13262,110.517000,-1.230797,0.173545,0.025541
13263,110.525000,-1.228716,0.173268,0.033578
13264,110.533000,-1.226979,0.173407,0.041239
13265,110.542000,-1.225277,0.173490,0.049186
13266,110.550000,-1.223872,0.173348,0.057423
13267,110.558000,-1.222102,0.173341,0.065370
13268,110.567000,-1.220947,0.173624,0.072841
13269,110.575000,-1.219280,0.173849,0.079577
13270,110.583000,-1.217446,0.173791,0.086410
13271,110.592000,-1.215329,0.173661,0.093078
13272,110.600000,-1.212783,0.173622,0.099649
13273,110.608000,-1.209432,0.173586,0.106014
13274,110.617000,-1.206047,0.173689,0.112693
13275,110.625000,-1.202787,0.173733,0.119958
13276,110.633000,-1.199181,0.173678,0.127281
13277,110.642000,-1.195534,0.173676,0.134775
13278,110.650000,-1.192158,0.173840,0.142300
13279,110.658000,-1.188943,0.173692,0.150323
13280,110.667000,-1.185841,0.173705,0.158195
13281,110.675000,-1.182994,0.173718,0.165850
13282,110.683000,-1.180237,0.173707,0.172972
13283,110.692000,-1.177252,0.173660,0.179932
13284,110.700000,-1.174533,0.173549,0.186613
13285,110.708000,-1.171622,0.173364,0.193248
13286,110.717000,-1.168042,0.173395,0.199332
13287,110.725000,-1.164230,0.173713,0.205029
13288,110.733000,-1.160125,0.173918,0.211087
13289,110.742000,-1.155738,0.173638,0.217514
13290,110.750000,-1.150985,0.173401,0.223969
13291,110.758000,-1.146222,0.173371,0.230431
13292,110.767000,-1.141381,0.173473,0.237378
13293,110.775000,-1.136415,0.173434,0.244566
13294,110.783000,-1.131551,0.173449,0.251643
13295,110.792000,-1.127195,0.173228,0.258780
13296,110.800000,-1.123338,0.173241,0.265823
13297,110.808000,-1.118852,0.173120,0.272567
13298,110.817000,-1.114846,0.173242,0.279092
13299,110.825000,-1.111279,0.173294,0.285199
13300,110.833000,-1.106952,0.173248,0.290817
13301,110.842000,-1.102735,0.172858,0.296373
13302,110.850000,-1.098285,0.172863,0.301817
13303,110.858000,-1.092849,0.172899,0.307221
13304,110.867000,-1.087337,0.172910,0.312670
13305,110.875000,-1.081784,0.172815,0.318349
13306,110.883000,-1.075987,0.172843,0.323953
13307,110.892000,-1.070016,0.172885,0.329765
13308,110.900000,-1.064245,0.172771,0.335658
13309,110.908000,-1.058377,0.172685,0.341672
13310,110.917000,-1.052939,0.172493,0.348110
13311,110.925000,-1.047724,0.172390,0.354667
13312,110.933000,-1.042452,0.172237,0.360442
13313,110.942000,-1.037601,0.172077,0.365928
13314,110.950000,-1.033079,0.172098,0.371130
13315,110.958000,-1.027842,0.171972,0.375853
13316,110.967000,-1.022643,0.171914,0.380815
13317,110.975000,-1.017308,0.171912,0.385442
13318,110.983000,-1.011310,0.171759,0.389602
13319,110.992000,-1.005211,0.171623,0.393555
13320,111.000000,-0.998844,0.171266,0.397778
13321,111.008000,-0.991970,0.171261,0.402184
13322,111.017000,-0.984944,0.171139,0.407042
13323,111.025000,-0.978500,0.171170,0.412216
13324,111.033000,-0.971381,0.171262,0.416716
13325,111.042000,-0.964624,0.171197,0.421192
13326,111.050000,-0.958322,0.171076,0.426549
13327,111.058000,-0.951892,0.170936,0.431485
13328,111.067000,-0.945537,0.170674,0.436582
13329,111.075000,-0.939164,0.170162,0.441467
13330,111.083000,-0.933849,0.170409,0.445169
13331,111.092000,-0.928167,0.170786,0.448055
13332,111.100000,-0.921402,0.170659,0.451402
13333,111.108000,-0.914694,0.170527,0.454935
13334,111.117000,-0.907671,0.170364,0.458346
13335,111.125000,-0.900360,0.170223,0.461205
13336,111.133000,-0.892976,0.169828,0.464775
13337,111.142000,-0.885355,0.169655,0.468276
13338,111.150000,-0.878201,0.169870,0.471646
13339,111.158000,-0.870087,0.169973,0.475406
13340,111.167000,-0.862241,0.169688,0.479492
13341,111.175000,-0.855113,0.169966,0.482557
13342,111.183000,-0.848214,0.169825,0.485965
13343,111.192000,-0.841781,0.169852,0.489492
13344,111.200000,-0.835069,0.169809,0.492837
13345,111.208000,-0.828719,0.170002,0.495678
13346,111.217000,-0.822294,0.170126,0.497958
13347,111.225000,-0.815875,0.169848,0.499988
13348,111.233000,-0.809198,0.169467,0.501691
13349,111.242000,-0.801919,0.169506,0.503647
13350,111.250000,-0.794148,0.169688,0.505462
13351,111.258000,-0.786043,0.169887,0.506951
13352,111.267000,-0.778088,0.169875,0.509104
13353,111.275000,-0.770125,0.169663,0.511493
13354,111.283000,-0.762114,0.169592,0.513660
13355,111.292000,-0.754044,0.169516,0.516097
13356,111.300000,-0.746030,0.169710,0.518489
13357,111.308000,-0.738941,0.169676,0.521147
13358,111.317000,-0.733372,0.169328,0.522966
13359,111.325000,-0.728820,0.169388,0.521799
13360,111.333000,-0.725619,0.169174,0.521185
13361,111.342000,-0.725454,0.169367,0.520241
13362,111.350000,-0.726473,0.169985,0.516670
13363,111.358000,-0.726101,0.169741,0.513142
13364,111.367000,-0.725710,0.169509,0.509783
13365,111.375000,-0.725043,0.169643,0.506598
13366,111.383000,-0.723561,0.169922,0.504200
13367,111.392000,-0.721113,0.170081,0.502325
13368,111.400000,-0.718705,0.170004,0.501147
13369,111.408000,-0.716388,0.169721,0.500030
13370,111.417000,-0.714554,0.169598,0.499055
13371,111.425000,-0.712505,0.169764,0.499074
13372,111.433000,-0.710521,0.170053,0.499969
13373,111.442000,-0.708437,0.170075,0.501175
13374,111.450000,-0.706249,0.169770,0.501933
13375,111.458000,-0.705091,0.169648,0.502090
13376,111.467000,-0.704072,0.169709,0.502279
13377,111.475000,-0.702439,0.169580,0.502754
13378,111.483000,-0.700006,0.169424,0.503106
13379,111.492000,-0.697485,0.169597,0.502754
13380,111.500000,-0.695186,0.169669,0.501582
13381,111.508000,-0.692992,0.169525,0.500025
13382,111.517000,-0.690774,0.169274,0.498950
13383,111.525000,-0.688153,0.169471,0.498996
13384,111.533000,-0.685146,0.169633,0.499415
13385,111.542000,-0.682154,0.169683,0.500048
13386,111.550000,-0.680013,0.169681,0.500683
13387,111.558000,-0.678728,0.169588,0.500849
13388,111.567000,-0.677680,0.169489,0.501450
13389,111.575000,-0.676670,0.169571,0.502046
13390,111.583000,-0.676091,0.169659,0.502089
13391,111.592000,-0.675982,0.169721,0.501675
13392,111.600000,-0.676275,0.169581,0.500897
13393,111.608000,-0.676639,0.169296,0.499855
13394,111.617000,-0.676742,0.169337,0.498874
13395,111.625000,-0.676574,0.169562,0.498083
13396,111.633000,-0.676266,0.169557,0.497499
13397,111.642000,-0.675771,0.169418,0.497253
13398,111.650000,-0.675237,0.169370,0.497207
13399,111.658000,-0.674515,0.169457,0.497363
13400,111.667000,-0.673826,0.169508,0.497674
13401,111.675000,-0.673382,0.169501,0.498271
13402,111.683000,-0.673373,0.169515,0.498922
13403,111.692000,-0.673632,0.169492,0.499602
13404,111.700000,-0.674058,0.169479,0.500254
13405,111.708000,-0.674731,0.169522,0.500662
13406,111.717000,-0.675233,0.169529,0.500459
13407,111.725000,-0.675923,0.169453,0.499954
13408,111.733000,-0.676455,0.169340,0.499158
13409,111.742000,-0.676467,0.169446,0.498110
13410,111.750000,-0.676090,0.169561,0.497171
13411,111.758000,-0.675547,0.169487,0.496468
13412,111.767000,-0.674658,0.169413,0.495872
13413,111.775000,-0.673820,0.169445,0.495595
13414,111.783000,-0.672946,0.169527,0.495640
13415,111.792000,-0.672171,0.169554,0.495865
13416,111.800000,-0.671696,0.169616,0.496243
13417,111.808000,-0.671619,0.169602,0.496766
13418,111.817000,-0.671806,0.169498,0.497328
13419,111.825000,-0.672234,0.169469,0.497876
13420,111.833000,-0.672881,0.169502,0.498194
13421,111.842000,-0.673494,0.169496,0.498065
13422,111.850000,-0.674137,0.169438,0.497755
13423,111.858000,-0.674711,0.169383,0.497216
13424,111.867000,-0.674996,0.169416,0.496475
13425,111.875000,-0.674789,0.169473,0.495772
13426,111.883000,-0.674428,0.169463,0.495159
13427,111.892000,-0.673790,0.169446,0.494701
13428,111.900000,-0.673153,0.169453,0.494649
13429,111.908000,-0.672415,0.169497,0.494817
13430,111.917000,-0.671756,0.169522,0.495208
13431,111.925000,-0.671308,0.169600,0.495735
13432,111.933000,-0.671299,0.169591,0.496391
13433,111.942000,-0.671555,0.169495,0.497105
13434,111.950000,-0.671975,0.169461,0.497625
13435,111.958000,-0.672640,0.169488,0.498042
13436,111.967000,-0.673353,0.169463,0.498034
13437,111.975000,-0.674057,0.169409,0.497729
13438,111.983000,-0.674681,0.169350,0.497225
13439,111.992000,-0.674981,0.169394,0.496534
13440,112.000000,-0.674809,0.169472,0.495803
13441,112.008000,-0.674441,0.169473,0.495193
13442,112.017000,-0.673809,0.169444,0.494729
13443,112.025000,-0.673174,0.169443,0.494631
13444,112.033000,-0.672441,0.169495,0.494773
13445,112.042000,-0.671769,0.169510,0.495162
13446,112.050000,-0.671311,0.169582,0.495689
13447,112.058000,-0.671258,0.169584,0.496331
13448,112.067000,-0.671508,0.169500,0.497028
13449,112.075000,-0.671938,0.169460,0.497599
13450,112.083000,-0.672606,0.169453,0.498021
13451,112.092000,-0.673309,0.169460,0.498045
13452,112.100000,-0.673993,0.169426,0.497748
13453,112.108000,-0.674639,0.169347,0.497273
13454,112.117000,-0.674987,0.169394,0.496558
13455,112.125000,-0.674823,0.169482,0.495829
13456,112.133000,-0.674447,0.169474,0.495225
13457,112.142000,-0.673853,0.169443,0.494744
13458,112.150000,-0.673211,0.169442,0.494633
13459,112.158000,-0.672490,0.169472,0.494773
13460,112.167000,-0.671799,0.169518,0.495140
13461,112.175000,-0.671330,0.169568,0.495646
13462,112.183000,-0.671238,0.169583,0.496280
13463,112.192000,-0.671499,0.169508,0.496982
13464,112.200000,-0.671877,0.169452,0.497567
13465,112.208000,-0.672525,0.169467,0.497996
13466,112.217000,-0.673265,0.169457,0.498064
13467,112.225000,-0.673954,0.169435,0.497776
13468,112.233000,-0.674586,0.169366,0.497300
13469,112.242000,-0.674963,0.169395,0.496602
13470,112.250000,-0.674844,0.169459,0.495879
13471,112.258000,-0.674483,0.169455,0.495256
13472,112.267000,-0.673860,0.169424,0.494720
13473,112.275000,-0.673233,0.169414,0.494635
13474,112.283000,-0.672525,0.169474,0.494765
13475,112.292000,-0.671829,0.169512,0.495103
13476,112.300000,-0.671336,0.169556,0.495641
13477,112.308000,-0.671223,0.169581,0.496266
13478,112.317000,-0.671487,0.169497,0.496934
13479,112.325000,-0.671865,0.169438,0.497540
13480,112.333000,-0.672502,0.169453,0.497988
13481,112.342000,-0.673230,0.169434,0.498079
13482,112.350000,-0.673911,0.169438,0.497806
13483,112.358000,-0.674571,0.169355,0.497334
13484,112.367000,-0.674957,0.169384,0.496637
13485,112.375000,-0.674862,0.169459,0.495895
13486,112.383000,-0.674498,0.169470,0.495255
13487,112.392000,-0.673902,0.169432,0.494751
13488,112.400000,-0.673263,0.169411,0.494642
13489,112.408000,-0.672568,0.169461,0.494755
13490,112.417000,-0.671876,0.169494,0.495089
13491,112.425000,-0.671354,0.169576,0.495567
13492,112.433000,-0.671239,0.169584,0.496201
13493,112.442000,-0.671473,0.169513,0.496914
13494,112.450000,-0.671835,0.169438,0.497513
13495,112.458000,-0.672443,0.169459,0.497958
13496,112.467000,-0.673220,0.169449,0.498080
13497,112.475000,-0.673894,0.169420,0.497794
13498,112.483000,-0.674549,0.169346,0.497342
13499,112.492000,-0.674959,0.169371,0.496667
13500,112.500000,-0.674867,0.169452,0.495922
13501,112.508000,-0.674513,0.169461,0.495313
13502,112.517000,-0.673941,0.169432,0.494771
13503,112.525000,-0.673279,0.169414,0.494621
13504,112.533000,-0.672584,0.169455,0.494730
13505,112.542000,-0.671880,0.169497,0.495046
13506,112.550000,-0.671387,0.169566,0.495567
13507,112.558000,-0.671237,0.169584,0.496164
13508,112.567000,-0.671453,0.169508,0.496888
13509,112.575000,-0.671810,0.169439,0.497477
13510,112.583000,-0.672435,0.169447,0.497950
13511,112.592000,-0.673187,0.169432,0.498093
13512,112.600000,-0.673833,0.169430,0.497817
13513,112.608000,-0.674511,0.169356,0.497387
13514,112.617000,-0.674942,0.169374,0.496709
13515,112.625000,-0.674893,0.169455,0.495977
13516,112.633000,-0.674550,0.169471,0.495348
13517,112.642000,-0.673956,0.169446,0.494790
13518,112.650000,-0.673323,0.169422,0.494620
13519,112.658000,-0.672629,0.169452,0.494728
13520,112.667000,-0.671915,0.169492,0.495024
13521,112.675000,-0.671413,0.169548,0.495544
13522,112.683000,-0.671226,0.169588,0.496136
13523,112.692000,-0.671439,0.169506,0.496830
13524,112.700000,-0.671785,0.169447,0.497456
13525,112.708000,-0.672367,0.169457,0.497918
13526,112.717000,-0.673126,0.169454,0.498089
13527,112.725000,-0.673779,0.169427,0.497829
13528,112.733000,-0.674464,0.169345,0.497422
13529,112.742000,-0.674898,0.169382,0.496758
13530,112.750000,-0.674904,0.169442,0.496034
13531,112.758000,-0.674570,0.169477,0.495366
13532,112.767000,-0.674027,0.169442,0.494813
13533,112.775000,-0.673369,0.169410,0.494624
13534,112.783000,-0.672691,0.169450,0.494699
13535,112.792000,-0.671974,0.169491,0.494981
13536,112.800000,-0.671424,0.169562,0.495504
13537,112.808000,-0.671191,0.169605,0.496083
13538,112.817000,-0.671395,0.169541,0.496790
13539,112.825000,-0.671732,0.169445,0.497405
13540,112.833000,-0.672327,0.169448,0.497887
13541,112.842000,-0.673082,0.169438,0.498110
13542,112.850000,-0.673708,0.169443,0.497853
13543,112.858000,-0.674403,0.169380,0.497452
13544,112.867000,-0.674881,0.169373,0.496796
13545,112.875000,-0.674938,0.169427,0.496066
13546,112.883000,-0.674602,0.169469,0.495423
13547,112.892000,-0.674092,0.169431,0.494847
13548,112.900000,-0.673413,0.169421,0.494598
13549,112.908000,-0.672747,0.169436,0.494690
13550,112.917000,-0.672024,0.169499,0.494949
13551,112.925000,-0.671446,0.169574,0.495437
13552,112.933000,-0.671196,0.169608,0.496010
13553,112.942000,-0.671368,0.169544,0.496700
13554,112.950000,-0.671713,0.169443,0.497383
13555,112.958000,-0.672294,0.169454,0.497912
13556,112.967000,-0.672999,0.169437,0.498116
13557,112.975000,-0.673660,0.169435,0.497884
13558,112.983000,-0.674363,0.169366,0.497519
13559,112.992000,-0.674866,0.169361,0.496880
13560,113.000000,-0.674930,0.169421,0.496142
13561,113.008000,-0.674613,0.169471,0.495470
13562,113.017000,-0.674124,0.169426,0.494868
13563,113.025000,-0.673471,0.169393,0.494623
13564,113.033000,-0.672803,0.169421,0.494697
13565,113.042000,-0.672088,0.169481,0.494944
13566,113.050000,-0.671500,0.169541,0.495419
13567,113.058000,-0.671188,0.169570,0.496012
13568,113.067000,-0.671358,0.169531,0.496694
13569,113.075000,-0.671676,0.169440,0.497349
13570,113.083000,-0.672214,0.169452,0.497830
13571,113.092000,-0.672952,0.169446,0.498105
13572,113.100000,-0.673622,0.169443,0.497903
13573,113.108000,-0.674351,0.169376,0.497523
13574,113.117000,-0.674847,0.169369,0.496920
13575,113.125000,-0.674943,0.169423,0.496165
13576,113.133000,-0.674644,0.169479,0.495491
13577,113.142000,-0.674172,0.169431,0.494915
13578,113.150000,-0.673495,0.169430,0.494630
13579,113.158000,-0.672852,0.169436,0.494674
13580,113.167000,-0.672137,0.169486,0.494922
13581,113.175000,-0.671534,0.169532,0.495415
13582,113.183000,-0.671217,0.169591,0.495933
13583,113.192000,-0.671368,0.169541,0.496642
13584,113.200000,-0.671668,0.169437,0.497333
13585,113.208000,-0.672229,0.169440,0.497868
13586,113.217000,-0.672932,0.169444,0.498140
13587,113.225000,-0.673582,0.169445,0.497932
13588,113.233000,-0.674311,0.169368,0.497598
13589,113.242000,-0.674827,0.169337,0.496989
13590,113.250000,-0.674975,0.169401,0.496235
13591,113.258000,-0.674691,0.169448,0.495590
13592,113.267000,-0.674184,0.169444,0.494949
13593,113.275000,-0.673498,0.169419,0.494621
13594,113.283000,-0.672887,0.169427,0.494654
13595,113.292000,-0.672159,0.169483,0.494877
13596,113.300000,-0.671551,0.169529,0.495362
13597,113.308000,-0.671231,0.169602,0.495909
13598,113.317000,-0.671311,0.169565,0.496571
13599,113.325000,-0.671635,0.169447,0.497270
13600,113.333000,-0.672134,0.169442,0.497780
13601,113.342000,-0.672843,0.169446,0.498111
13602,113.350000,-0.673500,0.169490,0.497943
13603,113.358000,-0.674224,0.169405,0.497602
13604,113.367000,-0.674771,0.169350,0.497026
13605,113.375000,-0.674965,0.169410,0.496306
13606,113.383000,-0.674686,0.169465,0.495607
13607,113.392000,-0.674256,0.169434,0.494998
13608,113.400000,-0.673579,0.169405,0.494666
13609,113.408000,-0.672981,0.169426,0.494697
13610,113.417000,-0.672249,0.169481,0.494906
13611,113.425000,-0.671618,0.169532,0.495365
13612,113.433000,-0.671239,0.169591,0.495894
13613,113.442000,-0.671319,0.169562,0.496529
13614,113.450000,-0.671628,0.169427,0.497253
13615,113.458000,-0.672116,0.169425,0.497783
13616,113.467000,-0.672795,0.169446,0.498087
13617,113.475000,-0.673469,0.169466,0.497970
13618,113.483000,-0.674163,0.169401,0.497631
13619,113.492000,-0.674754,0.169347,0.497088
13620,113.500000,-0.674976,0.169393,0.496365
13621,113.508000,-0.674720,0.169468,0.495654
13622,113.517000,-0.674284,0.169440,0.495033
13623,113.525000,-0.673644,0.169410,0.494659
13624,113.533000,-0.673002,0.169451,0.494648
13625,113.542000,-0.672276,0.169478,0.494876
13626,113.550000,-0.671629,0.169527,0.495276
13627,113.558000,-0.671254,0.169585,0.495823
13628,113.567000,-0.671283,0.169578,0.496454
13629,113.575000,-0.671583,0.169458,0.497205
13630,113.583000,-0.672043,0.169423,0.497717
13631,113.592000,-0.672741,0.169442,0.498064
13632,113.600000,-0.673436,0.169437,0.497995
13633,113.608000,-0.674136,0.169390,0.497672
13634,113.617000,-0.674723,0.169354,0.497136
13635,113.625000,-0.674981,0.169382,0.496412
13636,113.633000,-0.674731,0.169467,0.495687
13637,113.642000,-0.674354,0.169439,0.495091
13638,113.650000,-0.673682,0.169412,0.494660
13639,113.658000,-0.673069,0.169396,0.494660
13640,113.667000,-0.672327,0.169453,0.494820
13641,113.675000,-0.671655,0.169512,0.495218
13642,113.683000,-0.671274,0.169575,0.495790
13643,113.692000,-0.671265,0.169569,0.496407
13644,113.700000,-0.671546,0.169460,0.497119
13645,113.708000,-0.671996,0.169434,0.497674
13646,113.717000,-0.672686,0.169420,0.498053
13647,113.725000,-0.673392,0.169429,0.498011
13648,113.733000,-0.674093,0.169396,0.497710
13649,113.742000,-0.674690,0.169339,0.497187
13650,113.750000,-0.674972,0.169387,0.496464
13651,113.758000,-0.674761,0.169452,0.495738
13652,113.767000,-0.674377,0.169456,0.495124
13653,113.775000,-0.673747,0.169403,0.494685
13654,113.783000,-0.673125,0.169409,0.494636
13655,113.792000,-0.672378,0.169459,0.494801
13656,113.800000,-0.671727,0.169496,0.495201
13657,113.808000,-0.671304,0.169576,0.495711
13658,113.817000,-0.671269,0.169564,0.496351
13659,113.825000,-0.671522,0.169466,0.497101
13660,113.833000,-0.671936,0.169419,0.497615
13661,113.842000,-0.672610,0.169450,0.498029
13662,113.850000,-0.673360,0.169433,0.498054
13663,113.858000,-0.674031,0.169398,0.497726
13664,113.867000,-0.674646,0.169342,0.497239
13665,113.875000,-0.674968,0.169381,0.496538
13666,113.883000,-0.674784,0.169450,0.495797
13667,113.892000,-0.674413,0.169460,0.495179
13668,113.900000,-0.673744,0.169433,0.494694
13669,113.908000,-0.673156,0.169419,0.494649
13670,113.917000,-0.672412,0.169488,0.494762
13671,113.925000,-0.671741,0.169505,0.495154
13672,113.933000,-0.671310,0.169557,0.495702
13673,113.942000,-0.671252,0.169553,0.496310
13674,113.950000,-0.671500,0.169483,0.497013
13675,113.958000,-0.671890,0.169424,0.497605
13676,113.967000,-0.672528,0.169452,0.497990
13677,113.975000,-0.673286,0.169448,0.498064
13678,113.983000,-0.673948,0.169393,0.497753
13679,113.992000,-0.674593,0.169343,0.497277
13680,114.000000,-0.674945,0.169354,0.496599
13681,114.008000,-0.674814,0.169446,0.495843
13682,114.017000,-0.674464,0.169446,0.495267
13683,114.025000,-0.673849,0.169388,0.494758
13684,114.033000,-0.673217,0.169414,0.494635
13685,114.042000,-0.672481,0.169457,0.494761
13686,114.050000,-0.671800,0.169512,0.495117
13687,114.058000,-0.671338,0.169575,0.495622
13688,114.067000,-0.671219,0.169562,0.496245
13689,114.075000,-0.671490,0.169490,0.496952
13690,114.083000,-0.671868,0.169433,0.497538
13691,114.092000,-0.672494,0.169445,0.497979
13692,114.100000,-0.673236,0.169435,0.498068
13693,114.108000,-0.673898,0.169422,0.497773
13694,114.117000,-0.674559,0.169353,0.497320
13695,114.125000,-0.674953,0.169356,0.496645
13696,114.133000,-0.674854,0.169448,0.495896
13697,114.142000,-0.674512,0.169460,0.495271
13698,114.150000,-0.673922,0.169416,0.494748
13699,114.158000,-0.673263,0.169411,0.494604
13700,114.167000,-0.672550,0.169449,0.494742
13701,114.175000,-0.671853,0.169489,0.495058
13702,114.183000,-0.671358,0.169563,0.495567
13703,114.192000,-0.671211,0.169588,0.496178
13704,114.200000,-0.671433,0.169521,0.496881
13705,114.208000,-0.671813,0.169411,0.497503
13706,114.217000,-0.672443,0.169415,0.497973
13707,114.225000,-0.673189,0.169416,0.498110
13708,114.233000,-0.673853,0.169413,0.497800
13709,114.242000,-0.674512,0.169360,0.497341
13710,114.250000,-0.674916,0.169355,0.496693
13711,114.258000,-0.674857,0.169438,0.495941
13712,114.267000,-0.674527,0.169449,0.495325
13713,114.275000,-0.673975,0.169410,0.494799
13714,114.283000,-0.673337,0.169380,0.494637
13715,114.292000,-0.672624,0.169427,0.494725
13716,114.300000,-0.671895,0.169498,0.495044
13717,114.308000,-0.671382,0.169535,0.495544
13718,114.317000,-0.671192,0.169587,0.496135
13719,114.325000,-0.671424,0.169505,0.496831
13720,114.333000,-0.671800,0.169408,0.497485
13721,114.342000,-0.672386,0.169446,0.497959
13722,114.350000,-0.673131,0.169417,0.498091
13723,114.358000,-0.673782,0.169418,0.497831
13724,114.367000,-0.674470,0.169333,0.497431
13725,114.375000,-0.674908,0.169360,0.496734
13726,114.383000,-0.674901,0.169431,0.496007
13727,114.392000,-0.674553,0.169459,0.495366
13728,114.400000,-0.674013,0.169416,0.494790
13729,114.408000,-0.673338,0.169399,0.494604
13730,114.417000,-0.672653,0.169433,0.494727
13731,114.425000,-0.671951,0.169489,0.495006
13732,114.433000,-0.671412,0.169539,0.495496
13733,114.442000,-0.671221,0.169561,0.496103
13734,114.450000,-0.671378,0.169525,0.496774
13735,114.458000,-0.671723,0.169439,0.497428
13736,114.467000,-0.672317,0.169421,0.497920
13737,114.475000,-0.673082,0.169414,0.498100
13738,114.483000,-0.673753,0.169423,0.497846
13739,114.492000,-0.674432,0.169363,0.497439
13740,114.500000,-0.674900,0.169346,0.496791
13741,114.508000,-0.674918,0.169409,0.496068
13742,114.517000,-0.674585,0.169463,0.495410
13743,114.525000,-0.674080,0.169424,0.494847
13744,114.533000,-0.673410,0.169410,0.494646
13745,114.542000,-0.672730,0.169436,0.494702
13746,114.550000,-0.672007,0.169488,0.494969
13747,114.558000,-0.671432,0.169545,0.495475
13748,114.567000,-0.671202,0.169567,0.496041
13749,114.575000,-0.671380,0.169526,0.496735
13750,114.583000,-0.671732,0.169428,0.497424
13751,114.592000,-0.672303,0.169448,0.497906
13752,114.600000,-0.673042,0.169429,0.498095
13753,114.608000,-0.673690,0.169440,0.497902
13754,114.617000,-0.674403,0.169370,0.497477
13755,114.625000,-0.674873,0.169365,0.496843
13756,114.633000,-0.674945,0.169419,0.496122
13757,114.642000,-0.674601,0.169485,0.495442
13758,114.650000,-0.674114,0.169426,0.494839
13759,114.658000,-0.673433,0.169404,0.494617
13760,114.667000,-0.672760,0.169428,0.494701
13761,114.675000,-0.672026,0.169492,0.494947
13762,114.683000,-0.671453,0.169546,0.495447
13763,114.692000,-0.671217,0.169575,0.496030
13764,114.700000,-0.671372,0.169530,0.496702
13765,114.708000,-0.671716,0.169426,0.497378
13766,114.717000,-0.672222,0.169436,0.497859
13767,114.725000,-0.672988,0.169414,0.498113
13768,114.733000,-0.673661,0.169432,0.497889
13769,114.742000,-0.674355,0.169349,0.497525
13770,114.750000,-0.674859,0.169338,0.496901
13771,114.758000,-0.674945,0.169415,0.496150
13772,114.767000,-0.674634,0.169447,0.495486
13773,114.775000,-0.674160,0.169389,0.494924
13774,114.783000,-0.673448,0.169407,0.494612
13775,114.792000,-0.672823,0.169429,0.494699
13776,114.800000,-0.672076,0.169478,0.494930
13777,114.808000,-0.671478,0.169518,0.495424
13778,114.817000,-0.671206,0.169596,0.495968
13779,114.825000,-0.671350,0.169537,0.496661
13780,114.833000,-0.671676,0.169437,0.497356
13781,114.842000,-0.672249,0.169415,0.497856
13782,114.850000,-0.672924,0.169446,0.498094
13783,114.858000,-0.673601,0.169436,0.497913
13784,114.867000,-0.674329,0.169366,0.497548
13785,114.875000,-0.674831,0.169354,0.496934
13786,114.883000,-0.674949,0.169412,0.496220
13787,114.892000,-0.674642,0.169455,0.495522
13788,114.900000,-0.674174,0.169423,0.494940
13789,114.908000,-0.673506,0.169415,0.494643
13790,114.917000,-0.672838,0.169429,0.494655
13791,114.925000,-0.672110,0.169473,0.494888
13792,114.933000,-0.671507,0.169533,0.495375
13793,114.942000,-0.671195,0.169585,0.495936
13794,114.950000,-0.671313,0.169555,0.496592
13795,114.958000,-0.671630,0.169453,0.497295
13796,114.967000,-0.672143,0.169421,0.497792
13797,114.975000,-0.672888,0.169437,0.498098
13798,114.983000,-0.673550,0.169439,0.497916
13799,114.992000,-0.674256,0.169375,0.497570
13800,115.000000,-0.674795,0.169345,0.496978
13801,115.008000,-0.674933,0.169407,0.496243
13802,115.017000,-0.674669,0.169472,0.495552
13803,115.025000,-0.674232,0.169419,0.494949
13804,115.033000,-0.673527,0.169388,0.494608
13805,115.042000,-0.672921,0.169415,0.494669
13806,115.050000,-0.672175,0.169468,0.494893
13807,115.058000,-0.671570,0.169532,0.495334
13808,115.067000,-0.671207,0.169576,0.495870
13809,115.075000,-0.671326,0.169539,0.496553
13810,115.083000,-0.671612,0.169419,0.497270
13811,115.092000,-0.672103,0.169415,0.497781
13812,115.100000,-0.672823,0.169402,0.498096
13813,115.108000,-0.673511,0.169416,0.497957
13814,115.117000,-0.674215,0.169361,0.497612
13815,115.125000,-0.674775,0.169348,0.497038
13816,115.133000,-0.674955,0.169383,0.496317
13817,115.142000,-0.674661,0.169460,0.495574
13818,115.150000,-0.674267,0.169436,0.494994
13819,115.158000,-0.673606,0.169408,0.494650
13820,115.167000,-0.672952,0.169426,0.494664
13821,115.175000,-0.672230,0.169480,0.494891
13822,115.183000,-0.671592,0.169521,0.495347
13823,115.192000,-0.671239,0.169561,0.495877
13824,115.200000,-0.671285,0.169556,0.496506
13825,115.208000,-0.671593,0.169441,0.497226
13826,115.217000,-0.672051,0.169415,0.497728
13827,115.225000,-0.672768,0.169414,0.498083
13828,115.233000,-0.673479,0.169425,0.497980
13829,115.242000,-0.674193,0.169373,0.497636
13830,115.250000,-0.674746,0.169356,0.497092
13831,115.258000,-0.674976,0.169397,0.496392
13832,115.267000,-0.674724,0.169452,0.495665
13833,115.275000,-0.674330,0.169438,0.495052
13834,115.283000,-0.673637,0.169412,0.494646
13835,115.292000,-0.673010,0.169415,0.494658
13836,115.300000,-0.672289,0.169461,0.494837
13837,115.308000,-0.671634,0.169514,0.495260
13838,115.317000,-0.671246,0.169558,0.495806
13839,115.325000,-0.671284,0.169554,0.496461
13840,115.333000,-0.671574,0.169466,0.497164
13841,115.342000,-0.672035,0.169436,0.497725
13842,115.350000,-0.672716,0.169426,0.498081
13843,115.358000,-0.673422,0.169429,0.498016
13844,115.367000,-0.674126,0.169388,0.497690
13845,115.375000,-0.674714,0.169330,0.497163
13846,115.383000,-0.674977,0.169377,0.496442
13847,115.392000,-0.674735,0.169453,0.495697
13848,115.400000,-0.674362,0.169430,0.495105
13849,115.408000,-0.673698,0.169428,0.494671
13850,115.417000,-0.673044,0.169423,0.494651
13851,115.425000,-0.672308,0.169473,0.494817
13852,115.433000,-0.671672,0.169508,0.495245
13853,115.442000,-0.671274,0.169573,0.495767
13854,115.450000,-0.671270,0.169548,0.496416
13855,115.458000,-0.671552,0.169442,0.497160
13856,115.467000,-0.671991,0.169413,0.497684
13857,115.475000,-0.672662,0.169414,0.498061
13858,115.483000,-0.673361,0.169454,0.498021
13859,115.492000,-0.674069,0.169384,0.497717
13860,115.500000,-0.674698,0.169332,0.497186
13861,115.508000,-0.674976,0.169381,0.496481
13862,115.517000,-0.674775,0.169466,0.495765
13863,115.525000,-0.674387,0.169451,0.495141
13864,115.533000,-0.673731,0.169441,0.494688
13865,115.542000,-0.673121,0.169417,0.494651
13866,115.550000,-0.672359,0.169470,0.494798
13867,115.558000,-0.671676,0.169509,0.495205
13868,115.567000,-0.671277,0.169577,0.495747
13869,115.575000,-0.671239,0.169551,0.496376
13870,115.583000,-0.671518,0.169461,0.497107
13871,115.592000,-0.671941,0.169411,0.497653
13872,115.600000,-0.672623,0.169423,0.498051
13873,115.608000,-0.673348,0.169436,0.498065
13874,115.617000,-0.674018,0.169402,0.497759
13875,115.625000,-0.674663,0.169328,0.497227
13876,115.633000,-0.674970,0.169363,0.496514
13877,115.642000,-0.674794,0.169436,0.495805
13878,115.650000,-0.674416,0.169446,0.495190
13879,115.658000,-0.673801,0.169428,0.494732
13880,115.667000,-0.673147,0.169410,0.494644
13881,115.675000,-0.672421,0.169450,0.494787
13882,115.683000,-0.671755,0.169491,0.495194
13883,115.692000,-0.671282,0.169555,0.495691
13884,115.700000,-0.671231,0.169575,0.496322
13885,115.708000,-0.671517,0.169473,0.497032
13886,115.717000,-0.671919,0.169419,0.497623
13887,115.725000,-0.672583,0.169426,0.498030
13888,115.733000,-0.673312,0.169424,0.498045
13889,115.742000,-0.674001,0.169398,0.497739
13890,115.750000,-0.674618,0.169334,0.497265
13891,115.758000,-0.674963,0.169375,0.496576
13892,115.767000,-0.674810,0.169464,0.495827
13893,115.775000,-0.674435,0.169462,0.495211
13894,115.783000,-0.673808,0.169431,0.494728
13895,115.792000,-0.673195,0.169429,0.494652
13896,115.800000,-0.672470,0.169469,0.494776
13897,115.808000,-0.671784,0.169497,0.495143
13898,115.817000,-0.671323,0.169566,0.495656
13899,115.825000,-0.671201,0.169582,0.496269
13900,115.833000,-0.671499,0.169490,0.496998
13901,115.842000,-0.671879,0.169435,0.497567
13902,115.850000,-0.672512,0.169421,0.497996
13903,115.858000,-0.673278,0.169430,0.498084
13904,115.867000,-0.673954,0.169402,0.497769
13905,115.875000,-0.674595,0.169340,0.497315
13906,115.883000,-0.674928,0.169361,0.496604
13907,115.892000,-0.674819,0.169439,0.495868
13908,115.900000,-0.674474,0.169474,0.495265
13909,115.908000,-0.673871,0.169418,0.494765
13910,115.917000,-0.673236,0.169414,0.494644
13911,115.925000,-0.672509,0.169460,0.494774
13912,115.933000,-0.671828,0.169498,0.495100
13913,115.942000,-0.671329,0.169563,0.495618
13914,115.950000,-0.671196,0.169584,0.496249
13915,115.958000,-0.671438,0.169510,0.496930
13916,115.967000,-0.671817,0.169426,0.497548
13917,115.975000,-0.672492,0.169422,0.497973
13918,115.983000,-0.673215,0.169442,0.498075
13919,115.992000,-0.673887,0.169412,0.497798
13920,116.000000,-0.674544,0.169326,0.497336
13921,116.008000,-0.674942,0.169371,0.496665
13922,116.017000,-0.674855,0.169454,0.495919
13923,116.025000,-0.674507,0.169450,0.495308
13924,116.033000,-0.673898,0.169433,0.494750
13925,116.042000,-0.673260,0.169415,0.494627
13926,116.050000,-0.672563,0.169442,0.494735
13927,116.058000,-0.671862,0.169514,0.495065
13928,116.067000,-0.671357,0.169561,0.495575
13929,116.075000,-0.671225,0.169582,0.496199
13930,116.083000,-0.671460,0.169495,0.496907
13931,116.092000,-0.671799,0.169443,0.497493
13932,116.100000,-0.672389,0.169479,0.497944
13933,116.108000,-0.673174,0.169438,0.498095
13934,116.117000,-0.673847,0.169441,0.497810
13935,116.125000,-0.674508,0.169347,0.497399
13936,116.133000,-0.674936,0.169344,0.496714
13937,116.142000,-0.674889,0.169421,0.495975
13938,116.150000,-0.674535,0.169456,0.495345
13939,116.158000,-0.673959,0.169418,0.494771
13940,116.167000,-0.673304,0.169406,0.494612
13941,116.175000,-0.672610,0.169448,0.494709
13942,116.183000,-0.671905,0.169497,0.495003
13943,116.192000,-0.671392,0.169565,0.495531
13944,116.200000,-0.671208,0.169582,0.496130
13945,116.208000,-0.671403,0.169527,0.496798
13946,116.217000,-0.671776,0.169426,0.497466
13947,116.225000,-0.672378,0.169427,0.497938
13948,116.233000,-0.673109,0.169425,0.498088
13949,116.242000,-0.673772,0.169426,0.497825
13950,116.250000,-0.674467,0.169347,0.497407
13951,116.258000,-0.674902,0.169351,0.496751
13952,116.267000,-0.674898,0.169425,0.496018
13953,116.275000,-0.674567,0.169446,0.495392
13954,116.283000,-0.674027,0.169413,0.494804
13955,116.292000,-0.673374,0.169411,0.494643
13956,116.300000,-0.672668,0.169427,0.494720
13957,116.308000,-0.671949,0.169476,0.495007
13958,116.317000,-0.671408,0.169546,0.495499
13959,116.325000,-0.671182,0.169571,0.496093
13960,116.333000,-0.671386,0.169528,0.496791
13961,116.342000,-0.671751,0.169429,0.497443
13962,116.350000,-0.672303,0.169432,0.497921
13963,116.358000,-0.673094,0.169407,0.498104
13964,116.367000,-0.673745,0.169435,0.497850
13965,116.375000,-0.674411,0.169333,0.497473
13966,116.383000,-0.674897,0.169350,0.496818
13967,116.392000,-0.674925,0.169424,0.496088
13968,116.400000,-0.674601,0.169456,0.495429
13969,116.408000,-0.674074,0.169416,0.494868
13970,116.417000,-0.673353,0.169401,0.494600
13971,116.425000,-0.672742,0.169431,0.494708
13972,116.433000,-0.672029,0.169487,0.494991
13973,116.442000,-0.671451,0.169536,0.495466
13974,116.450000,-0.671206,0.169584,0.496039
13975,116.458000,-0.671362,0.169529,0.496722
13976,116.467000,-0.671713,0.169430,0.497412
13977,116.475000,-0.672297,0.169417,0.497892
13978,116.483000,-0.673023,0.169416,0.498096
13979,116.492000,-0.673680,0.169427,0.497878
13980,116.500000,-0.674403,0.169346,0.497499
13981,116.508000,-0.674872,0.169352,0.496857
13982,116.517000,-0.674937,0.169406,0.496142
13983,116.525000,-0.674600,0.169455,0.495447
13984,116.533000,-0.674104,0.169408,0.494884
13985,116.542000,-0.673442,0.169382,0.494633
13986,116.550000,-0.672784,0.169414,0.494683
13987,116.558000,-0.672063,0.169453,0.494956
13988,116.567000,-0.671458,0.169539,0.495439
13989,116.575000,-0.671187,0.169573,0.496020
13990,116.583000,-0.671345,0.169521,0.496676
13991,116.592000,-0.671690,0.169418,0.497367
13992,116.600000,-0.672226,0.169417,0.497847
13993,116.608000,-0.672990,0.169405,0.498076
13994,116.617000,-0.673658,0.169425,0.497898
13995,116.625000,-0.674339,0.169358,0.497525
13996,116.633000,-0.674845,0.169354,0.496902
13997,116.642000,-0.674932,0.169427,0.496164
13998,116.650000,-0.674641,0.169453,0.495506
13999,116.658000,-0.674156,0.169434,0.494899
14000,116.667000,-0.673452,0.169419,0.494595
14001,116.675000,-0.672832,0.169442,0.494697
14002,116.683000,-0.672102,0.169486,0.494948
14003,116.692000,-0.671511,0.169548,0.495405
14004,116.700000,-0.671204,0.169589,0.495968
14005,116.708000,-0.671342,0.169539,0.496645
14006,116.717000,-0.671658,0.169441,0.497345
14007,116.725000,-0.672202,0.169425,0.497854
14008,116.733000,-0.672913,0.169431,0.498112
14009,116.742000,-0.673588,0.169445,0.497910
14010,116.750000,-0.674302,0.169366,0.497559
14011,116.758000,-0.674844,0.169338,0.496961
14012,116.767000,-0.674958,0.169395,0.496229
14013,116.775000,-0.674644,0.169453,0.495542
14014,116.783000,-0.674203,0.169407,0.494938
14015,116.792000,-0.673504,0.169410,0.494624
14016,116.800000,-0.672859,0.169399,0.494654
14017,116.808000,-0.672117,0.169467,0.494886
14018,116.817000,-0.671513,0.169521,0.495387
14019,116.825000,-0.671199,0.169572,0.495927
14020,116.833000,-0.671323,0.169530,0.496601
14021,116.842000,-0.671639,0.169435,0.497330
14022,116.850000,-0.672173,0.169437,0.497847
14023,116.858000,-0.672901,0.169432,0.498104
14024,116.867000,-0.673540,0.169450,0.497920
14025,116.875000,-0.674266,0.169385,0.497564
14026,116.883000,-0.674807,0.169329,0.496989
14027,116.892000,-0.674954,0.169396,0.496269
14028,116.900000,-0.674665,0.169458,0.495566
14029,116.908000,-0.674223,0.169427,0.494957
14030,116.917000,-0.673540,0.169397,0.494615
14031,116.925000,-0.672929,0.169395,0.494671
14032,116.933000,-0.672174,0.169456,0.494878
14033,116.942000,-0.671551,0.169511,0.495361
14034,116.950000,-0.671195,0.169568,0.495909
14035,116.958000,-0.671310,0.169528,0.496570
14036,116.967000,-0.671638,0.169416,0.497284
14037,116.975000,-0.672138,0.169407,0.497778
14038,116.983000,-0.672853,0.169393,0.498099
14039,116.992000,-0.673523,0.169423,0.497946
14040,117.000000,-0.674237,0.169357,0.497581
14041,117.008000,-0.674797,0.169342,0.497029
14042,117.017000,-0.674958,0.169381,0.496298
14043,117.025000,-0.674689,0.169442,0.495607
14044,117.033000,-0.674264,0.169424,0.495008
14045,117.042000,-0.673611,0.169388,0.494661
14046,117.050000,-0.672955,0.169398,0.494656
14047,117.058000,-0.672200,0.169465,0.494872
14048,117.067000,-0.671570,0.169519,0.495350
14049,117.075000,-0.671217,0.169579,0.495863
14050,117.083000,-0.671326,0.169534,0.496554
14051,117.092000,-0.671606,0.169440,0.497227
14052,117.100000,-0.672106,0.169426,0.497762
14053,117.108000,-0.672823,0.169401,0.498101
14054,117.117000,-0.673476,0.169426,0.497953
14055,117.125000,-0.674206,0.169369,0.497649
14056,117.133000,-0.674751,0.169323,0.497091
14057,117.142000,-0.674968,0.169380,0.496335
14058,117.150000,-0.674712,0.169444,0.495631
14059,117.158000,-0.674305,0.169420,0.495009
14060,117.167000,-0.673632,0.169382,0.494664
14061,117.175000,-0.673001,0.169386,0.494638
14062,117.183000,-0.672265,0.169455,0.494863
14063,117.192000,-0.671618,0.169525,0.495295
14064,117.200000,-0.671253,0.169572,0.495834
14065,117.208000,-0.671303,0.169546,0.496473
14066,117.217000,-0.671586,0.169443,0.497196
14067,117.225000,-0.672042,0.169406,0.497713
14068,117.233000,-0.672774,0.169403,0.498077
14069,117.242000,-0.673453,0.169419,0.497995
14070,117.250000,-0.674161,0.169380,0.497654
14071,117.258000,-0.674742,0.169353,0.497113
14072,117.267000,-0.674953,0.169380,0.496379
14073,117.275000,-0.674698,0.169453,0.495677
14074,117.283000,-0.674320,0.169425,0.495061
14075,117.292000,-0.673626,0.169395,0.494650
14076,117.300000,-0.673038,0.169398,0.494664
14077,117.308000,-0.672300,0.169439,0.494838
14078,117.317000,-0.671662,0.169480,0.495276
14079,117.325000,-0.671264,0.169534,0.495794
14080,117.333000,-0.671293,0.169529,0.496448
14081,117.342000,-0.671572,0.169429,0.497171
14082,117.350000,-0.672031,0.169404,0.497724
14083,117.358000,-0.672714,0.169410,0.498056
14084,117.367000,-0.673435,0.169400,0.498012
14085,117.375000,-0.674133,0.169371,0.497707
14086,117.383000,-0.674728,0.169325,0.497158
14087,117.392000,-0.674997,0.169374,0.496438
14088,117.400000,-0.674749,0.169444,0.495712
14089,117.408000,-0.674350,0.169429,0.495113
14090,117.417000,-0.673688,0.169418,0.494680
14091,117.425000,-0.673068,0.169399,0.494660
14092,117.433000,-0.672324,0.169471,0.494824
14093,117.442000,-0.671692,0.169495,0.495261
14094,117.450000,-0.671286,0.169559,0.495772
14095,117.458000,-0.671286,0.169550,0.496403
14096,117.467000,-0.671562,0.169447,0.497134
14097,117.475000,-0.671963,0.169399,0.497651
14098,117.483000,-0.672666,0.169412,0.498047
14099,117.492000,-0.673383,0.169422,0.498020
14100,117.500000,-0.674072,0.169389,0.497700
14101,117.508000,-0.674692,0.169318,0.497196
14102,117.517000,-0.674967,0.169350,0.496475
14103,117.525000,-0.674772,0.169426,0.495742
14104,117.533000,-0.674437,0.169410,0.495147
14105,117.542000,-0.673765,0.169372,0.494675
14106,117.550000,-0.673140,0.169383,0.494656
14107,117.558000,-0.672384,0.169446,0.494789
14108,117.567000,-0.671712,0.169490,0.495188
14109,117.575000,-0.671305,0.169553,0.495736
14110,117.583000,-0.671284,0.169553,0.496357
14111,117.592000,-0.671524,0.169458,0.497069
14112,117.600000,-0.671947,0.169416,0.497629
14113,117.608000,-0.672601,0.169447,0.498024
14114,117.617000,-0.673342,0.169440,0.498043
14115,117.625000,-0.674005,0.169406,0.497732
14116,117.633000,-0.674636,0.169346,0.497226
14117,117.642000,-0.674951,0.169378,0.496515
14118,117.650000,-0.674769,0.169449,0.495801
14119,117.658000,-0.674418,0.169431,0.495191
14120,117.667000,-0.673774,0.169428,0.494696
14121,117.675000,-0.673134,0.169417,0.494649
14122,117.683000,-0.672408,0.169457,0.494791
14123,117.692000,-0.671753,0.169489,0.495176
14124,117.700000,-0.671307,0.169548,0.495699
14125,117.708000,-0.671242,0.169550,0.496313
14126,117.717000,-0.671519,0.169457,0.497043
14127,117.725000,-0.671901,0.169414,0.497594
14128,117.733000,-0.672531,0.169428,0.498021
14129,117.742000,-0.673288,0.169428,0.498086
14130,117.750000,-0.673968,0.169407,0.497774
14131,117.758000,-0.674604,0.169317,0.497281
14132,117.767000,-0.674956,0.169359,0.496570
14133,117.775000,-0.674789,0.169436,0.495811
14134,117.783000,-0.674439,0.169426,0.495196
14135,117.792000,-0.673812,0.169392,0.494699
14136,117.800000,-0.673183,0.169377,0.494645
14137,117.808000,-0.672445,0.169439,0.494754
14138,117.817000,-0.671777,0.169466,0.495098
14139,117.825000,-0.671332,0.169554,0.495632
14140,117.833000,-0.671226,0.169582,0.496238
14141,117.842000,-0.671465,0.169484,0.496967
14142,117.850000,-0.671849,0.169440,0.497549
14143,117.858000,-0.672493,0.169442,0.497963
14144,117.867000,-0.673260,0.169417,0.498070
14145,117.875000,-0.673935,0.169388,0.497751
14146,117.883000,-0.674568,0.169322,0.497311
14147,117.892000,-0.674932,0.169349,0.496612
14148,117.900000,-0.674812,0.169434,0.495858
14149,117.908000,-0.674494,0.169435,0.495273
14150,117.917000,-0.673872,0.169417,0.494736
14151,117.925000,-0.673238,0.169396,0.494620
14152,117.933000,-0.672512,0.169436,0.494757
14153,117.942000,-0.671846,0.169506,0.495104
14154,117.950000,-0.671341,0.169557,0.495597
14155,117.958000,-0.671216,0.169560,0.496215
14156,117.967000,-0.671445,0.169486,0.496935
14157,117.975000,-0.671818,0.169423,0.497539
14158,117.983000,-0.672453,0.169431,0.497961
14159,117.992000,-0.673216,0.169410,0.498097
14160,118.000000,-0.673882,0.169405,0.497789
14161,118.008000,-0.674533,0.169324,0.497361
14162,118.017000,-0.674941,0.169355,0.496670
14163,118.025000,-0.674851,0.169434,0.495930
14164,118.033000,-0.674498,0.169458,0.495299
14165,118.042000,-0.673907,0.169423,0.494752
14166,118.050000,-0.673276,0.169382,0.494629
14167,118.058000,-0.672584,0.169428,0.494731
14168,118.067000,-0.671895,0.169457,0.495047
14169,118.075000,-0.671386,0.169533,0.495574
14170,118.083000,-0.671203,0.169569,0.496162
14171,118.092000,-0.671439,0.169494,0.496897
14172,118.100000,-0.671793,0.169422,0.497491
14173,118.108000,-0.672394,0.169423,0.497966
14174,118.117000,-0.673181,0.169400,0.498091
14175,118.125000,-0.673838,0.169407,0.497800
14176,118.133000,-0.674512,0.169318,0.497403
14177,118.142000,-0.674930,0.169330,0.496720
14178,118.150000,-0.674885,0.169410,0.495980
14179,118.158000,-0.674550,0.169442,0.495353
14180,118.167000,-0.673967,0.169402,0.494817
14181,118.175000,-0.673343,0.169384,0.494642
14182,118.183000,-0.672650,0.169420,0.494719
14183,118.192000,-0.671910,0.169481,0.495018
14184,118.200000,-0.671396,0.169519,0.495549
14185,118.208000,-0.671200,0.169551,0.496162
14186,118.217000,-0.671400,0.169504,0.496824
14187,118.225000,-0.671779,0.169407,0.497468
14188,118.233000,-0.672369,0.169429,0.497963
14189,118.242000,-0.673108,0.169417,0.498102
14190,118.250000,-0.673772,0.169404,0.497847
14191,118.258000,-0.674467,0.169333,0.497430
14192,118.267000,-0.674913,0.169346,0.496747
14193,118.275000,-0.674920,0.169410,0.496042
14194,118.283000,-0.674587,0.169453,0.495386
14195,118.292000,-0.674028,0.169401,0.494812
14196,118.300000,-0.673361,0.169394,0.494597
14197,118.308000,-0.672672,0.169415,0.494667
14198,118.317000,-0.671956,0.169477,0.494965
14199,118.325000,-0.671401,0.169541,0.495470
14200,118.333000,-0.671196,0.169579,0.496058
14201,118.342000,-0.671391,0.169514,0.496746
14202,118.350000,-0.671724,0.169430,0.497391
14203,118.358000,-0.672293,0.169435,0.497895
14204,118.367000,-0.673051,0.169429,0.498094
14205,118.375000,-0.673702,0.169428,0.497836
14206,118.383000,-0.674424,0.169353,0.497447
14207,118.392000,-0.674884,0.169356,0.496792
14208,118.400000,-0.674899,0.169428,0.496069
14209,118.408000,-0.674585,0.169446,0.495431
14210,118.417000,-0.674073,0.169429,0.494847
14211,118.425000,-0.673391,0.169414,0.494607
14212,118.433000,-0.672738,0.169431,0.494688
14213,118.442000,-0.672009,0.169475,0.494962
14214,118.450000,-0.671432,0.169528,0.495440
14215,118.458000,-0.671185,0.169566,0.496028
14216,118.467000,-0.671362,0.169514,0.496706
14217,118.475000,-0.671733,0.169416,0.497388
14218,118.483000,-0.672272,0.169423,0.497896
14219,118.492000,-0.672992,0.169417,0.498120
14220,118.500000,-0.673661,0.169423,0.497877
14221,118.508000,-0.674353,0.169360,0.497496
14222,118.517000,-0.674856,0.169362,0.496853
14223,118.525000,-0.674922,0.169418,0.496124
14224,118.533000,-0.674593,0.169471,0.495457
14225,118.542000,-0.674119,0.169423,0.494880
14226,118.550000,-0.673451,0.169410,0.494602
14227,118.558000,-0.672797,0.169424,0.494667
14228,118.567000,-0.672070,0.169472,0.494915
14229,118.575000,-0.671475,0.169544,0.495405
14230,118.583000,-0.671204,0.169591,0.495965
14231,118.592000,-0.671350,0.169534,0.496637
14232,118.600000,-0.671699,0.169432,0.497336
14233,118.608000,-0.672191,0.169435,0.497820
14234,118.617000,-0.672961,0.169414,0.498088
14235,118.625000,-0.673615,0.169437,0.497884
14236,118.633000,-0.674314,0.169363,0.497533
14237,118.642000,-0.674837,0.169360,0.496906
14238,118.650000,-0.674942,0.169412,0.496182
14239,118.658000,-0.674648,0.169474,0.495514
14240,118.667000,-0.674188,0.169441,0.494893
14241,118.675000,-0.673485,0.169416,0.494591
14242,118.683000,-0.672889,0.169448,0.494665
14243,118.692000,-0.672147,0.169500,0.494879
14244,118.700000,-0.671544,0.169545,0.495374
14245,118.708000,-0.671233,0.169585,0.495921
14246,118.717000,-0.671335,0.169545,0.496610
14247,118.725000,-0.671628,0.169441,0.497293
14248,118.733000,-0.672184,0.169403,0.497840
14249,118.742000,-0.672876,0.169426,0.498092
14250,118.750000,-0.673562,0.169440,0.497915
14251,118.758000,-0.674286,0.169358,0.497567
14252,118.767000,-0.674803,0.169348,0.496942
14253,118.775000,-0.674951,0.169399,0.496245
14254,118.783000,-0.674639,0.169463,0.495554
14255,118.792000,-0.674196,0.169427,0.494935
14256,118.800000,-0.673544,0.169409,0.494609
14257,118.808000,-0.672903,0.169408,0.494637
14258,118.817000,-0.672162,0.169452,0.494864
14259,118.825000,-0.671539,0.169514,0.495329
14260,118.833000,-0.671214,0.169556,0.495892
14261,118.842000,-0.671286,0.169549,0.496541
14262,118.850000,-0.671608,0.169422,0.497268
14263,118.858000,-0.672080,0.169409,0.497751
14264,118.867000,-0.672824,0.169406,0.498079
14265,118.875000,-0.673502,0.169444,0.497935
14266,118.883000,-0.674201,0.169374,0.497595
14267,118.892000,-0.674759,0.169301,0.497073
14268,118.900000,-0.674965,0.169370,0.496321
14269,118.908000,-0.674689,0.169433,0.495639
14270,118.917000,-0.674255,0.169416,0.495006
14271,118.925000,-0.673579,0.169416,0.494649
14272,118.933000,-0.672977,0.169425,0.494694
14273,118.942000,-0.672219,0.169461,0.494882
14274,118.950000,-0.671608,0.169495,0.495326
14275,118.958000,-0.671230,0.169555,0.495847
14276,118.967000,-0.671300,0.169536,0.496515
14277,118.975000,-0.671597,0.169436,0.497206
14278,118.983000,-0.672078,0.169401,0.497751
14279,118.992000,-0.672776,0.169414,0.498078
14280,119.000000,-0.673451,0.169427,0.497956
14281,119.008000,-0.674177,0.169366,0.497650
14282,119.017000,-0.674753,0.169333,0.497097
14283,119.025000,-0.674954,0.169383,0.496361
14284,119.033000,-0.674704,0.169445,0.495657
14285,119.042000,-0.674329,0.169421,0.495063
14286,119.050000,-0.673681,0.169398,0.494668
14287,119.058000,-0.673028,0.169408,0.494637
14288,119.067000,-0.672255,0.169467,0.494817
14289,119.075000,-0.671626,0.169502,0.495283
14290,119.083000,-0.671256,0.169566,0.495788
14291,119.092000,-0.671296,0.169537,0.496441
14292,119.100000,-0.671583,0.169418,0.497172
14293,119.108000,-0.672024,0.169410,0.497700
14294,119.117000,-0.672720,0.169412,0.498065
14295,119.125000,-0.673417,0.169426,0.497997
14296,119.133000,-0.674103,0.169368,0.497673
14297,119.142000,-0.674685,0.169333,0.497149
14298,119.150000,-0.674943,0.169363,0.496443
14299,119.158000,-0.674739,0.169448,0.495715
14300,119.167000,-0.674365,0.169436,0.495098
14301,119.175000,-0.673713,0.169408,0.494660
14302,119.183000,-0.673078,0.169417,0.494617
14303,119.192000,-0.672341,0.169459,0.494812
14304,119.200000,-0.671665,0.169498,0.495215
14305,119.208000,-0.671268,0.169553,0.495754
14306,119.217000,-0.671264,0.169550,0.496394
14307,119.225000,-0.671538,0.169437,0.497119
14308,119.233000,-0.671972,0.169411,0.497650
14309,119.242000,-0.672644,0.169422,0.498044
14310,119.250000,-0.673376,0.169417,0.498019
14311,119.258000,-0.674056,0.169392,0.497713
14312,119.267000,-0.674650,0.169333,0.497226
14313,119.275000,-0.674949,0.169376,0.496475
14314,119.283000,-0.674760,0.169436,0.495759
14315,119.292000,-0.674398,0.169426,0.495177
14316,119.300000,-0.673774,0.169402,0.494700
14317,119.308000,-0.673150,0.169392,0.494661
14318,119.317000,-0.672412,0.169443,0.494812
14319,119.325000,-0.671750,0.169500,0.495198
14320,119.333000,-0.671309,0.169558,0.495711
14321,119.342000,-0.671268,0.169534,0.496370
14322,119.350000,-0.671515,0.169470,0.497062
14323,119.358000,-0.671958,0.169412,0.497641
14324,119.367000,-0.672621,0.169418,0.498039
14325,119.375000,-0.673332,0.169427,0.498033
14326,119.383000,-0.674021,0.169397,0.497728
14327,119.392000,-0.674641,0.169326,0.497257
14328,119.400000,-0.674962,0.169364,0.496549
14329,119.408000,-0.674815,0.169434,0.495828
14330,119.417000,-0.674446,0.169443,0.495204
14331,119.425000,-0.673799,0.169419,0.494712
14332,119.433000,-0.673186,0.169398,0.494640
14333,119.442000,-0.672468,0.169442,0.494784
14334,119.450000,-0.671782,0.169479,0.495149
14335,119.458000,-0.671334,0.169543,0.495691
14336,119.467000,-0.671242,0.169568,0.496293
14337,119.475000,-0.671495,0.169490,0.497018
14338,119.483000,-0.671887,0.169427,0.497587
14339,119.492000,-0.672535,0.169443,0.497995
14340,119.500000,-0.673286,0.169431,0.498073
14341,119.508000,-0.673977,0.169384,0.497756
14342,119.517000,-0.674612,0.169319,0.497313
14343,119.525000,-0.674964,0.169366,0.496594
14344,119.533000,-0.674814,0.169451,0.495845
14345,119.542000,-0.674471,0.169446,0.495258
14346,119.550000,-0.673875,0.169402,0.494745
14347,119.558000,-0.673227,0.169396,0.494632
14348,119.567000,-0.672497,0.169456,0.494750
14349,119.575000,-0.671800,0.169491,0.495104
14350,119.583000,-0.671332,0.169555,0.495638
14351,119.592000,-0.671190,0.169600,0.496224
14352,119.600000,-0.671461,0.169504,0.496929
14353,119.608000,-0.671858,0.169419,0.497540
14354,119.617000,-0.672487,0.169423,0.497966
14355,119.625000,-0.673213,0.169443,0.498044
14356,119.633000,-0.673885,0.169411,0.497792
14357,119.642000,-0.674537,0.169327,0.497345
14358,119.650000,-0.674935,0.169359,0.496661
14359,119.658000,-0.674847,0.169427,0.495896
14360,119.667000,-0.674506,0.169435,0.495272
14361,119.675000,-0.673888,0.169391,0.494745
14362,119.683000,-0.673257,0.169404,0.494608
14363,119.692000,-0.672565,0.169435,0.494745
14364,119.700000,-0.671867,0.169476,0.495097
14365,119.708000,-0.671359,0.169532,0.495595
14366,119.717000,-0.671204,0.169566,0.496197
14367,119.725000,-0.671454,0.169495,0.496915
14368,119.733000,-0.671831,0.169411,0.497506
14369,119.742000,-0.672415,0.169426,0.497950
14370,119.750000,-0.673173,0.169422,0.498083
14371,119.758000,-0.673845,0.169412,0.497799
14372,119.767000,-0.674525,0.169321,0.497364
14373,119.775000,-0.674938,0.169345,0.496686
14374,119.783000,-0.674863,0.169417,0.495938
14375,119.792000,-0.674538,0.169453,0.495325
14376,119.800000,-0.673958,0.169411,0.494779
14377,119.808000,-0.673283,0.169393,0.494603
14378,119.817000,-0.672597,0.169426,0.494726
14379,119.825000,-0.671894,0.169480,0.495033
14380,119.833000,-0.671363,0.169534,0.495557
14381,119.842000,-0.671215,0.169564,0.496137
14382,119.850000,-0.671407,0.169499,0.496834
14383,119.858000,-0.671784,0.169409,0.497485
14384,119.867000,-0.672395,0.169416,0.497939
14385,119.875000,-0.673131,0.169421,0.498084
14386,119.883000,-0.673803,0.169406,0.497824
14387,119.892000,-0.674475,0.169348,0.497389
14388,119.900000,-0.674904,0.169356,0.496722
14389,119.908000,-0.674902,0.169414,0.495992
14390,119.917000,-0.674573,0.169427,0.495358
14391,119.925000,-0.674016,0.169388,0.494794
14392,119.933000,-0.673365,0.169378,0.494613
14393,119.942000,-0.672672,0.169418,0.494702
14394,119.950000,-0.671930,0.169469,0.495007
14395,119.958000,-0.671384,0.169531,0.495503
14396,119.967000,-0.671180,0.169555,0.496070
14397,119.975000,-0.671397,0.169495,0.496803
14398,119.983000,-0.671744,0.169422,0.497415
14399,119.992000,-0.672320,0.169422,0.497878
14400,120.000000,-0.673091,0.169403,0.498102
14401,120.008000,-0.673750,0.169420,0.497819
14402,120.017000,-0.674438,0.169337,0.497424
14403,120.025000,-0.674894,0.169358,0.496790
14404,120.033000,-0.674902,0.169405,0.496038
14405,120.042000,-0.674585,0.169448,0.495389
14406,120.050000,-0.674048,0.169409,0.494806
14407,120.058000,-0.673368,0.169392,0.494595
14408,120.067000,-0.672724,0.169400,0.494709
14409,120.075000,-0.671999,0.169461,0.494951
14410,120.083000,-0.671435,0.169518,0.495471
14411,120.092000,-0.671172,0.169569,0.496036
14412,120.100000,-0.671360,0.169503,0.496722
14413,120.108000,-0.671723,0.169402,0.497390
14414,120.117000,-0.672275,0.169410,0.497863
14415,120.125000,-0.673030,0.169409,0.498088
14416,120.133000,-0.673694,0.169417,0.497841
14417,120.142000,-0.674400,0.169328,0.497471
14418,120.150000,-0.674870,0.169338,0.496797
14419,120.158000,-0.674906,0.169402,0.496070
14420,120.167000,-0.674597,0.169441,0.495424
14421,120.175000,-0.674102,0.169414,0.494837
14422,120.183000,-0.673435,0.169391,0.494601
14423,120.192000,-0.672758,0.169395,0.494672
14424,120.200000,-0.672043,0.169458,0.494940
14425,120.208000,-0.671480,0.169520,0.495431
14426,120.217000,-0.671196,0.169572,0.496008
14427,120.225000,-0.671338,0.169535,0.496666
14428,120.233000,-0.671695,0.169413,0.497367
14429,120.242000,-0.672225,0.169411,0.497836
14430,120.250000,-0.672965,0.169389,0.498083
14431,120.258000,-0.673647,0.169417,0.497895
14432,120.267000,-0.674358,0.169325,0.497506
14433,120.275000,-0.674865,0.169339,0.496896
14434,120.283000,-0.674943,0.169403,0.496153
14435,120.292000,-0.674609,0.169444,0.495477
14436,120.300000,-0.674124,0.169411,0.494875
14437,120.308000,-0.673415,0.169399,0.494582
14438,120.317000,-0.672791,0.169410,0.494683
14439,120.325000,-0.672087,0.169466,0.494930
14440,120.333000,-0.671480,0.169525,0.495402
14441,120.342000,-0.671201,0.169558,0.495972
14442,120.350000,-0.671334,0.169526,0.496639
14443,120.358000,-0.671672,0.169422,0.497326
14444,120.367000,-0.672219,0.169397,0.497847
14445,120.375000,-0.672916,0.169405,0.498106
14446,120.383000,-0.673602,0.169407,0.497921
14447,120.392000,-0.674320,0.169346,0.497555
14448,120.400000,-0.674822,0.169330,0.496932
14449,120.408000,-0.674946,0.169393,0.496201
14450,120.417000,-0.674648,0.169445,0.495520
14451,120.425000,-0.674180,0.169398,0.494944
14452,120.433000,-0.673491,0.169376,0.494646
14453,120.442000,-0.672825,0.169409,0.494671
14454,120.450000,-0.672097,0.169456,0.494908
14455,120.458000,-0.671517,0.169499,0.495408
14456,120.467000,-0.671223,0.169556,0.495943
14457,120.475000,-0.671328,0.169502,0.496627
14458,120.483000,-0.671655,0.169424,0.497341
14459,120.492000,-0.672172,0.169390,0.497840
14460,120.500000,-0.672886,0.169413,0.498107
14461,120.508000,-0.673565,0.169416,0.497943
14462,120.517000,-0.674251,0.169360,0.497569
14463,120.525000,-0.674793,0.169334,0.496976
14464,120.533000,-0.674962,0.169374,0.496257
14465,120.542000,-0.674676,0.169442,0.495572
14466,120.550000,-0.674236,0.169413,0.494992
14467,120.558000,-0.673528,0.169383,0.494624
14468,120.567000,-0.672905,0.169406,0.494676
14469,120.575000,-0.672164,0.169462,0.494888
14470,120.583000,-0.671537,0.169514,0.495340
14471,120.592000,-0.671234,0.169558,0.495906
14472,120.600000,-0.671311,0.169543,0.496567
14473,120.608000,-0.671619,0.169420,0.497283
14474,120.617000,-0.672096,0.169422,0.497789
14475,120.625000,-0.672861,0.169396,0.498103
14476,120.633000,-0.673529,0.169425,0.497943
14477,120.642000,-0.674229,0.169353,0.497606
14478,120.650000,-0.674776,0.169324,0.497029
14479,120.658000,-0.674954,0.169378,0.496313
14480,120.667000,-0.674676,0.169444,0.495590
14481,120.675000,-0.674283,0.169408,0.495023
14482,120.683000,-0.673611,0.169376,0.494685
14483,120.692000,-0.672948,0.169391,0.494662
14484,120.700000,-0.672198,0.169447,0.494866
14485,120.708000,-0.671575,0.169514,0.495341
14486,120.717000,-0.671207,0.169574,0.495840
14487,120.725000,-0.671322,0.169537,0.496527
14488,120.733000,-0.671628,0.169448,0.497254
14489,120.742000,-0.672093,0.169422,0.497754
14490,120.750000,-0.672809,0.169421,0.498091
14491,120.758000,-0.673495,0.169426,0.497970
14492,120.767000,-0.674211,0.169374,0.497615
14493,120.775000,-0.674769,0.169344,0.497037
14494,120.783000,-0.674985,0.169401,0.496343
14495,120.792000,-0.674710,0.169464,0.495633
14496,120.800000,-0.674311,0.169428,0.495017
14497,120.808000,-0.673620,0.169408,0.494629
14498,120.817000,-0.672992,0.169418,0.494665
14499,120.825000,-0.672257,0.169464,0.494869
14500,120.833000,-0.671620,0.169504,0.495298
14501,120.842000,-0.671262,0.169566,0.495865
14502,120.850000,-0.671297,0.169556,0.496494
14503,120.858000,-0.671593,0.169442,0.497222
14504,120.867000,-0.672071,0.169409,0.497741
14505,120.875000,-0.672793,0.169422,0.498096
14506,120.883000,-0.673474,0.169434,0.497974
14507,120.892000,-0.674180,0.169363,0.497670
14508,120.900000,-0.674747,0.169324,0.497131
14509,120.908000,-0.674954,0.169385,0.496393
14510,120.917000,-0.674708,0.169455,0.495662
14511,120.925000,-0.674327,0.169423,0.495079
14512,120.933000,-0.673656,0.169375,0.494685
14513,120.942000,-0.673040,0.169402,0.494643
14514,120.950000,-0.672313,0.169447,0.494857
14515,120.958000,-0.671674,0.169488,0.495294
14516,120.967000,-0.671276,0.169567,0.495813
14517,120.975000,-0.671301,0.169551,0.496460
14518,120.983000,-0.671587,0.169455,0.497161
14519,120.992000,-0.672041,0.169418,0.497719
14520,121.000000,-0.672728,0.169419,0.498070
14521,121.008000,-0.673429,0.169430,0.497987
14522,121.017000,-0.674140,0.169359,0.497693
14523,121.025000,-0.674721,0.169323,0.497154
14524,121.033000,-0.674993,0.169355,0.496439
14525,121.042000,-0.674751,0.169419,0.495702
14526,121.050000,-0.674348,0.169418,0.495088
14527,121.058000,-0.673677,0.169402,0.494646
14528,121.067000,-0.673104,0.169404,0.494649
14529,121.075000,-0.672363,0.169449,0.494814
14530,121.083000,-0.671688,0.169494,0.495231
14531,121.092000,-0.671294,0.169558,0.495762
14532,121.100000,-0.671266,0.169539,0.496419
14533,121.108000,-0.671559,0.169445,0.497139
14534,121.117000,-0.671977,0.169403,0.497661
14535,121.125000,-0.672668,0.169412,0.498046
14536,121.133000,-0.673380,0.169412,0.498007
14537,121.142000,-0.674090,0.169365,0.497692
14538,121.150000,-0.674698,0.169335,0.497191
14539,121.158000,-0.674959,0.169374,0.496485
14540,121.167000,-0.674761,0.169445,0.495762
14541,121.175000,-0.674386,0.169441,0.495112
14542,121.183000,-0.673742,0.169395,0.494655
14543,121.192000,-0.673112,0.169408,0.494649
14544,121.200000,-0.672373,0.169452,0.494788
14545,121.208000,-0.671720,0.169483,0.495187
14546,121.217000,-0.671302,0.169535,0.495697
14547,121.225000,-0.671279,0.169536,0.496351
14548,121.233000,-0.671531,0.169452,0.497060
14549,121.242000,-0.671988,0.169385,0.497655
14550,121.250000,-0.672630,0.169401,0.498048
14551,121.258000,-0.673356,0.169416,0.498043
14552,121.267000,-0.674037,0.169375,0.497739
14553,121.275000,-0.674663,0.169323,0.497226
14554,121.283000,-0.674985,0.169352,0.496532
14555,121.292000,-0.674797,0.169436,0.495794
14556,121.300000,-0.674419,0.169411,0.495193
14557,121.308000,-0.673819,0.169384,0.494741
14558,121.317000,-0.673176,0.169399,0.494654
14559,121.325000,-0.672431,0.169432,0.494813
14560,121.333000,-0.671779,0.169454,0.495205
14561,121.342000,-0.671297,0.169529,0.495719
14562,121.350000,-0.671239,0.169536,0.496327
14563,121.358000,-0.671502,0.169450,0.497054
14564,121.367000,-0.671894,0.169401,0.497600
14565,121.375000,-0.672549,0.169414,0.498032
14566,121.383000,-0.673274,0.169421,0.498083
14567,121.392000,-0.673942,0.169406,0.497761
14568,121.400000,-0.674613,0.169313,0.497329
14569,121.408000,-0.674965,0.169345,0.496590
14570,121.417000,-0.674828,0.169431,0.495844
14571,121.425000,-0.674483,0.169415,0.495246
14572,121.433000,-0.673851,0.169377,0.494735
14573,121.442000,-0.673199,0.169391,0.494647
14574,121.450000,-0.672496,0.169427,0.494795
14575,121.458000,-0.671804,0.169480,0.495114
14576,121.467000,-0.671331,0.169527,0.495659
14577,121.475000,-0.671239,0.169549,0.496269
14578,121.483000,-0.671462,0.169475,0.496956
14579,121.492000,-0.671868,0.169399,0.497595
14580,121.500000,-0.672514,0.169425,0.497998
14581,121.508000,-0.673247,0.169405,0.498053
14582,121.517000,-0.673924,0.169371,0.497791
14583,121.525000,-0.674565,0.169322,0.497313
14584,121.533000,-0.674939,0.169357,0.496614
14585,121.542000,-0.674825,0.169433,0.495871
14586,121.550000,-0.674484,0.169424,0.495249
14587,121.558000,-0.673892,0.169407,0.494724
14588,121.567000,-0.673251,0.169407,0.494620
14589,121.575000,-0.672539,0.169444,0.494751
14590,121.583000,-0.671848,0.169473,0.495068
14591,121.592000,-0.671325,0.169560,0.495557
14592,121.600000,-0.671197,0.169580,0.496186
14593,121.608000,-0.671458,0.169500,0.496908
14594,121.617000,-0.671805,0.169432,0.497498
14595,121.625000,-0.672439,0.169431,0.497960
14596,121.633000,-0.673199,0.169423,0.498073
14597,121.642000,-0.673893,0.169408,0.497773
14598,121.650000,-0.674550,0.169326,0.497337
14599,121.658000,-0.674943,0.169354,0.496664
14600,121.667000,-0.674848,0.169425,0.495914
14601,121.675000,-0.674510,0.169446,0.495306
14602,121.683000,-0.673908,0.169416,0.494738
14603,121.692000,-0.673283,0.169393,0.494601
14604,121.700000,-0.672580,0.169428,0.494710
14605,121.708000,-0.671893,0.169468,0.495029
14606,121.717000,-0.671384,0.169524,0.495584
14607,121.725000,-0.671193,0.169578,0.496147
14608,121.733000,-0.671429,0.169499,0.496870
14609,121.742000,-0.671784,0.169434,0.497459
14610,121.750000,-0.672379,0.169432,0.497939
14611,121.758000,-0.673137,0.169407,0.498108
14612,121.767000,-0.673800,0.169388,0.497824
14613,121.775000,-0.674493,0.169328,0.497403
14614,121.783000,-0.674904,0.169351,0.496729
14615,121.792000,-0.674888,0.169396,0.495995
14616,121.800000,-0.674546,0.169436,0.495366
14617,121.808000,-0.673987,0.169397,0.494813
14618,121.817000,-0.673329,0.169374,0.494642
14619,121.825000,-0.672643,0.169411,0.494698
14620,121.833000,-0.671933,0.169469,0.495019
14621,121.842000,-0.671387,0.169521,0.495522
14622,121.850000,-0.671195,0.169565,0.496118
14623,121.858000,-0.671397,0.169499,0.496803
14624,121.867000,-0.671764,0.169403,0.497458
14625,121.875000,-0.672337,0.169429,0.497911
14626,121.883000,-0.673083,0.169422,0.498094
14627,121.892000,-0.673743,0.169418,0.497844
14628,121.900000,-0.674414,0.169324,0.497458
14629,121.908000,-0.674874,0.169340,0.496801
14630,121.917000,-0.674897,0.169411,0.496062
14631,121.925000,-0.674588,0.169439,0.495402
14632,121.933000,-0.674027,0.169398,0.494829
14633,121.942000,-0.673347,0.169396,0.494611
14634,121.950000,-0.672673,0.169425,0.494713
14635,121.958000,-0.671953,0.169483,0.494993
14636,121.967000,-0.671385,0.169536,0.495486
14637,121.975000,-0.671184,0.169558,0.496075
14638,121.983000,-0.671391,0.169494,0.496780
14639,121.992000,-0.671720,0.169404,0.497435
14640,122.000000,-0.672291,0.169429,0.497892
14641,122.008000,-0.673050,0.169433,0.498122
14642,122.017000,-0.673708,0.169393,0.497864
14643,122.025000,-0.674399,0.169338,0.497482
14644,122.033000,-0.674865,0.169340,0.496835
14645,122.042000,-0.674923,0.169397,0.496107
14646,122.050000,-0.674593,0.169436,0.495465
14647,122.058000,-0.674100,0.169402,0.494891
14648,122.067000,-0.673440,0.169373,0.494638
14649,122.075000,-0.672743,0.169405,0.494692
14650,122.083000,-0.672022,0.169455,0.494963
14651,122.092000,-0.671440,0.169525,0.495444
14652,122.100000,-0.671175,0.169561,0.496033
14653,122.108000,-0.671361,0.169522,0.496718
14654,122.117000,-0.671704,0.169414,0.497380
14655,122.125000,-0.672274,0.169404,0.497895
14656,122.133000,-0.672986,0.169421,0.498106
14657,122.142000,-0.673667,0.169427,0.497881
14658,122.150000,-0.674355,0.169355,0.497506
14659,122.158000,-0.674859,0.169347,0.496853
14660,122.167000,-0.674947,0.169391,0.496122
14661,122.175000,-0.674624,0.169444,0.495465
14662,122.183000,-0.674124,0.169391,0.494852
14663,122.192000,-0.673437,0.169373,0.494589
14664,122.200000,-0.672814,0.169399,0.494662
14665,122.208000,-0.672071,0.169457,0.494927
14666,122.217000,-0.671474,0.169516,0.495425
14667,122.225000,-0.671186,0.169562,0.495981
14668,122.233000,-0.671338,0.169489,0.496659
14669,122.242000,-0.671669,0.169410,0.497338
14670,122.250000,-0.672199,0.169428,0.497826
14671,122.258000,-0.672973,0.169396,0.498108
14672,122.267000,-0.673620,0.169413,0.497892
14673,122.275000,-0.674311,0.169349,0.497523
14674,122.283000,-0.674850,0.169350,0.496914
14675,122.292000,-0.674941,0.169407,0.496178
14676,122.300000,-0.674627,0.169452,0.495482
14677,122.308000,-0.674174,0.169398,0.494902
14678,122.317000,-0.673461,0.169383,0.494612
14679,122.325000,-0.672821,0.169414,0.494665
14680,122.333000,-0.672092,0.169449,0.494921
14681,122.342000,-0.671497,0.169502,0.495405
14682,122.350000,-0.671209,0.169566,0.495949
14683,122.358000,-0.671328,0.169528,0.496614
14684,122.367000,-0.671674,0.169426,0.497333
14685,122.375000,-0.672199,0.169405,0.497816
14686,122.383000,-0.672906,0.169411,0.498098
14687,122.392000,-0.673592,0.169420,0.497919
14688,122.400000,-0.674302,0.169363,0.497559
14689,122.408000,-0.674837,0.169339,0.496944
14690,122.417000,-0.674971,0.169393,0.496225
14691,122.425000,-0.674660,0.169447,0.495543
14692,122.433000,-0.674207,0.169414,0.494946
14693,122.442000,-0.673534,0.169403,0.494636
14694,122.450000,-0.672870,0.169413,0.494674
14695,122.458000,-0.672134,0.169449,0.494904
14696,122.467000,-0.671530,0.169508,0.495374
14697,122.475000,-0.671221,0.169563,0.495933
14698,122.483000,-0.671322,0.169520,0.496599
14699,122.492000,-0.671644,0.169416,0.497287
14700,122.500000,-0.672125,0.169415,0.497778
14701,122.508000,-0.672879,0.169397,0.498087
14702,122.517000,-0.673545,0.169418,0.497919
14703,122.525000,-0.674247,0.169344,0.497577
14704,122.533000,-0.674791,0.169320,0.497002
14705,122.542000,-0.674951,0.169388,0.496238
14706,122.550000,-0.674683,0.169443,0.495559
14707,122.558000,-0.674228,0.169402,0.494974
14708,122.567000,-0.673515,0.169403,0.494601
14709,122.575000,-0.672908,0.169413,0.494656
14710,122.583000,-0.672159,0.169455,0.494866
14711,122.592000,-0.671551,0.169503,0.495345
14712,122.600000,-0.671220,0.169551,0.495888
14713,122.608000,-0.671321,0.169517,0.496552
14714,122.617000,-0.671624,0.169432,0.497260
14715,122.625000,-0.672124,0.169414,0.497769
14716,122.633000,-0.672819,0.169407,0.498082
14717,122.642000,-0.673514,0.169417,0.497957
14718,122.650000,-0.674231,0.169350,0.497605
14719,122.658000,-0.674778,0.169331,0.497027
14720,122.667000,-0.674971,0.169370,0.496309
14721,122.675000,-0.674672,0.169434,0.495597
14722,122.683000,-0.674253,0.169398,0.494986
14723,122.692000,-0.673579,0.169382,0.494624
14724,122.700000,-0.672933,0.169404,0.494631
14725,122.708000,-0.672192,0.169447,0.494849
14726,122.717000,-0.671574,0.169505,0.495294
14727,122.725000,-0.671239,0.169543,0.495853
14728,122.733000,-0.671309,0.169505,0.496482
14729,122.742000,-0.671613,0.169404,0.497238
14730,122.750000,-0.672067,0.169383,0.497727
14731,122.758000,-0.672787,0.169378,0.498068
14732,122.767000,-0.673482,0.169398,0.497968
14733,122.775000,-0.674170,0.169352,0.497622
14734,122.783000,-0.674761,0.169312,0.497061
14735,122.792000,-0.674969,0.169347,0.496336
14736,122.800000,-0.674716,0.169426,0.495627
14737,122.808000,-0.674315,0.169397,0.495008
14738,122.817000,-0.673607,0.169358,0.494610
14739,122.825000,-0.673016,0.169381,0.494647
14740,122.833000,-0.672249,0.169442,0.494821
14741,122.842000,-0.671601,0.169491,0.495267
14742,122.850000,-0.671223,0.169541,0.495814
14743,122.858000,-0.671295,0.169512,0.496482
14744,122.867000,-0.671564,0.169426,0.497170
14745,122.875000,-0.672045,0.169387,0.497737
14746,122.883000,-0.672738,0.169391,0.498080
14747,122.892000,-0.673442,0.169406,0.497962
14748,122.900000,-0.674143,0.169350,0.497657
14749,122.908000,-0.674718,0.169297,0.497123
14750,122.917000,-0.674972,0.169366,0.496387
14751,122.925000,-0.674712,0.169436,0.495660
14752,122.933000,-0.674343,0.169413,0.495068
14753,122.942000,-0.673667,0.169375,0.494661
14754,122.950000,-0.673026,0.169389,0.494641
14755,122.958000,-0.672295,0.169443,0.494817
14756,122.967000,-0.671664,0.169476,0.495261
14757,122.975000,-0.671256,0.169534,0.495781
14758,122.983000,-0.671264,0.169527,0.496425
14759,122.992000,-0.671547,0.169452,0.497149
14760,123.000000,-0.671998,0.169397,0.497679
14761,123.008000,-0.672680,0.169413,0.498049
14762,123.017000,-0.673397,0.169417,0.498018
14763,123.025000,-0.674101,0.169363,0.497696
14764,123.033000,-0.674701,0.169313,0.497140
14765,123.042000,-0.674970,0.169372,0.496427
14766,123.050000,-0.674730,0.169432,0.495723
14767,123.058000,-0.674360,0.169416,0.495090
14768,123.067000,-0.673694,0.169400,0.494643
14769,123.075000,-0.673094,0.169392,0.494652
14770,123.083000,-0.672335,0.169446,0.494819
14771,123.092000,-0.671691,0.169464,0.495223
14772,123.100000,-0.671273,0.169539,0.495761
14773,123.108000,-0.671264,0.169543,0.496389
14774,123.117000,-0.671536,0.169439,0.497110
14775,123.125000,-0.672004,0.169397,0.497670
14776,123.133000,-0.672643,0.169411,0.498048
14777,123.142000,-0.673363,0.169412,0.498012
14778,123.150000,-0.674071,0.169374,0.497715
14779,123.158000,-0.674688,0.169298,0.497199
14780,123.167000,-0.674964,0.169364,0.496465
14781,123.175000,-0.674774,0.169421,0.495745
14782,123.183000,-0.674398,0.169422,0.495137
14783,123.192000,-0.673757,0.169390,0.494700
14784,123.200000,-0.673107,0.169395,0.494611
14785,123.208000,-0.672388,0.169449,0.494778
14786,123.217000,-0.671754,0.169474,0.495209
14787,123.225000,-0.671314,0.169551,0.495706
14788,123.233000,-0.671259,0.169542,0.496362
14789,123.242000,-0.671524,0.169463,0.497081
14790,123.250000,-0.671952,0.169415,0.497619
14791,123.258000,-0.672602,0.169420,0.498025
14792,123.267000,-0.673323,0.169422,0.498006
14793,123.275000,-0.674034,0.169369,0.497711
14794,123.283000,-0.674660,0.169318,0.497200
14795,123.292000,-0.674969,0.169373,0.496509
14796,123.300000,-0.674784,0.169449,0.495763
14797,123.308000,-0.674415,0.169434,0.495171
14798,123.317000,-0.673776,0.169402,0.494701
14799,123.325000,-0.673150,0.169388,0.494638
14800,123.333000,-0.672414,0.169440,0.494788
14801,123.342000,-0.671738,0.169468,0.495151
14802,123.350000,-0.671288,0.169533,0.495689
14803,123.358000,-0.671255,0.169529,0.496319
14804,123.367000,-0.671509,0.169453,0.497012
14805,123.375000,-0.671923,0.169403,0.497589
14806,123.383000,-0.672586,0.169409,0.498003
14807,123.392000,-0.673314,0.169401,0.498039
14808,123.400000,-0.673985,0.169372,0.497735
14809,123.408000,-0.674635,0.169312,0.497273
14810,123.417000,-0.674948,0.169354,0.496550
14811,123.425000,-0.674795,0.169439,0.495816
14812,123.433000,-0.674436,0.169448,0.495204
14813,123.442000,-0.673816,0.169417,0.494724
14814,123.450000,-0.673205,0.169388,0.494643
14815,123.458000,-0.672460,0.169445,0.494778
14816,123.467000,-0.671786,0.169478,0.495149
14817,123.475000,-0.671297,0.169555,0.495640
14818,123.483000,-0.671225,0.169546,0.496281
14819,123.492000,-0.671486,0.169472,0.497006
14820,123.500000,-0.671883,0.169423,0.497580
14821,123.508000,-0.672520,0.169433,0.498001
14822,123.517000,-0.673266,0.169443,0.498044
14823,123.525000,-0.673941,0.169422,0.497753
14824,123.533000,-0.674592,0.169347,0.497282
14825,123.542000,-0.674942,0.169382,0.496604
14826,123.550000,-0.674820,0.169453,0.495855
14827,123.558000,-0.674466,0.169441,0.495246
14828,123.567000,-0.673855,0.169394,0.494728
14829,123.575000,-0.673228,0.169408,0.494624
14830,123.583000,-0.672498,0.169464,0.494744
14831,123.592000,-0.671824,0.169495,0.495083
14832,123.600000,-0.671331,0.169559,0.495611
14833,123.608000,-0.671188,0.169569,0.496213
14834,123.617000,-0.671464,0.169486,0.496945
14835,123.625000,-0.671844,0.169414,0.497518
14836,123.633000,-0.672474,0.169424,0.497964
14837,123.642000,-0.673228,0.169408,0.498098
14838,123.650000,-0.673915,0.169399,0.497784
14839,123.658000,-0.674586,0.169319,0.497353
14840,123.667000,-0.674945,0.169323,0.496641
14841,123.675000,-0.674851,0.169411,0.495905
14842,123.683000,-0.674518,0.169426,0.495302
14843,123.692000,-0.673923,0.169384,0.494741
14844,123.700000,-0.673275,0.169382,0.494606
14845,123.708000,-0.672578,0.169425,0.494718
14846,123.717000,-0.671878,0.169457,0.495042
14847,123.725000,-0.671355,0.169537,0.495596
14848,123.733000,-0.671197,0.169562,0.496188
14849,123.742000,-0.671439,0.169493,0.496883
14850,123.750000,-0.671823,0.169426,0.497533
14851,123.758000,-0.672433,0.169437,0.497981
14852,123.767000,-0.673179,0.169400,0.498081
14853,123.775000,-0.673840,0.169407,0.497808
14854,123.783000,-0.674510,0.169331,0.497393
14855,123.792000,-0.674939,0.169370,0.496706
14856,123.800000,-0.674875,0.169443,0.495989
14857,123.808000,-0.674522,0.169461,0.495324
14858,123.817000,-0.673960,0.169396,0.494796
14859,123.825000,-0.673321,0.169370,0.494637
14860,123.833000,-0.672635,0.169407,0.494725
14861,123.842000,-0.671942,0.169466,0.495041
14862,123.850000,-0.671410,0.169530,0.495549
14863,123.858000,-0.671201,0.169559,0.496137
14864,123.867000,-0.671423,0.169487,0.496855
14865,123.875000,-0.671765,0.169400,0.497443
14866,123.883000,-0.672369,0.169414,0.497923
14867,123.892000,-0.673126,0.169402,0.498105
14868,123.900000,-0.673782,0.169401,0.497828
14869,123.908000,-0.674480,0.169331,0.497420
14870,123.917000,-0.674914,0.169351,0.496753
14871,123.925000,-0.674893,0.169412,0.496024
14872,123.933000,-0.674573,0.169436,0.495372
14873,123.942000,-0.674012,0.169397,0.494805
14874,123.950000,-0.673334,0.169377,0.494630
14875,123.958000,-0.672666,0.169408,0.494707
14876,123.967000,-0.671974,0.169465,0.495026
14877,123.975000,-0.671430,0.169526,0.495535
14878,123.983000,-0.671221,0.169550,0.496093
14879,123.992000,-0.671400,0.169504,0.496792
14880,124.000000,-0.671765,0.169420,0.497454
14881,124.008000,-0.672359,0.169428,0.497923
14882,124.017000,-0.673093,0.169427,0.498112
14883,124.025000,-0.673755,0.169417,0.497844
14884,124.033000,-0.674438,0.169370,0.497445
14885,124.042000,-0.674906,0.169370,0.496797
14886,124.050000,-0.674932,0.169418,0.496076
14887,124.058000,-0.674587,0.169465,0.495404
14888,124.067000,-0.674069,0.169416,0.494858
14889,124.075000,-0.673406,0.169407,0.494627
14890,124.083000,-0.672743,0.169420,0.494706
14891,124.092000,-0.672007,0.169463,0.494997
14892,124.100000,-0.671445,0.169545,0.495452
14893,124.108000,-0.671212,0.169570,0.496039
14894,124.117000,-0.671385,0.169521,0.496734
14895,124.125000,-0.671720,0.169447,0.497383
14896,124.133000,-0.672244,0.169453,0.497866
14897,124.142000,-0.673035,0.169438,0.498138
14898,124.150000,-0.673675,0.169430,0.497883
14899,124.158000,-0.674395,0.169356,0.497496
14900,124.167000,-0.674885,0.169355,0.496863
14901,124.175000,-0.674938,0.169426,0.496153
14902,124.183000,-0.674616,0.169473,0.495473
14903,124.192000,-0.674116,0.169426,0.494880
14904,124.200000,-0.673425,0.169406,0.494602
14905,124.208000,-0.672798,0.169423,0.494697
14906,124.217000,-0.672071,0.169466,0.494964
14907,124.225000,-0.671473,0.169537,0.495423
14908,124.233000,-0.671209,0.169580,0.495987
14909,124.242000,-0.671359,0.169502,0.496675
14910,124.250000,-0.671685,0.169432,0.497345
14911,124.258000,-0.672241,0.169429,0.497868
14912,124.267000,-0.672953,0.169414,0.498080
14913,124.275000,-0.673620,0.169412,0.497888
14914,124.283000,-0.674336,0.169352,0.497519
14915,124.292000,-0.674842,0.169353,0.496899
14916,124.300000,-0.674947,0.169401,0.496180
14917,124.308000,-0.674635,0.169427,0.495512
14918,124.317000,-0.674161,0.169420,0.494904
14919,124.325000,-0.673494,0.169389,0.494650
14920,124.333000,-0.672839,0.169410,0.494679
14921,124.342000,-0.672085,0.169449,0.494910
14922,124.350000,-0.671504,0.169519,0.495414
14923,124.358000,-0.671180,0.169577,0.495954
14924,124.367000,-0.671319,0.169528,0.496629
14925,124.375000,-0.671648,0.169423,0.497325
14926,124.383000,-0.672171,0.169417,0.497817
14927,124.392000,-0.672901,0.169417,0.498105
14928,124.400000,-0.673561,0.169425,0.497924
14929,124.408000,-0.674272,0.169349,0.497564
14930,124.417000,-0.674812,0.169319,0.496976
14931,124.425000,-0.674963,0.169385,0.496259
14932,124.433000,-0.674650,0.169460,0.495550
14933,124.442000,-0.674224,0.169434,0.494973
14934,124.450000,-0.673495,0.169397,0.494613
14935,124.458000,-0.672907,0.169418,0.494684
14936,124.467000,-0.672160,0.169471,0.494902
14937,124.475000,-0.671540,0.169504,0.495355
14938,124.483000,-0.671210,0.169550,0.495928
14939,124.492000,-0.671308,0.169546,0.496581
14940,124.500000,-0.671642,0.169442,0.497287
14941,124.508000,-0.672152,0.169426,0.497819
14942,124.517000,-0.672891,0.169424,0.498119
14943,124.525000,-0.673557,0.169435,0.497950
14944,124.533000,-0.674226,0.169387,0.497594
14945,124.542000,-0.674791,0.169346,0.497015
14946,124.550000,-0.674983,0.169402,0.496288
14947,124.558000,-0.674698,0.169457,0.495603
14948,124.567000,-0.674268,0.169421,0.495008
14949,124.575000,-0.673602,0.169405,0.494669
14950,124.583000,-0.672958,0.169415,0.494653
14951,124.592000,-0.672207,0.169465,0.494858
14952,124.600000,-0.671580,0.169502,0.495360
14953,124.608000,-0.671211,0.169571,0.495872
14954,124.617000,-0.671288,0.169536,0.496525
14955,124.625000,-0.671606,0.169436,0.497250
14956,124.633000,-0.672102,0.169409,0.497757
14957,124.642000,-0.672800,0.169404,0.498092
14958,124.650000,-0.673473,0.169423,0.497966
14959,124.658000,-0.674177,0.169371,0.497628
14960,124.667000,-0.674766,0.169331,0.497077
14961,124.675000,-0.674963,0.169385,0.496357
14962,124.683000,-0.674717,0.169467,0.495658
14963,124.692000,-0.674304,0.169453,0.494996
14964,124.700000,-0.673631,0.169413,0.494625
14965,124.708000,-0.673027,0.169407,0.494638
14966,124.717000,-0.672272,0.169452,0.494845
14967,124.725000,-0.671643,0.169481,0.495283
14968,124.733000,-0.671258,0.169549,0.495820
14969,124.742000,-0.671298,0.169522,0.496472
14970,124.750000,-0.671593,0.169440,0.497180
14971,124.758000,-0.672032,0.169408,0.497671
14972,124.767000,-0.672740,0.169395,0.498060
14973,124.775000,-0.673421,0.169405,0.497983
14974,124.783000,-0.674126,0.169351,0.497657
14975,124.792000,-0.674724,0.169301,0.497140
14976,124.800000,-0.674970,0.169354,0.496397
14977,124.808000,-0.674744,0.169425,0.495689
14978,124.817000,-0.674376,0.169402,0.495099
14979,124.825000,-0.673712,0.169382,0.494661
14980,124.833000,-0.673077,0.169389,0.494630
14981,124.842000,-0.672322,0.169450,0.494794
14982,124.850000,-0.671674,0.169482,0.495240
14983,124.858000,-0.671256,0.169537,0.495765
14984,124.867000,-0.671279,0.169530,0.496406
14985,124.875000,-0.671547,0.169441,0.497123
14986,124.883000,-0.671989,0.169397,0.497662
14987,124.892000,-0.672653,0.169425,0.498041
14988,124.900000,-0.673378,0.169421,0.497986
14989,124.908000,-0.674074,0.169390,0.497678
14990,124.917000,-0.674680,0.169324,0.497173
14991,124.925000,-0.674974,0.169368,0.496477
14992,124.933000,-0.674771,0.169432,0.495742
14993,124.942000,-0.674408,0.169414,0.495122
14994,124.950000,-0.673757,0.169387,0.494655
14995,124.958000,-0.673131,0.169408,0.494623
14996,124.967000,-0.672376,0.169445,0.494795
14997,124.975000,-0.671695,0.169466,0.495192
14998,124.983000,-0.671273,0.169522,0.495741
14999,124.992000,-0.671245,0.169526,0.496336
15000,125.000000,-0.671532,0.169446,0.497085
15001,125.008000,-0.671949,0.169402,0.497594
15002,125.017000,-0.672616,0.169408,0.498012
15003,125.025000,-0.673320,0.169421,0.498040
15004,125.033000,-0.673992,0.169388,0.497745
15005,125.042000,-0.674644,0.169325,0.497243
15006,125.050000,-0.674958,0.169366,0.496516
15007,125.058000,-0.674772,0.169455,0.495754
15008,125.067000,-0.674430,0.169421,0.495173
15009,125.075000,-0.673778,0.169399,0.494693
15010,125.083000,-0.673166,0.169391,0.494621
15011,125.092000,-0.672447,0.169435,0.494787
15012,125.100000,-0.671761,0.169474,0.495159
15013,125.108000,-0.671303,0.169551,0.495636
15014,125.117000,-0.671249,0.169540,0.496291
15015,125.125000,-0.671503,0.169454,0.496999
15016,125.133000,-0.671918,0.169397,0.497596
15017,125.142000,-0.672567,0.169406,0.498004
15018,125.150000,-0.673283,0.169419,0.498037
15019,125.158000,-0.673959,0.169390,0.497751
15020,125.167000,-0.674604,0.169331,0.497271
15021,125.175000,-0.674960,0.169339,0.496569
15022,125.183000,-0.674806,0.169426,0.495836
15023,125.192000,-0.674440,0.169424,0.495207
15024,125.200000,-0.673843,0.169383,0.494713
15025,125.208000,-0.673224,0.169388,0.494625
15026,125.217000,-0.672486,0.169437,0.494738
15027,125.225000,-0.671815,0.169471,0.495097
15028,125.233000,-0.671351,0.169539,0.495617
15029,125.242000,-0.671215,0.169533,0.496241
15030,125.250000,-0.671465,0.169478,0.496969
15031,125.258000,-0.671839,0.169411,0.497548
15032,125.267000,-0.672505,0.169414,0.497980
15033,125.275000,-0.673252,0.169421,0.498075
15034,125.283000,-0.673923,0.169403,0.497776
15035,125.292000,-0.674573,0.169330,0.497295
15036,125.300000,-0.674942,0.169350,0.496636
15037,125.308000,-0.674844,0.169437,0.495881
15038,125.317000,-0.674513,0.169423,0.495285
15039,125.325000,-0.673924,0.169393,0.494747
15040,125.333000,-0.673262,0.169387,0.494611
15041,125.342000,-0.672557,0.169429,0.494745
15042,125.350000,-0.671868,0.169472,0.495080
15043,125.358000,-0.671375,0.169515,0.495608
15044,125.367000,-0.671215,0.169541,0.496220
15045,125.375000,-0.671454,0.169491,0.496891
15046,125.383000,-0.671851,0.169412,0.497527
15047,125.392000,-0.672440,0.169409,0.497974
15048,125.400000,-0.673185,0.169401,0.498078
15049,125.408000,-0.673856,0.169396,0.497808
15050,125.417000,-0.674501,0.169329,0.497369
15051,125.425000,-0.674934,0.169353,0.496694
15052,125.433000,-0.674885,0.169400,0.495954
15053,125.442000,-0.674530,0.169440,0.495318
15054,125.450000,-0.673956,0.169398,0.494774
15055,125.458000,-0.673315,0.169368,0.494631
15056,125.467000,-0.672601,0.169406,0.494724
15057,125.475000,-0.671903,0.169466,0.495047
15058,125.483000,-0.671385,0.169518,0.495536
15059,125.492000,-0.671202,0.169565,0.496121
15060,125.500000,-0.671431,0.169477,0.496853
15061,125.508000,-0.671780,0.169398,0.497466
15062,125.517000,-0.672341,0.169424,0.497909
15063,125.525000,-0.673143,0.169387,0.498106
15064,125.533000,-0.673786,0.169394,0.497822
15065,125.542000,-0.674477,0.169318,0.497430
15066,125.550000,-0.674906,0.169333,0.496754
15067,125.558000,-0.674889,0.169413,0.495997
15068,125.567000,-0.674565,0.169437,0.495389
15069,125.575000,-0.674016,0.169411,0.494820
15070,125.583000,-0.673327,0.169381,0.494614
15071,125.592000,-0.672677,0.169422,0.494705
15072,125.600000,-0.671950,0.169468,0.494997
15073,125.608000,-0.671405,0.169532,0.495527
15074,125.617000,-0.671196,0.169576,0.496077
15075,125.625000,-0.671378,0.169515,0.496768
15076,125.633000,-0.671742,0.169418,0.497433
15077,125.642000,-0.672333,0.169425,0.497920
15078,125.650000,-0.673072,0.169410,0.498108
15079,125.658000,-0.673727,0.169408,0.497863
15080,125.667000,-0.674435,0.169337,0.497466
15081,125.675000,-0.674872,0.169361,0.496797
15082,125.683000,-0.674929,0.169411,0.496090
15083,125.692000,-0.674581,0.169457,0.495423
15084,125.700000,-0.674066,0.169413,0.494848
15085,125.708000,-0.673397,0.169416,0.494629
15086,125.717000,-0.672706,0.169427,0.494686
15087,125.725000,-0.671989,0.169457,0.494953
15088,125.733000,-0.671427,0.169524,0.495469
15089,125.742000,-0.671186,0.169552,0.496049
15090,125.750000,-0.671371,0.169503,0.496732
15091,125.758000,-0.671707,0.169430,0.497408
15092,125.767000,-0.672263,0.169424,0.497875
15093,125.775000,-0.672997,0.169410,0.498116
15094,125.783000,-0.673669,0.169417,0.497873
15095,125.792000,-0.674372,0.169351,0.497487
15096,125.800000,-0.674858,0.169333,0.496867
15097,125.808000,-0.674915,0.169388,0.496129
15098,125.817000,-0.674612,0.169452,0.495452
15099,125.825000,-0.674115,0.169400,0.494865
15100,125.833000,-0.673416,0.169390,0.494628
15101,125.842000,-0.672767,0.169419,0.494673
15102,125.850000,-0.672044,0.169460,0.494949
15103,125.858000,-0.671457,0.169533,0.495433
15104,125.867000,-0.671175,0.169568,0.495985
15105,125.875000,-0.671354,0.169496,0.496691
15106,125.883000,-0.671676,0.169401,0.497350
15107,125.892000,-0.672228,0.169408,0.497866
15108,125.900000,-0.672979,0.169408,0.498106
15109,125.908000,-0.673633,0.169423,0.497895
15110,125.917000,-0.674312,0.169365,0.497507
15111,125.925000,-0.674840,0.169346,0.496881
15112,125.933000,-0.674935,0.169382,0.496163
15113,125.942000,-0.674639,0.169447,0.495476
15114,125.950000,-0.674152,0.169415,0.494888
15115,125.958000,-0.673477,0.169398,0.494614
15116,125.967000,-0.672812,0.169421,0.494635
15117,125.975000,-0.672071,0.169463,0.494881
15118,125.983000,-0.671459,0.169540,0.495389
15119,125.992000,-0.671176,0.169583,0.495937
15120,126.000000,-0.671320,0.169521,0.496625
15121,126.008000,-0.671631,0.169432,0.497305
15122,126.017000,-0.672159,0.169421,0.497815
15123,126.025000,-0.672916,0.169414,0.498079
15124,126.033000,-0.673578,0.169431,0.497870
15125,126.042000,-0.674281,0.169367,0.497506
15126,126.050000,-0.674799,0.169351,0.496901
15127,126.058000,-0.674930,0.169397,0.496183
15128,126.067000,-0.674639,0.169457,0.495523
15129,126.075000,-0.674170,0.169448,0.494870
15130,126.083000,-0.673475,0.169402,0.494587
15131,126.092000,-0.672842,0.169425,0.494633
15132,126.100000,-0.672128,0.169469,0.494865
15133,126.108000,-0.671533,0.169521,0.495327
15134,126.117000,-0.671197,0.169587,0.495871
15135,126.125000,-0.671339,0.169533,0.496544
15136,126.133000,-0.671616,0.169454,0.497252
15137,126.142000,-0.672126,0.169436,0.497758
15138,126.150000,-0.672864,0.169419,0.498045
15139,126.158000,-0.673541,0.169441,0.497869
15140,126.167000,-0.674245,0.169375,0.497518
15141,126.175000,-0.674789,0.169356,0.496934
15142,126.183000,-0.674938,0.169401,0.496241
15143,126.192000,-0.674650,0.169464,0.495529
15144,126.200000,-0.674200,0.169458,0.494897
15145,126.208000,-0.673521,0.169427,0.494605
15146,126.217000,-0.672885,0.169440,0.494615
15147,126.225000,-0.672148,0.169505,0.494812
15148,126.233000,-0.671560,0.169524,0.495304
15149,126.242000,-0.671199,0.169582,0.495848
15150,126.250000,-0.671279,0.169555,0.496526
15151,126.258000,-0.671597,0.169447,0.497218
15152,126.267000,-0.672070,0.169425,0.497713
15153,126.275000,-0.672803,0.169419,0.498036
15154,126.283000,-0.673490,0.169433,0.497916
15155,126.292000,-0.674186,0.169366,0.497545
15156,126.300000,-0.674752,0.169342,0.496992
15157,126.308000,-0.674934,0.169388,0.496275
15158,126.317000,-0.674666,0.169451,0.495586
15159,126.325000,-0.674265,0.169418,0.494981
15160,126.333000,-0.673566,0.169398,0.494577
15161,126.342000,-0.672972,0.169409,0.494649
15162,126.350000,-0.672216,0.169455,0.494841
15163,126.358000,-0.671567,0.169503,0.495283
15164,126.367000,-0.671224,0.169555,0.495848
15165,126.375000,-0.671292,0.169538,0.496491
15166,126.383000,-0.671589,0.169431,0.497210
15167,126.392000,-0.672069,0.169391,0.497737
15168,126.400000,-0.672770,0.169395,0.498074
15169,126.408000,-0.673460,0.169408,0.497963
15170,126.417000,-0.674173,0.169355,0.497638
15171,126.425000,-0.674750,0.169321,0.497070
15172,126.433000,-0.674983,0.169369,0.496367
15173,126.442000,-0.674698,0.169431,0.495651
15174,126.450000,-0.674316,0.169400,0.495068
15175,126.458000,-0.673638,0.169368,0.494651
15176,126.467000,-0.673010,0.169370,0.494632
15177,126.475000,-0.672265,0.169422,0.494831
15178,126.483000,-0.671627,0.169478,0.495275
15179,126.492000,-0.671237,0.169529,0.495804
15180,126.500000,-0.671273,0.169513,0.496460
15181,126.508000,-0.671572,0.169424,0.497191
15182,126.517000,-0.672035,0.169383,0.497721
15183,126.525000,-0.672722,0.169388,0.498064
15184,126.533000,-0.673434,0.169407,0.497988
15185,126.542000,-0.674161,0.169353,0.497683
15186,126.550000,-0.674719,0.169312,0.497127
15187,126.558000,-0.674968,0.169371,0.496411
15188,126.567000,-0.674714,0.169434,0.495689
15189,126.575000,-0.674349,0.169408,0.495071
15190,126.583000,-0.673670,0.169379,0.494642
15191,126.592000,-0.673059,0.169390,0.494650
15192,126.600000,-0.672304,0.169441,0.494806
15193,126.608000,-0.671665,0.169485,0.495221
15194,126.617000,-0.671256,0.169553,0.495760
15195,126.625000,-0.671273,0.169534,0.496397
15196,126.633000,-0.671571,0.169452,0.497145
15197,126.642000,-0.671962,0.169408,0.497657
15198,126.650000,-0.672683,0.169417,0.498052
15199,126.658000,-0.673419,0.169419,0.498007
15200,126.667000,-0.674097,0.169377,0.497669
15201,126.675000,-0.674708,0.169306,0.497175
15202,126.683000,-0.674967,0.169359,0.496452
15203,126.692000,-0.674737,0.169447,0.495723
15204,126.700000,-0.674375,0.169424,0.495140
15205,126.708000,-0.673694,0.169381,0.494675
15206,126.717000,-0.673093,0.169389,0.494642
15207,126.725000,-0.672353,0.169435,0.494788
15208,126.733000,-0.671688,0.169467,0.495183
15209,126.742000,-0.671276,0.169523,0.495733
15210,126.750000,-0.671250,0.169541,0.496368
15211,126.758000,-0.671515,0.169461,0.497091
15212,126.767000,-0.671971,0.169402,0.497669
15213,126.775000,-0.672636,0.169410,0.498036
15214,126.783000,-0.673366,0.169405,0.498005
15215,126.792000,-0.674065,0.169376,0.497701
15216,126.800000,-0.674659,0.169320,0.497182
15217,126.808000,-0.674956,0.169368,0.496481
15218,126.817000,-0.674751,0.169450,0.495714
15219,126.825000,-0.674397,0.169444,0.495120
15220,126.833000,-0.673752,0.169414,0.494663
15221,126.842000,-0.673147,0.169406,0.494594
15222,126.850000,-0.672422,0.169437,0.494763
15223,126.858000,-0.671755,0.169475,0.495157
15224,126.867000,-0.671287,0.169551,0.495690
15225,126.875000,-0.671244,0.169543,0.496320
15226,126.883000,-0.671518,0.169465,0.497053
15227,126.892000,-0.671919,0.169422,0.497609
15228,126.900000,-0.672594,0.169418,0.498029
15229,126.908000,-0.673338,0.169424,0.498052
15230,126.917000,-0.674015,0.169385,0.497722
15231,126.925000,-0.674643,0.169321,0.497264
15232,126.933000,-0.674962,0.169376,0.496544
15233,126.942000,-0.674795,0.169434,0.495803
15234,126.950000,-0.674438,0.169434,0.495184
15235,126.958000,-0.673805,0.169398,0.494687
15236,126.967000,-0.673195,0.169388,0.494629
15237,126.975000,-0.672467,0.169437,0.494774
15238,126.983000,-0.671770,0.169478,0.495141
15239,126.992000,-0.671327,0.169543,0.495685
15240,127.000000,-0.671233,0.169554,0.496322
15241,127.008000,-0.671482,0.169480,0.496996
15242,127.017000,-0.671916,0.169426,0.497578
15243,127.025000,-0.672560,0.169424,0.498007
15244,127.033000,-0.673287,0.169411,0.498031
15245,127.042000,-0.673958,0.169401,0.497740
15246,127.050000,-0.674599,0.169320,0.497278
15247,127.058000,-0.674934,0.169335,0.496583
15248,127.067000,-0.674813,0.169436,0.495838
15249,127.075000,-0.674471,0.169445,0.495233
15250,127.083000,-0.673874,0.169412,0.494706
15251,127.092000,-0.673234,0.169397,0.494595
15252,127.100000,-0.672509,0.169438,0.494734
15253,127.108000,-0.671820,0.169471,0.495097
15254,127.117000,-0.671310,0.169546,0.495583
15255,127.125000,-0.671204,0.169558,0.496214
15256,127.133000,-0.671452,0.169480,0.496926
15257,127.142000,-0.671847,0.169428,0.497503
15258,127.150000,-0.672481,0.169439,0.497922
15259,127.158000,-0.673223,0.169428,0.498024
15260,127.167000,-0.673896,0.169405,0.497743
15261,127.175000,-0.674535,0.169341,0.497305
15262,127.183000,-0.674924,0.169367,0.496630
15263,127.192000,-0.674831,0.169448,0.495882
15264,127.200000,-0.674486,0.169454,0.495272
15265,127.208000,-0.673903,0.169411,0.494730
15266,127.217000,-0.673245,0.169398,0.494590
15267,127.225000,-0.672523,0.169448,0.494723
15268,127.233000,-0.671823,0.169493,0.495042
15269,127.242000,-0.671325,0.169543,0.495581
15270,127.250000,-0.671203,0.169557,0.496192
15271,127.258000,-0.671427,0.169491,0.496885
15272,127.267000,-0.671816,0.169408,0.497506
15273,127.275000,-0.672455,0.169434,0.497934
15274,127.283000,-0.673195,0.169420,0.498066
15275,127.292000,-0.673861,0.169404,0.497783
15276,127.300000,-0.674523,0.169332,0.497345
15277,127.308000,-0.674918,0.169346,0.496659
15278,127.317000,-0.674858,0.169440,0.495904
15279,127.325000,-0.674523,0.169419,0.495304
15280,127.333000,-0.673951,0.169409,0.494747
15281,127.342000,-0.673311,0.169366,0.494611
15282,127.350000,-0.672607,0.169428,0.494717
15283,127.358000,-0.671896,0.169467,0.495042
15284,127.367000,-0.671364,0.169531,0.495547
15285,127.375000,-0.671195,0.169569,0.496152
15286,127.383000,-0.671439,0.169495,0.496872
15287,127.392000,-0.671817,0.169425,0.497475
15288,127.400000,-0.672409,0.169421,0.497937
15289,127.408000,-0.673164,0.169426,0.498076
15290,127.417000,-0.673832,0.169403,0.497810
15291,127.425000,-0.674495,0.169335,0.497384
15292,127.433000,-0.674918,0.169357,0.496713
15293,127.442000,-0.674874,0.169430,0.495962
15294,127.450000,-0.674535,0.169437,0.495332
15295,127.458000,-0.673976,0.169396,0.494758
15296,127.467000,-0.673325,0.169394,0.494577
15297,127.475000,-0.672620,0.169410,0.494714
15298,127.483000,-0.671907,0.169479,0.495012
15299,127.492000,-0.671399,0.169527,0.495529
15300,127.500000,-0.671184,0.169567,0.496119
15301,127.508000,-0.671382,0.169507,0.496829
15302,127.517000,-0.671758,0.169435,0.497429
15303,127.525000,-0.672361,0.169413,0.497904
15304,127.533000,-0.673121,0.169424,0.498106
15305,127.542000,-0.673775,0.169404,0.497808
15306,127.550000,-0.674484,0.169327,0.497413
15307,127.558000,-0.674906,0.169361,0.496748
15308,127.567000,-0.674884,0.169417,0.496001
15309,127.575000,-0.674544,0.169456,0.495346
15310,127.583000,-0.674018,0.169414,0.494783
15311,127.592000,-0.673345,0.169373,0.494608
15312,127.600000,-0.672652,0.169416,0.494692
15313,127.608000,-0.671935,0.169467,0.495013
15314,127.617000,-0.671398,0.169539,0.495505
15315,127.625000,-0.671178,0.169565,0.496079
15316,127.633000,-0.671372,0.169492,0.496786
15317,127.642000,-0.671754,0.169409,0.497426
15318,127.650000,-0.672336,0.169410,0.497919
15319,127.658000,-0.673055,0.169397,0.498092
15320,127.667000,-0.673726,0.169416,0.497842
15321,127.675000,-0.674426,0.169325,0.497455
15322,127.683000,-0.674869,0.169339,0.496791
15323,127.692000,-0.674890,0.169417,0.496046
15324,127.700000,-0.674571,0.169441,0.495405
15325,127.708000,-0.674032,0.169405,0.494821
15326,127.717000,-0.673374,0.169395,0.494596
15327,127.725000,-0.672696,0.169413,0.494687
15328,127.733000,-0.671980,0.169468,0.494964
15329,127.742000,-0.671401,0.169541,0.495464
15330,127.750000,-0.671185,0.169565,0.496054
15331,127.758000,-0.671377,0.169508,0.496750
15332,127.767000,-0.671724,0.169424,0.497405
15333,127.775000,-0.672290,0.169406,0.497872
15334,127.783000,-0.673025,0.169423,0.498105
15335,127.792000,-0.673693,0.169426,0.497858
15336,127.800000,-0.674391,0.169348,0.497471
15337,127.808000,-0.674901,0.169348,0.496832
15338,127.817000,-0.674932,0.169412,0.496085
15339,127.825000,-0.674605,0.169451,0.495426
15340,127.833000,-0.674104,0.169415,0.494826
15341,127.842000,-0.673412,0.169414,0.494592
15342,127.850000,-0.672748,0.169427,0.494675
15343,127.858000,-0.672029,0.169478,0.494956
15344,127.867000,-0.671445,0.169545,0.495461
15345,127.875000,-0.671193,0.169556,0.496019
15346,127.883000,-0.671372,0.169507,0.496695
15347,127.892000,-0.671721,0.169410,0.497385
15348,127.900000,-0.672269,0.169428,0.497895
15349,127.908000,-0.672991,0.169412,0.498094
15350,127.917000,-0.673665,0.169408,0.497894
15351,127.925000,-0.674348,0.169346,0.497501
15352,127.933000,-0.674834,0.169334,0.496888
15353,127.942000,-0.674934,0.169388,0.496154
15354,127.950000,-0.674620,0.169431,0.495466
15355,127.958000,-0.674121,0.169390,0.494872
15356,127.967000,-0.673449,0.169377,0.494628
15357,127.975000,-0.672791,0.169400,0.494684
15358,127.983000,-0.672065,0.169447,0.494952
15359,127.992000,-0.671476,0.169492,0.495422
15360,128.000000,-0.671205,0.169534,0.495995
15361,128.008000,-0.671342,0.169506,0.496666
15362,128.017000,-0.671654,0.169422,0.497337
15363,128.025000,-0.672214,0.169401,0.497854
15364,128.033000,-0.672964,0.169382,0.498128
15365,128.042000,-0.673617,0.169400,0.497903
15366,128.050000,-0.674317,0.169326,0.497543
15367,128.058000,-0.674820,0.169331,0.496927
15368,128.067000,-0.674924,0.169389,0.496178
15369,128.075000,-0.674646,0.169440,0.495503
15370,128.083000,-0.674161,0.169396,0.494896
15371,128.092000,-0.673465,0.169380,0.494604
15372,128.100000,-0.672821,0.169392,0.494684
15373,128.108000,-0.672075,0.169463,0.494912
15374,128.117000,-0.671495,0.169496,0.495398
15375,128.125000,-0.671200,0.169544,0.495967
15376,128.133000,-0.671324,0.169508,0.496632
15377,128.142000,-0.671667,0.169409,0.497347
15378,128.150000,-0.672203,0.169381,0.497868
15379,128.158000,-0.672905,0.169396,0.498115
15380,128.167000,-0.673570,0.169424,0.497914
15381,128.175000,-0.674298,0.169353,0.497552
15382,128.183000,-0.674818,0.169325,0.496934
15383,128.192000,-0.674961,0.169400,0.496208
15384,128.200000,-0.674652,0.169447,0.495516
15385,128.208000,-0.674201,0.169420,0.494906
15386,128.217000,-0.673529,0.169377,0.494625
15387,128.225000,-0.672865,0.169395,0.494677
15388,128.233000,-0.672105,0.169453,0.494891
15389,128.242000,-0.671536,0.169506,0.495376
15390,128.250000,-0.671214,0.169573,0.495923
15391,128.258000,-0.671324,0.169531,0.496584
15392,128.267000,-0.671650,0.169423,0.497289
15393,128.275000,-0.672139,0.169385,0.497803
15394,128.283000,-0.672872,0.169377,0.498103
15395,128.292000,-0.673543,0.169409,0.497939
15396,128.300000,-0.674246,0.169361,0.497573
15397,128.308000,-0.674798,0.169310,0.497002
15398,128.317000,-0.674940,0.169378,0.496262
15399,128.325000,-0.674655,0.169441,0.495551
15400,128.333000,-0.674246,0.169405,0.494985
15401,128.342000,-0.673553,0.169391,0.494613
15402,128.350000,-0.672917,0.169399,0.494656
15403,128.358000,-0.672161,0.169445,0.494884
15404,128.367000,-0.671546,0.169510,0.495362
15405,128.375000,-0.671214,0.169570,0.495899
15406,128.383000,-0.671341,0.169529,0.496558
15407,128.392000,-0.671613,0.169425,0.497263
15408,128.400000,-0.672158,0.169391,0.497800
15409,128.408000,-0.672850,0.169419,0.498096
15410,128.417000,-0.673520,0.169431,0.497935
15411,128.425000,-0.674225,0.169374,0.497577
15412,128.433000,-0.674769,0.169329,0.497013
15413,128.442000,-0.674963,0.169375,0.496291
15414,128.450000,-0.674673,0.169469,0.495568
15415,128.458000,-0.674237,0.169413,0.494951
15416,128.467000,-0.673560,0.169374,0.494623
15417,128.475000,-0.672945,0.169384,0.494655
15418,128.483000,-0.672200,0.169437,0.494879
15419,128.492000,-0.671574,0.169507,0.495335
15420,128.500000,-0.671239,0.169551,0.495876
15421,128.508000,-0.671300,0.169522,0.496535
15422,128.517000,-0.671612,0.169415,0.497265
15423,128.525000,-0.672103,0.169386,0.497778
15424,128.533000,-0.672798,0.169367,0.498083
15425,128.542000,-0.673500,0.169408,0.497951
15426,128.550000,-0.674196,0.169366,0.497608
15427,128.558000,-0.674765,0.169319,0.497056
15428,128.567000,-0.674982,0.169370,0.496326
15429,128.575000,-0.674697,0.169431,0.495613
15430,128.583000,-0.674299,0.169412,0.495003
15431,128.592000,-0.673595,0.169376,0.494634
15432,128.600000,-0.672971,0.169406,0.494649
15433,128.608000,-0.672219,0.169454,0.494867
15434,128.617000,-0.671586,0.169496,0.495316
15435,128.625000,-0.671228,0.169547,0.495859
15436,128.633000,-0.671329,0.169529,0.496527
15437,128.642000,-0.671580,0.169432,0.497206
15438,128.650000,-0.672083,0.169409,0.497763
15439,128.658000,-0.672783,0.169408,0.498095
15440,128.667000,-0.673467,0.169422,0.497944
15441,128.675000,-0.674188,0.169370,0.497640
15442,128.683000,-0.674740,0.169334,0.497065
15443,128.692000,-0.674975,0.169375,0.496347
15444,128.700000,-0.674715,0.169451,0.495629
15445,128.708000,-0.674328,0.169409,0.495031
15446,128.717000,-0.673630,0.169393,0.494633
15447,128.725000,-0.672995,0.169392,0.494637
15448,128.733000,-0.672255,0.169458,0.494842
15449,128.742000,-0.671624,0.169483,0.495296
15450,128.750000,-0.671249,0.169553,0.495832
15451,128.758000,-0.671295,0.169539,0.496462
15452,128.767000,-0.671594,0.169437,0.497186
15453,128.775000,-0.672031,0.169418,0.497693
15454,128.783000,-0.672756,0.169393,0.498089
15455,128.792000,-0.673455,0.169410,0.497983
15456,128.800000,-0.674148,0.169375,0.497637
15457,128.808000,-0.674748,0.169327,0.497114
15458,128.817000,-0.674990,0.169396,0.496389
15459,128.825000,-0.674753,0.169447,0.495681
15460,128.833000,-0.674341,0.169430,0.495053
15461,128.842000,-0.673627,0.169391,0.494664
15462,128.850000,-0.673038,0.169372,0.494658
15463,128.858000,-0.672289,0.169434,0.494837
15464,128.867000,-0.671635,0.169459,0.495262
15465,128.875000,-0.671246,0.169535,0.495772
15466,128.883000,-0.671282,0.169504,0.496442
15467,128.892000,-0.671561,0.169441,0.497134
15468,128.900000,-0.672017,0.169384,0.497689
15469,128.908000,-0.672714,0.169396,0.498055
15470,128.917000,-0.673420,0.169386,0.497975
15471,128.925000,-0.674113,0.169343,0.497671
15472,128.933000,-0.674702,0.169295,0.497136
15473,128.942000,-0.674959,0.169349,0.496396
15474,128.950000,-0.674717,0.169429,0.495672
15475,128.958000,-0.674350,0.169392,0.495091
15476,128.967000,-0.673698,0.169373,0.494681
15477,128.975000,-0.673084,0.169372,0.494623
15478,128.983000,-0.672336,0.169427,0.494788
15479,128.992000,-0.671682,0.169471,0.495241
15480,129.000000,-0.671258,0.169542,0.495733
15481,129.008000,-0.671265,0.169526,0.496397
15482,129.017000,-0.671547,0.169441,0.497123
15483,129.025000,-0.671971,0.169418,0.497661
15484,129.033000,-0.672655,0.169395,0.498065
15485,129.042000,-0.673358,0.169404,0.498009
15486,129.050000,-0.674053,0.169376,0.497666
15487,129.058000,-0.674679,0.169321,0.497151
15488,129.067000,-0.674938,0.169381,0.496453
15489,129.075000,-0.674718,0.169470,0.495724
15490,129.083000,-0.674367,0.169442,0.495093
15491,129.092000,-0.673718,0.169424,0.494665
15492,129.100000,-0.673105,0.169394,0.494640
15493,129.108000,-0.672344,0.169437,0.494813
15494,129.117000,-0.671693,0.169472,0.495218
15495,129.125000,-0.671277,0.169530,0.495738
15496,129.133000,-0.671245,0.169540,0.496370
15497,129.142000,-0.671515,0.169478,0.497072
15498,129.150000,-0.671937,0.169409,0.497642
15499,129.158000,-0.672628,0.169416,0.498040
15500,129.167000,-0.673386,0.169399,0.498058
15501,129.175000,-0.674069,0.169376,0.497716
15502,129.183000,-0.674679,0.169314,0.497210
15503,129.192000,-0.674960,0.169361,0.496483
15504,129.200000,-0.674771,0.169445,0.495764
15505,129.208000,-0.674407,0.169435,0.495157
15506,129.217000,-0.673770,0.169394,0.494680
15507,129.225000,-0.673152,0.169396,0.494644
15508,129.233000,-0.672411,0.169438,0.494788
15509,129.242000,-0.671764,0.169471,0.495171
15510,129.250000,-0.671302,0.169532,0.495704
15511,129.258000,-0.671255,0.169512,0.496350
15512,129.267000,-0.671522,0.169432,0.497071
15513,129.275000,-0.671942,0.169417,0.497611
15514,129.283000,-0.672584,0.169405,0.498032
15515,129.292000,-0.673324,0.169411,0.498029
15516,129.300000,-0.674010,0.169390,0.497726
15517,129.308000,-0.674635,0.169324,0.497223
15518,129.317000,-0.674983,0.169358,0.496551
15519,129.325000,-0.674803,0.169432,0.495806
15520,129.333000,-0.674438,0.169422,0.495181
15521,129.342000,-0.673793,0.169393,0.494686
15522,129.350000,-0.673167,0.169383,0.494635
15523,129.358000,-0.672429,0.169440,0.494756
15524,129.367000,-0.671754,0.169446,0.495145
15525,129.375000,-0.671294,0.169523,0.495666
15526,129.383000,-0.671213,0.169518,0.496283
15527,129.392000,-0.671492,0.169456,0.496993
15528,129.400000,-0.671880,0.169402,0.497562
15529,129.408000,-0.672528,0.169411,0.497989
15530,129.417000,-0.673298,0.169414,0.498052
15531,129.425000,-0.673978,0.169387,0.497741
15532,129.433000,-0.674628,0.169307,0.497285
15533,129.442000,-0.674959,0.169349,0.496587
15534,129.450000,-0.674813,0.169423,0.495836
15535,129.458000,-0.674500,0.169413,0.495270
15536,129.467000,-0.673871,0.169361,0.494737
15537,129.475000,-0.673229,0.169340,0.494636
15538,129.483000,-0.672483,0.169401,0.494761
15539,129.492000,-0.671799,0.169470,0.495115
15540,129.500000,-0.671308,0.169523,0.495658
15541,129.508000,-0.671207,0.169521,0.496267
15542,129.517000,-0.671497,0.169453,0.496955
15543,129.525000,-0.671871,0.169398,0.497563
15544,129.533000,-0.672532,0.169417,0.498003
15545,129.542000,-0.673239,0.169414,0.498055
15546,129.550000,-0.673912,0.169398,0.497785
15547,129.558000,-0.674570,0.169340,0.497311
15548,129.567000,-0.674937,0.169357,0.496617
15549,129.575000,-0.674836,0.169418,0.495899
15550,129.583000,-0.674476,0.169438,0.495285
15551,129.592000,-0.673881,0.169385,0.494746
15552,129.600000,-0.673244,0.169389,0.494626
15553,129.608000,-0.672521,0.169416,0.494744
15554,129.617000,-0.671816,0.169448,0.495077
15555,129.625000,-0.671325,0.169528,0.495600
15556,129.633000,-0.671211,0.169542,0.496200
15557,129.642000,-0.671461,0.169474,0.496939
15558,129.650000,-0.671835,0.169397,0.497534
15559,129.658000,-0.672454,0.169404,0.497979
15560,129.667000,-0.673200,0.169395,0.498090
15561,129.675000,-0.673883,0.169397,0.497794
15562,129.683000,-0.674526,0.169309,0.497350
15563,129.692000,-0.674921,0.169346,0.496679
15564,129.700000,-0.674838,0.169417,0.495926
15565,129.708000,-0.674514,0.169433,0.495305
15566,129.717000,-0.673923,0.169405,0.494761
15567,129.725000,-0.673287,0.169389,0.494627
15568,129.733000,-0.672582,0.169438,0.494727
15569,129.742000,-0.671860,0.169462,0.495051
15570,129.750000,-0.671341,0.169514,0.495583
15571,129.758000,-0.671173,0.169574,0.496144
15572,129.767000,-0.671435,0.169505,0.496881
15573,129.775000,-0.671796,0.169423,0.497464
15574,129.783000,-0.672415,0.169417,0.497924
15575,129.792000,-0.673177,0.169412,0.498086
15576,129.800000,-0.673838,0.169404,0.497807
15577,129.808000,-0.674499,0.169322,0.497399
15578,129.817000,-0.674906,0.169365,0.496692
15579,129.825000,-0.674863,0.169429,0.495959
15580,129.833000,-0.674521,0.169442,0.495333
15581,129.842000,-0.673961,0.169414,0.494782
15582,129.850000,-0.673324,0.169391,0.494617
15583,129.858000,-0.672637,0.169415,0.494725
15584,129.867000,-0.671910,0.169463,0.495018
15585,129.875000,-0.671368,0.169537,0.495514
15586,129.883000,-0.671180,0.169542,0.496142
15587,129.892000,-0.671408,0.169483,0.496846
15588,129.900000,-0.671761,0.169402,0.497451
15589,129.908000,-0.672361,0.169416,0.497920
15590,129.917000,-0.673114,0.169396,0.498094
15591,129.925000,-0.673791,0.169395,0.497828
15592,129.933000,-0.674466,0.169316,0.497430
15593,129.942000,-0.674905,0.169355,0.496747
15594,129.950000,-0.674889,0.169412,0.496023
15595,129.958000,-0.674550,0.169450,0.495373
15596,129.967000,-0.673997,0.169392,0.494797
15597,129.975000,-0.673335,0.169388,0.494602
15598,129.983000,-0.672670,0.169418,0.494711
15599,129.992000,-0.671964,0.169445,0.495001
15600,130.000000,-0.671397,0.169514,0.495505
15601,130.008000,-0.671191,0.169550,0.496125
15602,130.017000,-0.671396,0.169486,0.496810
15603,130.025000,-0.671760,0.169412,0.497419
15604,130.033000,-0.672347,0.169411,0.497903
15605,130.042000,-0.673113,0.169388,0.498111
15606,130.050000,-0.673779,0.169399,0.497846
15607,130.058000,-0.674431,0.169331,0.497437
15608,130.067000,-0.674885,0.169351,0.496778
15609,130.075000,-0.674896,0.169409,0.496052
15610,130.083000,-0.674591,0.169436,0.495407
15611,130.092000,-0.674065,0.169399,0.494829
15612,130.100000,-0.673394,0.169381,0.494620
15613,130.108000,-0.672705,0.169402,0.494677
15614,130.117000,-0.671987,0.169469,0.494961
15615,130.125000,-0.671420,0.169523,0.495474
15616,130.133000,-0.671199,0.169561,0.496071
15617,130.142000,-0.671356,0.169500,0.496739
15618,130.150000,-0.671717,0.169423,0.497409
15619,130.158000,-0.672296,0.169420,0.497888
15620,130.167000,-0.673058,0.169388,0.498086
15621,130.175000,-0.673727,0.169395,0.497860
15622,130.183000,-0.674399,0.169316,0.497478
15623,130.192000,-0.674880,0.169325,0.496811
15624,130.200000,-0.674919,0.169387,0.496068
15625,130.208000,-0.674585,0.169443,0.495401
15626,130.217000,-0.674088,0.169377,0.494843
15627,130.225000,-0.673388,0.169378,0.494599
15628,130.233000,-0.672722,0.169400,0.494681
15629,130.242000,-0.672004,0.169439,0.494961
15630,130.250000,-0.671418,0.169525,0.495453
15631,130.258000,-0.671179,0.169565,0.496037
15632,130.267000,-0.671367,0.169498,0.496735
15633,130.275000,-0.671718,0.169404,0.497385
15634,130.283000,-0.672249,0.169434,0.497856
15635,130.292000,-0.673028,0.169396,0.498108
15636,130.300000,-0.673682,0.169416,0.497867
15637,130.308000,-0.674392,0.169332,0.497477
15638,130.317000,-0.674863,0.169351,0.496835
15639,130.325000,-0.674912,0.169400,0.496118
15640,130.333000,-0.674611,0.169431,0.495457
15641,130.342000,-0.674109,0.169376,0.494863
15642,130.350000,-0.673400,0.169381,0.494613
15643,130.358000,-0.672756,0.169404,0.494684
15644,130.367000,-0.672055,0.169457,0.494946
15645,130.375000,-0.671497,0.169508,0.495453
15646,130.383000,-0.671219,0.169552,0.496013
15647,130.392000,-0.671390,0.169499,0.496680
15648,130.400000,-0.671711,0.169402,0.497383
15649,130.408000,-0.672272,0.169410,0.497896
15650,130.417000,-0.672989,0.169388,0.498103
15651,130.425000,-0.673638,0.169418,0.497897
15652,130.433000,-0.674342,0.169336,0.497526
15653,130.442000,-0.674842,0.169343,0.496875
15654,130.450000,-0.674929,0.169400,0.496152
15655,130.458000,-0.674604,0.169461,0.495449
15656,130.467000,-0.674124,0.169406,0.494885
15657,130.475000,-0.673442,0.169393,0.494604
15658,130.483000,-0.672800,0.169420,0.494682
15659,130.492000,-0.672077,0.169460,0.494926
15660,130.500000,-0.671470,0.169508,0.495416
15661,130.508000,-0.671191,0.169565,0.495974
15662,130.517000,-0.671359,0.169515,0.496663
15663,130.525000,-0.671663,0.169415,0.497340
15664,130.533000,-0.672195,0.169403,0.497830
15665,130.542000,-0.672955,0.169401,0.498113
15666,130.550000,-0.673598,0.169417,0.497905
15667,130.558000,-0.674293,0.169347,0.497532
15668,130.567000,-0.674834,0.169355,0.496942
15669,130.575000,-0.674961,0.169384,0.496204
15670,130.583000,-0.674658,0.169436,0.495526
15671,130.592000,-0.674178,0.169408,0.494943
15672,130.600000,-0.673480,0.169376,0.494629
15673,130.608000,-0.672854,0.169401,0.494687
15674,130.617000,-0.672115,0.169463,0.494924
15675,130.625000,-0.671529,0.169507,0.495398
15676,130.633000,-0.671220,0.169566,0.495932
15677,130.642000,-0.671345,0.169530,0.496613
15678,130.650000,-0.671643,0.169423,0.497322
15679,130.658000,-0.672200,0.169397,0.497847
15680,130.667000,-0.672902,0.169412,0.498112
15681,130.675000,-0.673566,0.169416,0.497941
15682,130.683000,-0.674279,0.169349,0.497572
15683,130.692000,-0.674808,0.169316,0.496978
15684,130.700000,-0.674952,0.169371,0.496256
15685,130.708000,-0.674662,0.169429,0.495554
15686,130.717000,-0.674220,0.169401,0.494949
15687,130.725000,-0.673535,0.169385,0.494623
15688,130.733000,-0.672897,0.169401,0.494653
15689,130.742000,-0.672156,0.169440,0.494881
15690,130.750000,-0.671540,0.169502,0.495357
15691,130.758000,-0.671204,0.169559,0.495901
15692,130.767000,-0.671328,0.169497,0.496575
15693,130.775000,-0.671639,0.169398,0.497290
15694,130.783000,-0.672131,0.169381,0.497780
15695,130.792000,-0.672864,0.169396,0.498096
15696,130.800000,-0.673540,0.169406,0.497925
15697,130.808000,-0.674239,0.169354,0.497556
15698,130.817000,-0.674795,0.169320,0.497003
15699,130.825000,-0.674942,0.169386,0.496266
15700,130.833000,-0.674677,0.169436,0.495576
15701,130.842000,-0.674247,0.169409,0.494981
15702,130.850000,-0.673559,0.169370,0.494629
15703,130.858000,-0.672932,0.169400,0.494676
15704,130.867000,-0.672196,0.169444,0.494889
15705,130.875000,-0.671594,0.169508,0.495353
15706,130.883000,-0.671237,0.169570,0.495853
15707,130.892000,-0.671308,0.169545,0.496515
15708,130.900000,-0.671605,0.169420,0.497229
15709,130.908000,-0.672116,0.169425,0.497776
15710,130.917000,-0.672844,0.169405,0.498119
15711,130.925000,-0.673487,0.169424,0.497967
15712,130.933000,-0.674214,0.169358,0.497643
15713,130.942000,-0.674756,0.169330,0.497046
15714,130.950000,-0.674962,0.169372,0.496314
15715,130.958000,-0.674684,0.169449,0.495620
15716,130.967000,-0.674248,0.169433,0.495000
15717,130.975000,-0.673590,0.169407,0.494624
15718,130.983000,-0.672970,0.169414,0.494649
15719,130.992000,-0.672234,0.169455,0.494847
15720,131.000000,-0.671607,0.169494,0.495304
15721,131.008000,-0.671267,0.169560,0.495851
15722,131.017000,-0.671306,0.169529,0.496496
15723,131.025000,-0.671595,0.169418,0.497230
15724,131.033000,-0.672069,0.169407,0.497740
15725,131.042000,-0.672790,0.169396,0.498091
15726,131.050000,-0.673480,0.169422,0.497967
15727,131.058000,-0.674185,0.169377,0.497628
15728,131.067000,-0.674761,0.169307,0.497085
15729,131.075000,-0.674967,0.169375,0.496342
15730,131.083000,-0.674698,0.169443,0.495645
15731,131.092000,-0.674293,0.169423,0.495021
15732,131.100000,-0.673585,0.169378,0.494626
15733,131.108000,-0.672998,0.169418,0.494665
15734,131.117000,-0.672247,0.169455,0.494850
15735,131.125000,-0.671609,0.169498,0.495298
15736,131.133000,-0.671243,0.169544,0.495837
15737,131.142000,-0.671296,0.169524,0.496467
15738,131.150000,-0.671580,0.169427,0.497201
15739,131.158000,-0.672056,0.169401,0.497727
15740,131.167000,-0.672738,0.169405,0.498062
15741,131.175000,-0.673433,0.169426,0.497987
15742,131.183000,-0.674154,0.169381,0.497648
15743,131.192000,-0.674728,0.169316,0.497101
15744,131.200000,-0.674964,0.169353,0.496404
15745,131.208000,-0.674707,0.169423,0.495667
15746,131.217000,-0.674333,0.169405,0.495054
15747,131.225000,-0.673654,0.169379,0.494669
15748,131.233000,-0.673017,0.169388,0.494621
15749,131.242000,-0.672277,0.169447,0.494818
15750,131.250000,-0.671643,0.169478,0.495283
15751,131.258000,-0.671257,0.169548,0.495801
15752,131.267000,-0.671269,0.169524,0.496444
15753,131.275000,-0.671574,0.169434,0.497187
15754,131.283000,-0.672008,0.169401,0.497696
15755,131.292000,-0.672683,0.169402,0.498060
15756,131.300000,-0.673420,0.169413,0.498009
15757,131.308000,-0.674096,0.169364,0.497668
15758,131.317000,-0.674710,0.169321,0.497170
15759,131.325000,-0.674966,0.169370,0.496432
15760,131.333000,-0.674722,0.169435,0.495713
15761,131.342000,-0.674361,0.169408,0.495104
15762,131.350000,-0.673675,0.169378,0.494649
15763,131.358000,-0.673066,0.169392,0.494652
15764,131.367000,-0.672320,0.169454,0.494798
15765,131.375000,-0.671670,0.169487,0.495206
15766,131.383000,-0.671282,0.169544,0.495779
15767,131.392000,-0.671278,0.169535,0.496392
15768,131.400000,-0.671541,0.169446,0.497101
15769,131.408000,-0.671980,0.169408,0.497662
15770,131.417000,-0.672672,0.169412,0.498041
15771,131.425000,-0.673383,0.169418,0.498015
15772,131.433000,-0.674075,0.169378,0.497706
15773,131.442000,-0.674689,0.169307,0.497190
15774,131.450000,-0.674969,0.169348,0.496471
15775,131.458000,-0.674758,0.169446,0.495741
15776,131.467000,-0.674382,0.169439,0.495154
15777,131.475000,-0.673740,0.169385,0.494719
15778,131.483000,-0.673093,0.169380,0.494653
15779,131.492000,-0.672373,0.169420,0.494829
15780,131.500000,-0.671711,0.169469,0.495226
15781,131.508000,-0.671278,0.169536,0.495725
15782,131.517000,-0.671267,0.169534,0.496374
15783,131.525000,-0.671486,0.169451,0.497126
15784,131.533000,-0.671923,0.169402,0.497668
15785,131.542000,-0.672617,0.169407,0.498056
15786,131.550000,-0.673338,0.169430,0.498023
15787,131.558000,-0.674049,0.169354,0.497711
15788,131.567000,-0.674687,0.169309,0.497180
15789,131.575000,-0.674982,0.169353,0.496479
15790,131.583000,-0.674772,0.169440,0.495732
15791,131.592000,-0.674415,0.169417,0.495151
15792,131.600000,-0.673732,0.169387,0.494676
15793,131.608000,-0.673118,0.169385,0.494624
15794,131.617000,-0.672394,0.169431,0.494794
15795,131.625000,-0.671722,0.169484,0.495174
15796,131.633000,-0.671294,0.169556,0.495701
15797,131.642000,-0.671268,0.169529,0.496305
15798,131.650000,-0.671544,0.169430,0.497039
15799,131.658000,-0.671946,0.169385,0.497584
15800,131.667000,-0.672616,0.169405,0.498010
15801,131.675000,-0.673330,0.169406,0.498027
15802,131.683000,-0.674017,0.169359,0.497719
15803,131.692000,-0.674662,0.169306,0.497229
15804,131.700000,-0.674966,0.169346,0.496513
15805,131.708000,-0.674771,0.169424,0.495776
15806,131.717000,-0.674429,0.169412,0.495166
15807,131.725000,-0.673785,0.169362,0.494678
15808,131.733000,-0.673156,0.169378,0.494641
15809,131.742000,-0.672420,0.169432,0.494772
15810,131.750000,-0.671748,0.169466,0.495132
15811,131.758000,-0.671306,0.169534,0.495665
15812,131.767000,-0.671260,0.169539,0.496302
15813,131.775000,-0.671511,0.169466,0.497005
15814,131.783000,-0.671962,0.169409,0.497609
15815,131.792000,-0.672590,0.169443,0.497996
15816,131.800000,-0.673305,0.169408,0.498031
15817,131.808000,-0.674003,0.169388,0.497742
15818,131.817000,-0.674622,0.169320,0.497249
15819,131.825000,-0.674953,0.169369,0.496544
15820,131.833000,-0.674803,0.169425,0.495815
15821,131.842000,-0.674442,0.169433,0.495207
15822,131.850000,-0.673824,0.169402,0.494710
15823,131.858000,-0.673177,0.169390,0.494631
15824,131.867000,-0.672462,0.169455,0.494771
15825,131.875000,-0.671787,0.169481,0.495145
15826,131.883000,-0.671293,0.169545,0.495647
15827,131.892000,-0.671215,0.169548,0.496283
15828,131.900000,-0.671492,0.169466,0.496990
15829,131.908000,-0.671869,0.169417,0.497551
15830,131.917000,-0.672521,0.169444,0.497984
15831,131.925000,-0.673279,0.169422,0.498059
15832,131.933000,-0.673945,0.169388,0.497737
15833,131.942000,-0.674591,0.169324,0.497289
15834,131.950000,-0.674960,0.169355,0.496595
15835,131.958000,-0.674825,0.169425,0.495870
15836,131.967000,-0.674471,0.169429,0.495249
15837,131.975000,-0.673841,0.169398,0.494727
15838,131.983000,-0.673241,0.169365,0.494646
15839,131.992000,-0.672509,0.169435,0.494744
15840,132.000000,-0.671801,0.169469,0.495109
15841,132.008000,-0.671327,0.169530,0.495622
15842,132.017000,-0.671224,0.169543,0.496246
15843,132.025000,-0.671471,0.169460,0.496954
15844,132.033000,-0.671863,0.169419,0.497571
15845,132.042000,-0.672528,0.169422,0.497997
15846,132.050000,-0.673260,0.169408,0.498053
15847,132.058000,-0.673933,0.169395,0.497752
15848,132.067000,-0.674578,0.169302,0.497309
15849,132.075000,-0.674945,0.169348,0.496630
15850,132.083000,-0.674830,0.169432,0.495892
15851,132.092000,-0.674477,0.169437,0.495264
15852,132.100000,-0.673859,0.169385,0.494725
15853,132.108000,-0.673251,0.169386,0.494641
15854,132.117000,-0.672534,0.169429,0.494743
15855,132.125000,-0.671847,0.169468,0.495086
15856,132.133000,-0.671350,0.169541,0.495597
15857,132.142000,-0.671226,0.169548,0.496233
15858,132.150000,-0.671457,0.169474,0.496936
15859,132.158000,-0.671850,0.169403,0.497529
15860,132.167000,-0.672471,0.169401,0.497977
15861,132.175000,-0.673211,0.169403,0.498081
15862,132.183000,-0.673905,0.169390,0.497786
15863,132.192000,-0.674554,0.169330,0.497337
15864,132.200000,-0.674962,0.169349,0.496640
15865,132.208000,-0.674843,0.169419,0.495909
15866,132.217000,-0.674510,0.169425,0.495306
15867,132.225000,-0.673916,0.169408,0.494756
15868,132.233000,-0.673269,0.169378,0.494613
15869,132.242000,-0.672554,0.169430,0.494726
15870,132.250000,-0.671866,0.169474,0.495053
15871,132.258000,-0.671362,0.169523,0.495616
15872,132.267000,-0.671184,0.169574,0.496203
15873,132.275000,-0.671442,0.169492,0.496908
15874,132.283000,-0.671825,0.169411,0.497505
15875,132.292000,-0.672454,0.169406,0.497957
15876,132.300000,-0.673191,0.169414,0.498080
15877,132.308000,-0.673867,0.169403,0.497789
15878,132.317000,-0.674523,0.169315,0.497359
15879,132.325000,-0.674944,0.169335,0.496666
15880,132.333000,-0.674882,0.169406,0.495931
15881,132.342000,-0.674536,0.169431,0.495321
15882,132.350000,-0.673945,0.169402,0.494772
15883,132.358000,-0.673306,0.169371,0.494641
15884,132.367000,-0.672598,0.169413,0.494745
15885,132.375000,-0.671896,0.169454,0.495056
15886,132.383000,-0.671366,0.169538,0.495542
15887,132.392000,-0.671208,0.169540,0.496163
15888,132.400000,-0.671454,0.169485,0.496885
15889,132.408000,-0.671804,0.169413,0.497484
15890,132.417000,-0.672392,0.169419,0.497945
15891,132.425000,-0.673163,0.169424,0.498092
15892,132.433000,-0.673809,0.169413,0.497793
15893,132.442000,-0.674500,0.169332,0.497379
15894,132.450000,-0.674939,0.169357,0.496709
15895,132.458000,-0.674882,0.169418,0.495969
15896,132.467000,-0.674548,0.169444,0.495342
15897,132.475000,-0.673976,0.169402,0.494778
15898,132.483000,-0.673299,0.169363,0.494624
15899,132.492000,-0.672630,0.169421,0.494721
15900,132.500000,-0.671908,0.169475,0.495025
15901,132.508000,-0.671366,0.169547,0.495538
15902,132.517000,-0.671194,0.169556,0.496127
15903,132.525000,-0.671414,0.169476,0.496843
15904,132.533000,-0.671761,0.169429,0.497434
15905,132.542000,-0.672369,0.169420,0.497904
15906,132.550000,-0.673160,0.169404,0.498121
15907,132.558000,-0.673810,0.169395,0.497815
15908,132.567000,-0.674465,0.169336,0.497397
15909,132.575000,-0.674912,0.169357,0.496732
15910,132.583000,-0.674883,0.169408,0.495989
15911,132.592000,-0.674548,0.169438,0.495358
15912,132.600000,-0.674032,0.169398,0.494804
15913,132.608000,-0.673350,0.169392,0.494591
15914,132.617000,-0.672675,0.169414,0.494695
15915,132.625000,-0.671946,0.169467,0.495004
15916,132.633000,-0.671386,0.169538,0.495508
15917,132.642000,-0.671194,0.169567,0.496105
15918,132.650000,-0.671383,0.169499,0.496812
15919,132.658000,-0.671754,0.169398,0.497449
15920,132.667000,-0.672355,0.169411,0.497903
15921,132.675000,-0.673096,0.169386,0.498070
15922,132.683000,-0.673752,0.169388,0.497857
15923,132.692000,-0.674421,0.169328,0.497443
15924,132.700000,-0.674881,0.169355,0.496782
15925,132.708000,-0.674894,0.169405,0.496035
15926,132.717000,-0.674574,0.169436,0.495399
15927,132.725000,-0.674025,0.169395,0.494811
15928,132.733000,-0.673371,0.169380,0.494635
15929,132.742000,-0.672706,0.169410,0.494725
15930,132.750000,-0.671978,0.169452,0.495002
15931,132.758000,-0.671419,0.169518,0.495492
15932,132.767000,-0.671174,0.169575,0.496062
15933,132.775000,-0.671368,0.169511,0.496785
15934,132.783000,-0.671717,0.169419,0.497405
15935,132.792000,-0.672281,0.169403,0.497875
15936,132.800000,-0.673074,0.169389,0.498099
15937,132.808000,-0.673735,0.169400,0.497856
15938,132.817000,-0.674405,0.169327,0.497460
15939,132.825000,-0.674882,0.169335,0.496811
15940,132.833000,-0.674902,0.169394,0.496062
15941,132.842000,-0.674589,0.169432,0.495406
15942,132.850000,-0.674066,0.169390,0.494831
15943,132.858000,-0.673378,0.169382,0.494591
15944,132.867000,-0.672737,0.169401,0.494693
15945,132.875000,-0.672012,0.169460,0.494978
15946,132.883000,-0.671432,0.169523,0.495474
15947,132.892000,-0.671189,0.169559,0.496043
15948,132.900000,-0.671359,0.169492,0.496734
15949,132.908000,-0.671704,0.169412,0.497413
15950,132.917000,-0.672291,0.169406,0.497904
15951,132.925000,-0.673015,0.169403,0.498087
15952,132.933000,-0.673707,0.169398,0.497883
15953,132.942000,-0.674392,0.169328,0.497478
15954,132.950000,-0.674860,0.169341,0.496828
15955,132.958000,-0.674925,0.169414,0.496117
15956,132.967000,-0.674588,0.169438,0.495434
15957,132.975000,-0.674096,0.169400,0.494858
15958,132.983000,-0.673436,0.169388,0.494623
15959,132.992000,-0.672769,0.169407,0.494681
15960,133.000000,-0.672042,0.169454,0.494934
15961,133.008000,-0.671464,0.169526,0.495422
15962,133.017000,-0.671192,0.169564,0.496013
15963,133.025000,-0.671355,0.169516,0.496686
15964,133.033000,-0.671696,0.169406,0.497334
15965,133.042000,-0.672245,0.169393,0.497826
15966,133.050000,-0.672980,0.169411,0.498092
15967,133.058000,-0.673639,0.169404,0.497855
15968,133.067000,-0.674358,0.169344,0.497499
15969,133.075000,-0.674866,0.169332,0.496884
15970,133.083000,-0.674947,0.169384,0.496133
15971,133.092000,-0.674626,0.169442,0.495463
15972,133.100000,-0.674125,0.169392,0.494859
15973,133.108000,-0.673445,0.169380,0.494590
15974,133.117000,-0.672803,0.169402,0.494674
15975,133.125000,-0.672065,0.169452,0.494933
15976,133.133000,-0.671489,0.169507,0.495424
15977,133.142000,-0.671203,0.169570,0.495985
15978,133.150000,-0.671340,0.169505,0.496663
15979,133.158000,-0.671682,0.169415,0.497361
15980,133.167000,-0.672233,0.169402,0.497881
15981,133.175000,-0.672919,0.169419,0.498096
15982,133.183000,-0.673606,0.169435,0.497894
15983,133.192000,-0.674324,0.169364,0.497525
15984,133.200000,-0.674819,0.169341,0.496908
15985,133.208000,-0.674937,0.169397,0.496179
15986,133.217000,-0.674637,0.169429,0.495498
15987,133.225000,-0.674171,0.169400,0.494888
15988,133.233000,-0.673487,0.169383,0.494627
15989,133.242000,-0.672818,0.169401,0.494658
15990,133.250000,-0.672076,0.169470,0.494899
15991,133.258000,-0.671488,0.169511,0.495380
15992,133.267000,-0.671218,0.169568,0.495955
15993,133.275000,-0.671340,0.169513,0.496634
15994,133.283000,-0.671670,0.169415,0.497316
15995,133.292000,-0.672179,0.169390,0.497812
15996,133.300000,-0.672931,0.169404,0.498084
15997,133.308000,-0.673578,0.169421,0.497920
15998,133.317000,-0.674271,0.169368,0.497556
15999,133.325000,-0.674807,0.169353,0.496962
16000,133.333000,-0.674945,0.169397,0.496237
16001,133.342000,-0.674649,0.169461,0.495548
16002,133.350000,-0.674227,0.169428,0.494964
16003,133.358000,-0.673516,0.169386,0.494634
16004,133.367000,-0.672883,0.169412,0.494666
16005,133.375000,-0.672149,0.169458,0.494909
16006,133.383000,-0.671530,0.169520,0.495364
16007,133.392000,-0.671225,0.169559,0.495911
16008,133.400000,-0.671326,0.169521,0.496580
16009,133.408000,-0.671647,0.169401,0.497298
16010,133.417000,-0.672184,0.169415,0.497819
16011,133.425000,-0.672901,0.169396,0.498102
16012,133.433000,-0.673552,0.169402,0.497941
16013,133.442000,-0.674253,0.169353,0.497583
16014,133.450000,-0.674782,0.169330,0.496971
16015,133.458000,-0.674948,0.169369,0.496252
16016,133.467000,-0.674662,0.169456,0.495532
16017,133.475000,-0.674234,0.169413,0.494940
16018,133.483000,-0.673559,0.169389,0.494622
16019,133.492000,-0.672904,0.169394,0.494641
16020,133.500000,-0.672179,0.169436,0.494882
16021,133.508000,-0.671567,0.169499,0.495365
16022,133.517000,-0.671229,0.169555,0.495882
16023,133.525000,-0.671309,0.169522,0.496535
16024,133.533000,-0.671640,0.169423,0.497264
16025,133.542000,-0.672126,0.169391,0.497785
16026,133.550000,-0.672845,0.169390,0.498102
16027,133.558000,-0.673521,0.169411,0.497946
16028,133.567000,-0.674231,0.169350,0.497593
16029,133.575000,-0.674771,0.169335,0.497024
16030,133.583000,-0.674951,0.169386,0.496301
16031,133.592000,-0.674673,0.169442,0.495594
16032,133.600000,-0.674262,0.169406,0.494988
16033,133.608000,-0.673572,0.169372,0.494629
16034,133.617000,-0.672955,0.169388,0.494660
16035,133.625000,-0.672217,0.169445,0.494871
16036,133.633000,-0.671584,0.169494,0.495314
16037,133.642000,-0.671232,0.169538,0.495871
16038,133.650000,-0.671297,0.169531,0.496522
16039,133.658000,-0.671584,0.169423,0.497209
16040,133.667000,-0.672100,0.169388,0.497759
16041,133.675000,-0.672816,0.169382,0.498109
16042,133.683000,-0.673471,0.169412,0.497948
16043,133.692000,-0.674203,0.169347,0.497618
16044,133.700000,-0.674758,0.169320,0.497068
16045,133.708000,-0.674974,0.169368,0.496338
16046,133.717000,-0.674717,0.169441,0.495612
16047,133.725000,-0.674296,0.169413,0.495006
16048,133.733000,-0.673617,0.169388,0.494629
16049,133.742000,-0.672999,0.169372,0.494632
16050,133.750000,-0.672242,0.169435,0.494828
16051,133.758000,-0.671633,0.169497,0.495293
16052,133.767000,-0.671239,0.169586,0.495802
16053,133.775000,-0.671302,0.169544,0.496455
16054,133.783000,-0.671591,0.169424,0.497196
16055,133.792000,-0.672053,0.169408,0.497690
16056,133.800000,-0.672777,0.169415,0.498047
16057,133.808000,-0.673464,0.169432,0.497938
16058,133.817000,-0.674167,0.169368,0.497611
16059,133.825000,-0.674746,0.169353,0.497076
16060,133.833000,-0.674956,0.169389,0.496339
16061,133.842000,-0.674714,0.169466,0.495639
16062,133.850000,-0.674294,0.169459,0.494985
16063,133.858000,-0.673628,0.169404,0.494580
16064,133.867000,-0.673013,0.169430,0.494604
16065,133.875000,-0.672273,0.169468,0.494797
16066,133.883000,-0.671624,0.169513,0.495235
16067,133.892000,-0.671268,0.169588,0.495766
16068,133.900000,-0.671314,0.169561,0.496415
16069,133.908000,-0.671573,0.169467,0.497137
16070,133.917000,-0.671997,0.169431,0.497636
16071,133.925000,-0.672721,0.169439,0.498031
16072,133.933000,-0.673421,0.169458,0.497944
16073,133.942000,-0.674142,0.169379,0.497628
16074,133.950000,-0.674725,0.169352,0.497109
16075,133.958000,-0.674970,0.169391,0.496375
16076,133.967000,-0.674718,0.169465,0.495643
16077,133.975000,-0.674343,0.169441,0.495042
16078,133.983000,-0.673689,0.169420,0.494646
16079,133.992000,-0.673048,0.169422,0.494618
16080,134.000000,-0.672308,0.169467,0.494792
16081,134.008000,-0.671696,0.169510,0.495229
16082,134.017000,-0.671279,0.169569,0.495738
16083,134.025000,-0.671302,0.169563,0.496412
16084,134.033000,-0.671578,0.169462,0.497129
16085,134.042000,-0.672022,0.169419,0.497671
16086,134.050000,-0.672688,0.169409,0.498051
16087,134.058000,-0.673388,0.169429,0.497992
16088,134.067000,-0.674073,0.169393,0.497677
16089,134.075000,-0.674676,0.169316,0.497177
16090,134.083000,-0.674957,0.169359,0.496450
16091,134.092000,-0.674739,0.169438,0.495724
16092,134.100000,-0.674364,0.169419,0.495122
16093,134.108000,-0.673703,0.169402,0.494674
16094,134.117000,-0.673093,0.169400,0.494650
16095,134.125000,-0.672344,0.169454,0.494797
16096,134.133000,-0.671692,0.169485,0.495214
16097,134.142000,-0.671276,0.169553,0.495757
16098,134.150000,-0.671263,0.169537,0.496365
16099,134.158000,-0.671530,0.169459,0.497109
16100,134.167000,-0.671948,0.169419,0.497628
16101,134.175000,-0.672650,0.169421,0.498018
16102,134.183000,-0.673385,0.169412,0.498012
16103,134.192000,-0.674064,0.169359,0.497709
16104,134.200000,-0.674671,0.169302,0.497214
16105,134.208000,-0.674964,0.169357,0.496480
16106,134.217000,-0.674761,0.169442,0.495751
16107,134.225000,-0.674387,0.169428,0.495137
16108,134.233000,-0.673728,0.169395,0.494654
16109,134.242000,-0.673120,0.169397,0.494630
16110,134.250000,-0.672382,0.169449,0.494789
16111,134.258000,-0.671733,0.169467,0.495173
16112,134.267000,-0.671293,0.169536,0.495680
16113,134.275000,-0.671250,0.169544,0.496312
16114,134.283000,-0.671519,0.169464,0.497037
16115,134.292000,-0.671940,0.169415,0.497607
16116,134.300000,-0.672594,0.169418,0.498015
16117,134.308000,-0.673313,0.169408,0.498026
16118,134.317000,-0.674014,0.169400,0.497703
16119,134.325000,-0.674647,0.169312,0.497237
16120,134.333000,-0.674947,0.169357,0.496534
16121,134.342000,-0.674770,0.169444,0.495785
16122,134.350000,-0.674409,0.169438,0.495173
16123,134.358000,-0.673782,0.169393,0.494710
16124,134.367000,-0.673162,0.169380,0.494663
16125,134.375000,-0.672431,0.169422,0.494806
16126,134.383000,-0.671766,0.169470,0.495160
16127,134.392000,-0.671316,0.169523,0.495706
16128,134.400000,-0.671223,0.169532,0.496307
16129,134.408000,-0.671494,0.169455,0.497043
16130,134.417000,-0.671874,0.169406,0.497591
16131,134.425000,-0.672528,0.169413,0.497988
16132,134.433000,-0.673282,0.169420,0.498089
16133,134.442000,-0.673961,0.169384,0.497769
16134,134.450000,-0.674616,0.169315,0.497302
16135,134.458000,-0.674968,0.169368,0.496580
16136,134.467000,-0.674806,0.169441,0.495844
16137,134.475000,-0.674477,0.169433,0.495266
16138,134.483000,-0.673842,0.169396,0.494748
16139,134.492000,-0.673209,0.169384,0.494622
16140,134.500000,-0.672511,0.169436,0.494770
16141,134.508000,-0.671808,0.169475,0.495101
16142,134.517000,-0.671311,0.169541,0.495658
16143,134.525000,-0.671225,0.169539,0.496259
16144,134.533000,-0.671479,0.169466,0.496948
16145,134.542000,-0.671875,0.169390,0.497576
16146,134.550000,-0.672519,0.169414,0.498013
16147,134.558000,-0.673243,0.169396,0.498064
16148,134.567000,-0.673906,0.169388,0.497770
16149,134.575000,-0.674579,0.169317,0.497331
16150,134.583000,-0.674938,0.169331,0.496646
16151,134.592000,-0.674828,0.169415,0.495876
16152,134.600000,-0.674488,0.169417,0.495296
16153,134.608000,-0.673867,0.169391,0.494739
16154,134.617000,-0.673232,0.169380,0.494623
16155,134.625000,-0.672527,0.169421,0.494745
16156,134.633000,-0.671832,0.169465,0.495097
16157,134.642000,-0.671328,0.169550,0.495593
16158,134.650000,-0.671195,0.169548,0.496236
16159,134.658000,-0.671459,0.169483,0.496944
16160,134.667000,-0.671838,0.169413,0.497550
16161,134.675000,-0.672455,0.169419,0.497981
16162,134.683000,-0.673206,0.169419,0.498088
16163,134.692000,-0.673874,0.169405,0.497771
16164,134.700000,-0.674540,0.169319,0.497352
16165,134.708000,-0.674931,0.169362,0.496658
16166,134.717000,-0.674853,0.169417,0.495912
16167,134.725000,-0.674514,0.169432,0.495311
16168,134.733000,-0.673916,0.169395,0.494756
16169,134.742000,-0.673276,0.169375,0.494629
16170,134.750000,-0.672567,0.169420,0.494727
16171,134.758000,-0.671863,0.169443,0.495059
16172,134.767000,-0.671345,0.169541,0.495559
16173,134.775000,-0.671211,0.169554,0.496172
16174,134.783000,-0.671442,0.169486,0.496891
16175,134.792000,-0.671795,0.169407,0.497493
16176,134.800000,-0.672422,0.169411,0.497962
16177,134.808000,-0.673180,0.169404,0.498105
16178,134.817000,-0.673834,0.169421,0.497794
16179,134.825000,-0.674514,0.169316,0.497376
16180,134.833000,-0.674918,0.169344,0.496673
16181,134.842000,-0.674859,0.169429,0.495932
16182,134.850000,-0.674528,0.169436,0.495334
16183,134.858000,-0.673967,0.169395,0.494792
16184,134.867000,-0.673289,0.169378,0.494623
16185,134.875000,-0.672574,0.169436,0.494713
16186,134.883000,-0.671896,0.169458,0.495050
16187,134.892000,-0.671356,0.169528,0.495522
16188,134.900000,-0.671184,0.169561,0.496140
16189,134.908000,-0.671416,0.169495,0.496846
16190,134.917000,-0.671781,0.169407,0.497445
16191,134.925000,-0.672383,0.169411,0.497935
16192,134.933000,-0.673154,0.169412,0.498072
16193,134.942000,-0.673803,0.169404,0.497819
16194,134.950000,-0.674483,0.169333,0.497401
16195,134.958000,-0.674914,0.169342,0.496726
16196,134.967000,-0.674873,0.169410,0.495982
16197,134.975000,-0.674555,0.169431,0.495346
16198,134.983000,-0.673982,0.169394,0.494764
16199,134.992000,-0.673326,0.169366,0.494618
16200,135.000000,-0.672642,0.169423,0.494706
16201,135.008000,-0.671942,0.169457,0.494997
16202,135.017000,-0.671403,0.169522,0.495520
16203,135.025000,-0.671216,0.169556,0.496108
16204,135.033000,-0.671399,0.169487,0.496813
16205,135.042000,-0.671760,0.169392,0.497442
16206,135.050000,-0.672340,0.169422,0.497908
16207,135.058000,-0.673125,0.169379,0.498090
16208,135.067000,-0.673770,0.169386,0.497829
16209,135.075000,-0.674436,0.169333,0.497443
16210,135.083000,-0.674897,0.169341,0.496763
16211,135.092000,-0.674896,0.169399,0.496047
16212,135.100000,-0.674563,0.169438,0.495379
16213,135.108000,-0.674031,0.169397,0.494812
16214,135.117000,-0.673371,0.169375,0.494619
16215,135.125000,-0.672684,0.169402,0.494689
16216,135.133000,-0.671972,0.169459,0.494962
16217,135.142000,-0.671404,0.169509,0.495486
16218,135.150000,-0.671197,0.169541,0.496072
16219,135.158000,-0.671376,0.169486,0.496760
16220,135.167000,-0.671743,0.169397,0.497437
16221,135.175000,-0.672311,0.169417,0.497900
16222,135.183000,-0.673042,0.169396,0.498103
16223,135.192000,-0.673713,0.169409,0.497872
16224,135.200000,-0.674410,0.169317,0.497457
16225,135.208000,-0.674877,0.169330,0.496805
16226,135.217000,-0.674898,0.169400,0.496071
16227,135.225000,-0.674585,0.169430,0.495420
16228,135.233000,-0.674075,0.169398,0.494821
16229,135.242000,-0.673388,0.169373,0.494588
16230,135.250000,-0.672733,0.169394,0.494675
16231,135.258000,-0.672017,0.169458,0.494964
16232,135.267000,-0.671449,0.169510,0.495460
16233,135.275000,-0.671193,0.169559,0.496031
16234,135.283000,-0.671357,0.169503,0.496733
16235,135.292000,-0.671715,0.169416,0.497366
16236,135.300000,-0.672275,0.169413,0.497887
16237,135.308000,-0.673029,0.169395,0.498096
16238,135.317000,-0.673682,0.169413,0.497863
16239,135.325000,-0.674392,0.169340,0.497484
16240,135.333000,-0.674864,0.169340,0.496836
16241,135.342000,-0.674924,0.169401,0.496126
16242,135.350000,-0.674602,0.169426,0.495454
16243,135.358000,-0.674119,0.169381,0.494870
16244,135.367000,-0.673416,0.169384,0.494607
16245,135.375000,-0.672761,0.169417,0.494666
16246,135.383000,-0.672053,0.169451,0.494944
16247,135.392000,-0.671465,0.169520,0.495437
16248,135.400000,-0.671184,0.169550,0.496002
16249,135.408000,-0.671365,0.169502,0.496686
16250,135.417000,-0.671685,0.169415,0.497384
16251,135.425000,-0.672236,0.169418,0.497867
16252,135.433000,-0.672949,0.169405,0.498088
16253,135.442000,-0.673621,0.169411,0.497898
16254,135.450000,-0.674353,0.169331,0.497514
16255,135.458000,-0.674831,0.169334,0.496874
